{"level":"INFO","message":"[2:14:45.921 PM]: Creating new connection object"}
{"level":"INFO","message":"[2:14:45.931 PM]: Creating Connection[id: d32517cb-df41-421c-b5c0-e7b12008f393] with host: RMCVKYD-LK80402.snowflakecomputing.com, account: RMCVKYD-LK80402, accessUrl: https://RMCVKYD-LK80402.snowflakecomputing.com, user: TULIPRAAJ007, password is provided, role: undefined, database: ASSETERA, schema: PUBLIC, warehouse: CI_WH, region: undefined, authenticator: SNOWFLAKE, ocsp mode: FAIL_OPEN, os: win32, os version: 10.0.20348"}
{"level":"INFO","message":"[2:14:45.932 PM]: Connection[id: d32517cb-df41-421c-b5c0-e7b12008f393] additional details: passcode in password is provided, passcode is not provided, private key is not provided, application: undefined, client name: snowflake-sdk, client version: 1.15.0, retry timeout: 300, private key path: undefined, private key pass is not provided, client store temporary credential: false, browser response timeout: 120000"}
{"level":"INFO","message":"[2:14:45.933 PM]: Connection[id: d32517cb-df41-421c-b5c0-e7b12008f393] - connection object created successfully."}
{"level":"INFO","message":"[2:14:45.952 PM]: Connection[id: d32517cb-df41-421c-b5c0-e7b12008f393] - connecting. Associated Snowflake domain: GLOBAL"}
{"level":"INFO","message":"[2:14:45.952 PM]: Connection[id: d32517cb-df41-421c-b5c0-e7b12008f393] - authentication successful using: SNOWFLAKE"}
{"level":"INFO","message":"[2:14:45.966 PM]: Trying to initialize Easy Logging"}
{"level":"INFO","message":"[2:14:45.969 PM]: No client config detected."}
{"level":"INFO","message":"[2:14:45.969 PM]: No config file path found. Client config will not be used."}
{"level":"INFO","message":"[2:14:45.970 PM]: Easy Logging is disabled as no config has been found"}
{"level":"INFO","message":"[2:14:45.974 PM]: Connection[id: d32517cb-df41-421c-b5c0-e7b12008f393] - connected successfully after 22.29969999997411 milliseconds"}
{"level":"INFO","message":"[2:15:22.465 PM]: Creating new connection object"}
{"level":"INFO","message":"[2:15:22.473 PM]: Creating Connection[id: 41e31f1a-36dc-4c70-9ebd-983a6dda960f] with host: RMCVKYD-LK80402.snowflakecomputing.com, account: RMCVKYD-LK80402, accessUrl: https://RMCVKYD-LK80402.snowflakecomputing.com, user: TULIPRAAJ007, password is provided, role: undefined, database: ASSETERA, schema: PUBLIC, warehouse: CI_WH, region: undefined, authenticator: SNOWFLAKE, ocsp mode: FAIL_OPEN, os: win32, os version: 10.0.20348"}
{"level":"INFO","message":"[2:15:22.474 PM]: Connection[id: 41e31f1a-36dc-4c70-9ebd-983a6dda960f] additional details: passcode in password is provided, passcode is not provided, private key is not provided, application: undefined, client name: snowflake-sdk, client version: 1.15.0, retry timeout: 300, private key path: undefined, private key pass is not provided, client store temporary credential: false, browser response timeout: 120000"}
{"level":"INFO","message":"[2:15:22.474 PM]: Connection[id: 41e31f1a-36dc-4c70-9ebd-983a6dda960f] - connection object created successfully."}
{"level":"INFO","message":"[2:15:22.484 PM]: Connection[id: 41e31f1a-36dc-4c70-9ebd-983a6dda960f] - connecting. Associated Snowflake domain: GLOBAL"}
{"level":"INFO","message":"[2:15:22.486 PM]: Connection[id: 41e31f1a-36dc-4c70-9ebd-983a6dda960f] - authentication successful using: SNOWFLAKE"}
{"level":"INFO","message":"[2:15:22.486 PM]: Trying to initialize Easy Logging"}
{"level":"INFO","message":"[2:15:22.488 PM]: No client config detected."}
{"level":"INFO","message":"[2:15:22.488 PM]: No config file path found. Client config will not be used."}
{"level":"INFO","message":"[2:15:22.490 PM]: Easy Logging is disabled as no config has been found"}
{"level":"INFO","message":"[2:15:22.504 PM]: Connection[id: 41e31f1a-36dc-4c70-9ebd-983a6dda960f] - connected successfully after 19.354500000015832 milliseconds"}
{"level":"INFO","message":"[2:15:35.049 PM]: Creating new connection object"}
{"level":"INFO","message":"[2:15:35.054 PM]: Creating Connection[id: 4d1b7b1a-47cb-445b-b70b-c4371622aef4] with host: RMCVKYD-LK80402.snowflakecomputing.com, account: RMCVKYD-LK80402, accessUrl: https://RMCVKYD-LK80402.snowflakecomputing.com, user: TULIPRAAJ007, password is provided, role: undefined, database: ASSETERA, schema: PUBLIC, warehouse: CI_WH, region: undefined, authenticator: SNOWFLAKE, ocsp mode: FAIL_OPEN, os: win32, os version: 10.0.20348"}
{"level":"INFO","message":"[2:15:35.055 PM]: Connection[id: 4d1b7b1a-47cb-445b-b70b-c4371622aef4] additional details: passcode in password is provided, passcode is not provided, private key is not provided, application: undefined, client name: snowflake-sdk, client version: 1.15.0, retry timeout: 300, private key path: undefined, private key pass is not provided, client store temporary credential: false, browser response timeout: 120000"}
{"level":"INFO","message":"[2:15:35.056 PM]: Connection[id: 4d1b7b1a-47cb-445b-b70b-c4371622aef4] - connection object created successfully."}
{"level":"INFO","message":"[2:15:35.064 PM]: Connection[id: 4d1b7b1a-47cb-445b-b70b-c4371622aef4] - connecting. Associated Snowflake domain: GLOBAL"}
{"level":"INFO","message":"[2:15:35.065 PM]: Connection[id: 4d1b7b1a-47cb-445b-b70b-c4371622aef4] - authentication successful using: SNOWFLAKE"}
{"level":"INFO","message":"[2:15:35.065 PM]: Trying to initialize Easy Logging"}
{"level":"INFO","message":"[2:15:35.069 PM]: No client config detected."}
{"level":"INFO","message":"[2:15:35.069 PM]: No config file path found. Client config will not be used."}
{"level":"INFO","message":"[2:15:35.070 PM]: Easy Logging is disabled as no config has been found"}
{"level":"INFO","message":"[2:15:35.085 PM]: Connection[id: 4d1b7b1a-47cb-445b-b70b-c4371622aef4] - connected successfully after 21.018500000005588 milliseconds"}
{"level":"INFO","message":"[2:15:39.797 PM]: Connection[id: 4d1b7b1a-47cb-445b-b70b-c4371622aef4] - connecting. Associated Snowflake domain: GLOBAL"}
{"level":"INFO","message":"[2:15:39.798 PM]: Connection[id: 4d1b7b1a-47cb-445b-b70b-c4371622aef4] - authentication successful using: SNOWFLAKE"}
{"level":"INFO","message":"[2:15:39.799 PM]: Connection[id: 4d1b7b1a-47cb-445b-b70b-c4371622aef4] - connected successfully after 2.092000000004191 milliseconds"}
{"level":"INFO","message":"[2:15:43.450 PM]: Creating new connection object"}
{"level":"INFO","message":"[2:15:43.455 PM]: Creating Connection[id: 40a83c60-3cdc-455c-8585-af57dcf34d45] with host: RMCVKYD-LK80402.snowflakecomputing.com, account: RMCVKYD-LK80402, accessUrl: https://RMCVKYD-LK80402.snowflakecomputing.com, user: TULIPRAAJ007, password is provided, role: undefined, database: ASSETERA, schema: PUBLIC, warehouse: CI_WH, region: undefined, authenticator: SNOWFLAKE, ocsp mode: FAIL_OPEN, os: win32, os version: 10.0.20348"}
{"level":"INFO","message":"[2:15:43.456 PM]: Connection[id: 40a83c60-3cdc-455c-8585-af57dcf34d45] additional details: passcode in password is provided, passcode is not provided, private key is not provided, application: undefined, client name: snowflake-sdk, client version: 1.15.0, retry timeout: 300, private key path: undefined, private key pass is not provided, client store temporary credential: false, browser response timeout: 120000"}
{"level":"INFO","message":"[2:15:43.457 PM]: Connection[id: 40a83c60-3cdc-455c-8585-af57dcf34d45] - connection object created successfully."}
{"level":"INFO","message":"[2:15:43.463 PM]: Connection[id: 40a83c60-3cdc-455c-8585-af57dcf34d45] - connecting. Associated Snowflake domain: GLOBAL"}
{"level":"INFO","message":"[2:15:43.463 PM]: Connection[id: 40a83c60-3cdc-455c-8585-af57dcf34d45] - authentication successful using: SNOWFLAKE"}
{"level":"INFO","message":"[2:15:43.464 PM]: Trying to initialize Easy Logging"}
{"level":"INFO","message":"[2:15:43.467 PM]: No client config detected."}
{"level":"INFO","message":"[2:15:43.468 PM]: No config file path found. Client config will not be used."}
{"level":"INFO","message":"[2:15:43.469 PM]: Easy Logging is disabled as no config has been found"}
{"level":"INFO","message":"[2:15:43.481 PM]: Connection[id: 40a83c60-3cdc-455c-8585-af57dcf34d45] - connected successfully after 18.590700000000652 milliseconds"}
{"level":"INFO","message":"[2:16:28.372 PM]: Connection[id: 40a83c60-3cdc-455c-8585-af57dcf34d45] - connecting. Associated Snowflake domain: GLOBAL"}
{"level":"INFO","message":"[2:16:28.373 PM]: Connection[id: 40a83c60-3cdc-455c-8585-af57dcf34d45] - authentication successful using: SNOWFLAKE"}
{"level":"INFO","message":"[2:16:28.374 PM]: Connection[id: 40a83c60-3cdc-455c-8585-af57dcf34d45] - connected successfully after 1.7192999999970198 milliseconds"}
{"level":"INFO","message":"[2:16:30.397 PM]: Connection[id: 40a83c60-3cdc-455c-8585-af57dcf34d45] - connecting. Associated Snowflake domain: GLOBAL"}
{"level":"INFO","message":"[2:16:30.399 PM]: Connection[id: 40a83c60-3cdc-455c-8585-af57dcf34d45] - authentication successful using: SNOWFLAKE"}
{"level":"INFO","message":"[2:16:30.399 PM]: Connection[id: 40a83c60-3cdc-455c-8585-af57dcf34d45] - connected successfully after 1.6275000000023283 milliseconds"}
{"level":"INFO","message":"[2:16:31.453 PM]: Connection[id: 40a83c60-3cdc-455c-8585-af57dcf34d45] - connecting. Associated Snowflake domain: GLOBAL"}
{"level":"INFO","message":"[2:16:31.454 PM]: Connection[id: 40a83c60-3cdc-455c-8585-af57dcf34d45] - authentication successful using: SNOWFLAKE"}
{"level":"INFO","message":"[2:16:31.454 PM]: Connection[id: 40a83c60-3cdc-455c-8585-af57dcf34d45] - connected successfully after 1.5341000000189524 milliseconds"}
{"level":"INFO","message":"[2:16:32.477 PM]: Connection[id: 40a83c60-3cdc-455c-8585-af57dcf34d45] - connecting. Associated Snowflake domain: GLOBAL"}
{"level":"INFO","message":"[2:16:32.478 PM]: Connection[id: 40a83c60-3cdc-455c-8585-af57dcf34d45] - authentication successful using: SNOWFLAKE"}
{"level":"INFO","message":"[2:16:32.478 PM]: Connection[id: 40a83c60-3cdc-455c-8585-af57dcf34d45] - connected successfully after 1.805900000006659 milliseconds"}
{"level":"INFO","message":"[2:16:34.499 PM]: Connection[id: 40a83c60-3cdc-455c-8585-af57dcf34d45] - connecting. Associated Snowflake domain: GLOBAL"}
{"level":"INFO","message":"[2:16:34.500 PM]: Connection[id: 40a83c60-3cdc-455c-8585-af57dcf34d45] - authentication successful using: SNOWFLAKE"}
{"level":"INFO","message":"[2:16:34.501 PM]: Connection[id: 40a83c60-3cdc-455c-8585-af57dcf34d45] - connected successfully after 1.9034999999857973 milliseconds"}
{"level":"INFO","message":"[2:16:35.079 PM]: Connection[id: 40a83c60-3cdc-455c-8585-af57dcf34d45] - connecting. Associated Snowflake domain: GLOBAL"}
{"level":"INFO","message":"[2:16:35.080 PM]: Connection[id: 40a83c60-3cdc-455c-8585-af57dcf34d45] - authentication successful using: SNOWFLAKE"}
{"level":"INFO","message":"[2:16:35.080 PM]: Connection[id: 40a83c60-3cdc-455c-8585-af57dcf34d45] - connected successfully after 1.737200000003213 milliseconds"}
{"level":"INFO","message":"[2:16:36.103 PM]: Connection[id: 40a83c60-3cdc-455c-8585-af57dcf34d45] - connecting. Associated Snowflake domain: GLOBAL"}
{"level":"INFO","message":"[2:16:36.104 PM]: Connection[id: 40a83c60-3cdc-455c-8585-af57dcf34d45] - authentication successful using: SNOWFLAKE"}
{"level":"INFO","message":"[2:16:36.105 PM]: Connection[id: 40a83c60-3cdc-455c-8585-af57dcf34d45] - connected successfully after 1.7396000000007916 milliseconds"}
{"level":"INFO","message":"[2:16:48.676 PM]: Connection[id: 40a83c60-3cdc-455c-8585-af57dcf34d45] - connecting. Associated Snowflake domain: GLOBAL"}
{"level":"INFO","message":"[2:16:48.679 PM]: Connection[id: 40a83c60-3cdc-455c-8585-af57dcf34d45] - authentication successful using: SNOWFLAKE"}
{"level":"INFO","message":"[2:16:48.680 PM]: Connection[id: 40a83c60-3cdc-455c-8585-af57dcf34d45] - connected successfully after 3.9496999999973923 milliseconds"}
{"level":"INFO","message":"[2:20:35.233 PM]: Creating new connection object"}
{"level":"INFO","message":"[2:20:35.244 PM]: Creating Connection[id: 54395432-8406-49c5-a2b5-7ebd7eb68ae1] with host: RMCVKYD-LK80402.snowflakecomputing.com, account: RMCVKYD-LK80402, accessUrl: https://RMCVKYD-LK80402.snowflakecomputing.com, user: TULIPRAAJ007, password is provided, role: undefined, database: ASSETERA, schema: PUBLIC, warehouse: CI_WH, region: undefined, authenticator: SNOWFLAKE, ocsp mode: FAIL_OPEN, os: win32, os version: 10.0.20348"}
{"level":"INFO","message":"[2:20:35.245 PM]: Connection[id: 54395432-8406-49c5-a2b5-7ebd7eb68ae1] additional details: passcode in password is provided, passcode is not provided, private key is not provided, application: undefined, client name: snowflake-sdk, client version: 1.15.0, retry timeout: 300, private key path: undefined, private key pass is not provided, client store temporary credential: false, browser response timeout: 120000"}
{"level":"INFO","message":"[2:20:35.248 PM]: Connection[id: 54395432-8406-49c5-a2b5-7ebd7eb68ae1] - connection object created successfully."}
{"level":"INFO","message":"[2:20:35.412 PM]: Connection[id: 54395432-8406-49c5-a2b5-7ebd7eb68ae1] - connecting. Associated Snowflake domain: GLOBAL"}
{"level":"INFO","message":"[2:20:35.413 PM]: Connection[id: 54395432-8406-49c5-a2b5-7ebd7eb68ae1] - authentication successful using: SNOWFLAKE"}
{"level":"INFO","message":"[2:20:35.414 PM]: Trying to initialize Easy Logging"}
{"level":"INFO","message":"[2:20:35.426 PM]: No client config detected."}
{"level":"INFO","message":"[2:20:35.437 PM]: No config file path found. Client config will not be used."}
{"level":"INFO","message":"[2:20:35.438 PM]: Easy Logging is disabled as no config has been found"}
{"level":"INFO","message":"[2:20:35.441 PM]: Connection[id: 54395432-8406-49c5-a2b5-7ebd7eb68ae1] - connected successfully after 28.81089999998221 milliseconds"}
{"level":"INFO","message":"[2:20:36.385 PM]: Connection[id: 54395432-8406-49c5-a2b5-7ebd7eb68ae1] - connecting. Associated Snowflake domain: GLOBAL"}
{"level":"INFO","message":"[2:20:36.386 PM]: Connection[id: 54395432-8406-49c5-a2b5-7ebd7eb68ae1] - authentication successful using: SNOWFLAKE"}
{"level":"INFO","message":"[2:20:36.387 PM]: Connection[id: 54395432-8406-49c5-a2b5-7ebd7eb68ae1] - connected successfully after 1.991199999989476 milliseconds"}
{"level":"INFO","message":"[2:20:37.413 PM]: Connection[id: 54395432-8406-49c5-a2b5-7ebd7eb68ae1] - connecting. Associated Snowflake domain: GLOBAL"}
{"level":"INFO","message":"[2:20:37.414 PM]: Connection[id: 54395432-8406-49c5-a2b5-7ebd7eb68ae1] - authentication successful using: SNOWFLAKE"}
{"level":"INFO","message":"[2:20:37.415 PM]: Connection[id: 54395432-8406-49c5-a2b5-7ebd7eb68ae1] - connected successfully after 2.0414999999920838 milliseconds"}
{"level":"INFO","message":"[2:20:38.830 PM]: Connection[id: 54395432-8406-49c5-a2b5-7ebd7eb68ae1] - connecting. Associated Snowflake domain: GLOBAL"}
{"level":"INFO","message":"[2:20:38.831 PM]: Connection[id: 54395432-8406-49c5-a2b5-7ebd7eb68ae1] - authentication successful using: SNOWFLAKE"}
{"level":"INFO","message":"[2:20:38.831 PM]: Connection[id: 54395432-8406-49c5-a2b5-7ebd7eb68ae1] - connected successfully after 1.678600000042934 milliseconds"}
{"level":"INFO","message":"[2:20:39.437 PM]: Connection[id: 54395432-8406-49c5-a2b5-7ebd7eb68ae1] - connecting. Associated Snowflake domain: GLOBAL"}
{"level":"INFO","message":"[2:20:39.438 PM]: Connection[id: 54395432-8406-49c5-a2b5-7ebd7eb68ae1] - authentication successful using: SNOWFLAKE"}
{"level":"INFO","message":"[2:20:39.439 PM]: Connection[id: 54395432-8406-49c5-a2b5-7ebd7eb68ae1] - connected successfully after 1.6683000000193715 milliseconds"}
{"level":"INFO","message":"[2:20:43.473 PM]: Connection[id: 54395432-8406-49c5-a2b5-7ebd7eb68ae1] - connecting. Associated Snowflake domain: GLOBAL"}
{"level":"INFO","message":"[2:20:43.477 PM]: Connection[id: 54395432-8406-49c5-a2b5-7ebd7eb68ae1] - authentication successful using: SNOWFLAKE"}
{"level":"INFO","message":"[2:20:43.478 PM]: Connection[id: 54395432-8406-49c5-a2b5-7ebd7eb68ae1] - connected successfully after 4.584900000016205 milliseconds"}
{"level":"INFO","message":"[2:21:07.605 PM]: Connection[id: 54395432-8406-49c5-a2b5-7ebd7eb68ae1] - connecting. Associated Snowflake domain: GLOBAL"}
{"level":"INFO","message":"[2:21:07.606 PM]: Connection[id: 54395432-8406-49c5-a2b5-7ebd7eb68ae1] - authentication successful using: SNOWFLAKE"}
{"level":"INFO","message":"[2:21:07.606 PM]: Connection[id: 54395432-8406-49c5-a2b5-7ebd7eb68ae1] - connected successfully after 1.4342000000178814 milliseconds"}
{"level":"INFO","message":"[2:21:08.636 PM]: Connection[id: 54395432-8406-49c5-a2b5-7ebd7eb68ae1] - connecting. Associated Snowflake domain: GLOBAL"}
{"level":"INFO","message":"[2:21:08.637 PM]: Connection[id: 54395432-8406-49c5-a2b5-7ebd7eb68ae1] - authentication successful using: SNOWFLAKE"}
{"level":"INFO","message":"[2:21:08.638 PM]: Connection[id: 54395432-8406-49c5-a2b5-7ebd7eb68ae1] - connected successfully after 1.9773000000277534 milliseconds"}
{"level":"INFO","message":"[2:21:10.659 PM]: Connection[id: 54395432-8406-49c5-a2b5-7ebd7eb68ae1] - connecting. Associated Snowflake domain: GLOBAL"}
{"level":"INFO","message":"[2:21:10.660 PM]: Connection[id: 54395432-8406-49c5-a2b5-7ebd7eb68ae1] - authentication successful using: SNOWFLAKE"}
{"level":"INFO","message":"[2:21:10.661 PM]: Connection[id: 54395432-8406-49c5-a2b5-7ebd7eb68ae1] - connected successfully after 1.8390000000363216 milliseconds"}
{"level":"INFO","message":"[2:21:14.682 PM]: Connection[id: 54395432-8406-49c5-a2b5-7ebd7eb68ae1] - connecting. Associated Snowflake domain: GLOBAL"}
{"level":"INFO","message":"[2:21:14.684 PM]: Connection[id: 54395432-8406-49c5-a2b5-7ebd7eb68ae1] - authentication successful using: SNOWFLAKE"}
{"level":"INFO","message":"[2:21:14.684 PM]: Connection[id: 54395432-8406-49c5-a2b5-7ebd7eb68ae1] - connected successfully after 1.8700999999418855 milliseconds"}
{"level":"INFO","message":"[2:23:38.227 PM]: Connection[id: 54395432-8406-49c5-a2b5-7ebd7eb68ae1] - connecting. Associated Snowflake domain: GLOBAL"}
{"level":"INFO","message":"[2:23:38.232 PM]: Connection[id: 54395432-8406-49c5-a2b5-7ebd7eb68ae1] - authentication successful using: SNOWFLAKE"}
{"level":"INFO","message":"[2:23:38.233 PM]: Connection[id: 54395432-8406-49c5-a2b5-7ebd7eb68ae1] - connected successfully after 5.196099999942817 milliseconds"}
{"level":"INFO","message":"[2:23:39.265 PM]: Connection[id: 54395432-8406-49c5-a2b5-7ebd7eb68ae1] - connecting. Associated Snowflake domain: GLOBAL"}
{"level":"INFO","message":"[2:23:39.266 PM]: Connection[id: 54395432-8406-49c5-a2b5-7ebd7eb68ae1] - authentication successful using: SNOWFLAKE"}
{"level":"INFO","message":"[2:23:39.267 PM]: Connection[id: 54395432-8406-49c5-a2b5-7ebd7eb68ae1] - connected successfully after 1.9589999999152496 milliseconds"}
{"level":"INFO","message":"[2:25:06.249 PM]: Creating new connection object"}
{"level":"INFO","message":"[2:25:06.261 PM]: Creating Connection[id: e4ab5771-9d33-43c5-8560-f81f2bfd3f17] with host: RMCVKYD-LK80402.snowflakecomputing.com, account: RMCVKYD-LK80402, accessUrl: https://RMCVKYD-LK80402.snowflakecomputing.com, user: TULIPRAAJ007, password is provided, role: undefined, database: ASSETERA, schema: PUBLIC, warehouse: COMPUTE_WH, region: undefined, authenticator: SNOWFLAKE, ocsp mode: FAIL_OPEN, os: win32, os version: 10.0.20348"}
{"level":"INFO","message":"[2:25:06.262 PM]: Connection[id: e4ab5771-9d33-43c5-8560-f81f2bfd3f17] additional details: passcode in password is provided, passcode is not provided, private key is not provided, application: undefined, client name: snowflake-sdk, client version: 1.15.0, retry timeout: 300, private key path: undefined, private key pass is not provided, client store temporary credential: false, browser response timeout: 120000"}
{"level":"INFO","message":"[2:25:06.263 PM]: Connection[id: e4ab5771-9d33-43c5-8560-f81f2bfd3f17] - connection object created successfully."}
{"level":"INFO","message":"[2:25:06.299 PM]: Connection[id: e4ab5771-9d33-43c5-8560-f81f2bfd3f17] - connecting. Associated Snowflake domain: GLOBAL"}
{"level":"INFO","message":"[2:25:06.301 PM]: Connection[id: e4ab5771-9d33-43c5-8560-f81f2bfd3f17] - authentication successful using: SNOWFLAKE"}
{"level":"INFO","message":"[2:25:06.301 PM]: Trying to initialize Easy Logging"}
{"level":"INFO","message":"[2:25:06.305 PM]: No client config detected."}
{"level":"INFO","message":"[2:25:06.305 PM]: No config file path found. Client config will not be used."}
{"level":"INFO","message":"[2:25:06.306 PM]: Easy Logging is disabled as no config has been found"}
{"level":"INFO","message":"[2:25:06.342 PM]: Connection[id: e4ab5771-9d33-43c5-8560-f81f2bfd3f17] - connected successfully after 42.50439999997616 milliseconds"}
{"level":"INFO","message":"[2:25:07.037 PM]: Connection[id: e4ab5771-9d33-43c5-8560-f81f2bfd3f17] - connecting. Associated Snowflake domain: GLOBAL"}
{"level":"INFO","message":"[2:25:07.038 PM]: Connection[id: e4ab5771-9d33-43c5-8560-f81f2bfd3f17] - authentication successful using: SNOWFLAKE"}
{"level":"INFO","message":"[2:25:07.039 PM]: Connection[id: e4ab5771-9d33-43c5-8560-f81f2bfd3f17] - connected successfully after 2.1502999999793246 milliseconds"}
{"level":"INFO","message":"[2:25:11.063 PM]: Connection[id: e4ab5771-9d33-43c5-8560-f81f2bfd3f17] - connecting. Associated Snowflake domain: GLOBAL"}
{"level":"INFO","message":"[2:25:11.065 PM]: Connection[id: e4ab5771-9d33-43c5-8560-f81f2bfd3f17] - authentication successful using: SNOWFLAKE"}
{"level":"INFO","message":"[2:25:11.065 PM]: Connection[id: e4ab5771-9d33-43c5-8560-f81f2bfd3f17] - connected successfully after 1.759000000078231 milliseconds"}
{"level":"INFO","message":"[2:25:27.072 PM]: Connection[id: e4ab5771-9d33-43c5-8560-f81f2bfd3f17] - connecting. Associated Snowflake domain: GLOBAL"}
{"level":"INFO","message":"[2:25:27.073 PM]: Connection[id: e4ab5771-9d33-43c5-8560-f81f2bfd3f17] - authentication successful using: SNOWFLAKE"}
{"level":"INFO","message":"[2:25:27.073 PM]: Connection[id: e4ab5771-9d33-43c5-8560-f81f2bfd3f17] - connected successfully after 1.3516000000527129 milliseconds"}
{"level":"INFO","message":"[2:25:28.093 PM]: Connection[id: e4ab5771-9d33-43c5-8560-f81f2bfd3f17] - connecting. Associated Snowflake domain: GLOBAL"}
{"level":"INFO","message":"[2:25:28.094 PM]: Connection[id: e4ab5771-9d33-43c5-8560-f81f2bfd3f17] - authentication successful using: SNOWFLAKE"}
{"level":"INFO","message":"[2:25:28.094 PM]: Connection[id: e4ab5771-9d33-43c5-8560-f81f2bfd3f17] - connected successfully after 1.5389000000432134 milliseconds"}
{"level":"INFO","message":"[2:26:07.349 PM]: Connection[id: e4ab5771-9d33-43c5-8560-f81f2bfd3f17] - connecting. Associated Snowflake domain: GLOBAL"}
{"level":"INFO","message":"[2:26:07.351 PM]: Connection[id: e4ab5771-9d33-43c5-8560-f81f2bfd3f17] - authentication successful using: SNOWFLAKE"}
{"level":"INFO","message":"[2:26:07.352 PM]: Connection[id: e4ab5771-9d33-43c5-8560-f81f2bfd3f17] - connected successfully after 2.811500000068918 milliseconds"}
{"level":"INFO","message":"[2:26:11.397 PM]: Connection[id: e4ab5771-9d33-43c5-8560-f81f2bfd3f17] - connecting. Associated Snowflake domain: GLOBAL"}
{"level":"INFO","message":"[2:26:11.398 PM]: Connection[id: e4ab5771-9d33-43c5-8560-f81f2bfd3f17] - authentication successful using: SNOWFLAKE"}
{"level":"INFO","message":"[2:26:11.399 PM]: Connection[id: e4ab5771-9d33-43c5-8560-f81f2bfd3f17] - connected successfully after 1.526300000026822 milliseconds"}
{"level":"INFO","message":"[2:28:57.879 PM]: Creating new connection object"}
{"level":"INFO","message":"[2:28:57.890 PM]: Creating Connection[id: 00e67414-c1bd-4a34-b8ed-768890fa9008] with host: RMCVKYD-LK80402.snowflakecomputing.com, account: RMCVKYD-LK80402, accessUrl: https://RMCVKYD-LK80402.snowflakecomputing.com, user: TULIPRAAJ007, password is provided, role: undefined, database: ASSETERA, schema: PUBLIC, warehouse: COMPUTE_WH, region: undefined, authenticator: SNOWFLAKE, ocsp mode: FAIL_OPEN, os: win32, os version: 10.0.20348"}
{"level":"INFO","message":"[2:28:57.891 PM]: Connection[id: 00e67414-c1bd-4a34-b8ed-768890fa9008] additional details: passcode in password is provided, passcode is not provided, private key is not provided, application: undefined, client name: snowflake-sdk, client version: 1.15.0, retry timeout: 300, private key path: undefined, private key pass is not provided, client store temporary credential: false, browser response timeout: 120000"}
{"level":"INFO","message":"[2:28:57.892 PM]: Connection[id: 00e67414-c1bd-4a34-b8ed-768890fa9008] - connection object created successfully."}
{"level":"INFO","message":"[2:28:57.934 PM]: Connection[id: 00e67414-c1bd-4a34-b8ed-768890fa9008] - connecting. Associated Snowflake domain: GLOBAL"}
{"level":"INFO","message":"[2:28:57.935 PM]: Connection[id: 00e67414-c1bd-4a34-b8ed-768890fa9008] - authentication successful using: SNOWFLAKE"}
{"level":"INFO","message":"[2:28:57.936 PM]: Trying to initialize Easy Logging"}
{"level":"INFO","message":"[2:28:57.940 PM]: No client config detected."}
{"level":"INFO","message":"[2:28:57.940 PM]: No config file path found. Client config will not be used."}
{"level":"INFO","message":"[2:28:57.941 PM]: Easy Logging is disabled as no config has been found"}
{"level":"INFO","message":"[2:28:57.945 PM]: Connection[id: 00e67414-c1bd-4a34-b8ed-768890fa9008] - connected successfully after 10.502700000070035 milliseconds"}
{"level":"INFO","message":"[2:29:01.135 PM]: Connection[id: 00e67414-c1bd-4a34-b8ed-768890fa9008] - connecting. Associated Snowflake domain: GLOBAL"}
{"level":"INFO","message":"[2:29:01.136 PM]: Connection[id: 00e67414-c1bd-4a34-b8ed-768890fa9008] - authentication successful using: SNOWFLAKE"}
{"level":"INFO","message":"[2:29:01.137 PM]: Connection[id: 00e67414-c1bd-4a34-b8ed-768890fa9008] - connected successfully after 2.2216999999945983 milliseconds"}
{"level":"INFO","message":"[2:29:02.189 PM]: Connection[id: 00e67414-c1bd-4a34-b8ed-768890fa9008] - connecting. Associated Snowflake domain: GLOBAL"}
{"level":"INFO","message":"[2:29:02.192 PM]: Connection[id: 00e67414-c1bd-4a34-b8ed-768890fa9008] - authentication successful using: SNOWFLAKE"}
{"level":"INFO","message":"[2:29:02.192 PM]: Connection[id: 00e67414-c1bd-4a34-b8ed-768890fa9008] - connected successfully after 3.332399999955669 milliseconds"}
{"level":"INFO","message":"[2:29:04.212 PM]: Connection[id: 00e67414-c1bd-4a34-b8ed-768890fa9008] - connecting. Associated Snowflake domain: GLOBAL"}
{"level":"INFO","message":"[2:29:04.213 PM]: Connection[id: 00e67414-c1bd-4a34-b8ed-768890fa9008] - authentication successful using: SNOWFLAKE"}
{"level":"INFO","message":"[2:29:04.214 PM]: Connection[id: 00e67414-c1bd-4a34-b8ed-768890fa9008] - connected successfully after 1.6770000000251457 milliseconds"}
{"level":"INFO","message":"[2:29:08.235 PM]: Connection[id: 00e67414-c1bd-4a34-b8ed-768890fa9008] - connecting. Associated Snowflake domain: GLOBAL"}
{"level":"INFO","message":"[2:29:08.236 PM]: Connection[id: 00e67414-c1bd-4a34-b8ed-768890fa9008] - authentication successful using: SNOWFLAKE"}
{"level":"INFO","message":"[2:29:08.237 PM]: Connection[id: 00e67414-c1bd-4a34-b8ed-768890fa9008] - connected successfully after 1.3945999999996275 milliseconds"}
{"level":"INFO","message":"[2:29:43.587 PM]: Connection[id: 00e67414-c1bd-4a34-b8ed-768890fa9008] - connecting. Associated Snowflake domain: GLOBAL"}
{"level":"INFO","message":"[2:29:43.602 PM]: Connection[id: 00e67414-c1bd-4a34-b8ed-768890fa9008] - authentication successful using: SNOWFLAKE"}
{"level":"INFO","message":"[2:29:43.604 PM]: Connection[id: 00e67414-c1bd-4a34-b8ed-768890fa9008] - connected successfully after 16.698499999940395 milliseconds"}
{"level":"INFO","message":"[2:29:44.641 PM]: Connection[id: 00e67414-c1bd-4a34-b8ed-768890fa9008] - connecting. Associated Snowflake domain: GLOBAL"}
{"level":"INFO","message":"[2:29:44.642 PM]: Connection[id: 00e67414-c1bd-4a34-b8ed-768890fa9008] - authentication successful using: SNOWFLAKE"}
{"level":"INFO","message":"[2:29:44.642 PM]: Connection[id: 00e67414-c1bd-4a34-b8ed-768890fa9008] - connected successfully after 1.2822999999625608 milliseconds"}
{"level":"INFO","message":"[2:32:52.466 PM]: Creating new connection object"}
{"level":"INFO","message":"[2:32:52.478 PM]: Creating Connection[id: b6856624-0d38-461c-84a5-0d5e441cb84d] with host: RMCVKYD-LK80402.snowflakecomputing.com, account: RMCVKYD-LK80402, accessUrl: https://RMCVKYD-LK80402.snowflakecomputing.com, user: TULIPRAAJ007, password is provided, role: undefined, database: ASSETERA, schema: PUBLIC, warehouse: COMPUTE_WH, region: undefined, authenticator: SNOWFLAKE, ocsp mode: FAIL_OPEN, os: win32, os version: 10.0.20348"}
{"level":"INFO","message":"[2:32:52.479 PM]: Connection[id: b6856624-0d38-461c-84a5-0d5e441cb84d] additional details: passcode in password is provided, passcode is not provided, private key is not provided, application: undefined, client name: snowflake-sdk, client version: 1.15.0, retry timeout: 300, private key path: undefined, private key pass is not provided, client store temporary credential: false, browser response timeout: 120000"}
{"level":"INFO","message":"[2:32:52.480 PM]: Connection[id: b6856624-0d38-461c-84a5-0d5e441cb84d] - connection object created successfully."}
{"level":"INFO","message":"[2:32:52.481 PM]: Connection[id: b6856624-0d38-461c-84a5-0d5e441cb84d] - connecting. Associated Snowflake domain: GLOBAL"}
{"level":"INFO","message":"[2:32:52.482 PM]: Connection[id: b6856624-0d38-461c-84a5-0d5e441cb84d] - authentication successful using: SNOWFLAKE"}
{"level":"INFO","message":"[2:32:52.483 PM]: Trying to initialize Easy Logging"}
{"level":"INFO","message":"[2:32:52.498 PM]: No client config detected."}
{"level":"INFO","message":"[2:32:52.498 PM]: No config file path found. Client config will not be used."}
{"level":"INFO","message":"[2:32:52.499 PM]: Easy Logging is disabled as no config has been found"}
{"level":"INFO","message":"[2:32:52.503 PM]: Connection[id: b6856624-0d38-461c-84a5-0d5e441cb84d] - connected successfully after 21.9963000000007 milliseconds"}
{"level":"INFO","message":"[2:32:53.805 PM]: Creating new connection object"}
{"level":"INFO","message":"[2:32:53.829 PM]: Creating Connection[id: fe6ce528-06d5-4faa-91f3-da198e87179f] with host: RMCVKYD-LK80402.snowflakecomputing.com, account: RMCVKYD-LK80402, accessUrl: https://RMCVKYD-LK80402.snowflakecomputing.com, user: TULIPRAAJ007, password is provided, role: undefined, database: ASSETERA, schema: PUBLIC, warehouse: COMPUTE_WH, region: undefined, authenticator: SNOWFLAKE, ocsp mode: FAIL_OPEN, os: win32, os version: 10.0.20348"}
{"level":"INFO","message":"[2:32:53.831 PM]: Connection[id: fe6ce528-06d5-4faa-91f3-da198e87179f] additional details: passcode in password is provided, passcode is not provided, private key is not provided, application: undefined, client name: snowflake-sdk, client version: 1.15.0, retry timeout: 300, private key path: undefined, private key pass is not provided, client store temporary credential: false, browser response timeout: 120000"}
{"level":"INFO","message":"[2:32:53.834 PM]: Connection[id: fe6ce528-06d5-4faa-91f3-da198e87179f] - connection object created successfully."}
{"level":"INFO","message":"[2:32:53.835 PM]: Connection[id: fe6ce528-06d5-4faa-91f3-da198e87179f] - connecting. Associated Snowflake domain: GLOBAL"}
{"level":"INFO","message":"[2:32:53.842 PM]: Connection[id: fe6ce528-06d5-4faa-91f3-da198e87179f] - authentication successful using: SNOWFLAKE"}
{"level":"INFO","message":"[2:32:53.844 PM]: Connection[id: fe6ce528-06d5-4faa-91f3-da198e87179f] - connected successfully after 8.71060000000034 milliseconds"}
{"level":"INFO","message":"[2:32:55.587 PM]: Creating new connection object"}
{"level":"INFO","message":"[2:32:55.589 PM]: Creating Connection[id: b2f7657c-2d2c-4930-9479-63aeb0376d98] with host: RMCVKYD-LK80402.snowflakecomputing.com, account: RMCVKYD-LK80402, accessUrl: https://RMCVKYD-LK80402.snowflakecomputing.com, user: TULIPRAAJ007, password is provided, role: undefined, database: ASSETERA, schema: PUBLIC, warehouse: COMPUTE_WH, region: undefined, authenticator: SNOWFLAKE, ocsp mode: FAIL_OPEN, os: win32, os version: 10.0.20348"}
{"level":"INFO","message":"[2:32:55.590 PM]: Connection[id: b2f7657c-2d2c-4930-9479-63aeb0376d98] additional details: passcode in password is provided, passcode is not provided, private key is not provided, application: undefined, client name: snowflake-sdk, client version: 1.15.0, retry timeout: 300, private key path: undefined, private key pass is not provided, client store temporary credential: false, browser response timeout: 120000"}
{"level":"INFO","message":"[2:32:55.591 PM]: Connection[id: b2f7657c-2d2c-4930-9479-63aeb0376d98] - connection object created successfully."}
{"level":"INFO","message":"[2:32:55.595 PM]: Connection[id: b2f7657c-2d2c-4930-9479-63aeb0376d98] - connecting. Associated Snowflake domain: GLOBAL"}
{"level":"INFO","message":"[2:32:55.596 PM]: Connection[id: b2f7657c-2d2c-4930-9479-63aeb0376d98] - authentication successful using: SNOWFLAKE"}
{"level":"INFO","message":"[2:32:55.597 PM]: Connection[id: b2f7657c-2d2c-4930-9479-63aeb0376d98] - connected successfully after 2.542199999999866 milliseconds"}
{"level":"INFO","message":"[2:32:56.000 PM]: Creating new connection object"}
{"level":"INFO","message":"[2:32:56.001 PM]: Creating Connection[id: 9fe12aba-f60d-4598-8f27-8deaab5d82fd] with host: RMCVKYD-LK80402.snowflakecomputing.com, account: RMCVKYD-LK80402, accessUrl: https://RMCVKYD-LK80402.snowflakecomputing.com, user: TULIPRAAJ007, password is provided, role: undefined, database: ASSETERA, schema: PUBLIC, warehouse: COMPUTE_WH, region: undefined, authenticator: SNOWFLAKE, ocsp mode: FAIL_OPEN, os: win32, os version: 10.0.20348"}
{"level":"INFO","message":"[2:32:56.002 PM]: Connection[id: 9fe12aba-f60d-4598-8f27-8deaab5d82fd] additional details: passcode in password is provided, passcode is not provided, private key is not provided, application: undefined, client name: snowflake-sdk, client version: 1.15.0, retry timeout: 300, private key path: undefined, private key pass is not provided, client store temporary credential: false, browser response timeout: 120000"}
{"level":"INFO","message":"[2:32:56.003 PM]: Connection[id: 9fe12aba-f60d-4598-8f27-8deaab5d82fd] - connection object created successfully."}
{"level":"INFO","message":"[2:32:56.003 PM]: Connection[id: 9fe12aba-f60d-4598-8f27-8deaab5d82fd] - connecting. Associated Snowflake domain: GLOBAL"}
{"level":"INFO","message":"[2:32:56.003 PM]: Connection[id: 9fe12aba-f60d-4598-8f27-8deaab5d82fd] - authentication successful using: SNOWFLAKE"}
{"level":"INFO","message":"[2:32:56.004 PM]: Connection[id: 9fe12aba-f60d-4598-8f27-8deaab5d82fd] - connected successfully after 1.329200000000128 milliseconds"}
{"level":"INFO","message":"[2:32:57.369 PM]: Creating new connection object"}
{"level":"INFO","message":"[2:32:57.371 PM]: Creating Connection[id: a112ca6d-c3a9-4ca3-aff3-b0581112ed06] with host: RMCVKYD-LK80402.snowflakecomputing.com, account: RMCVKYD-LK80402, accessUrl: https://RMCVKYD-LK80402.snowflakecomputing.com, user: TULIPRAAJ007, password is provided, role: undefined, database: ASSETERA, schema: PUBLIC, warehouse: COMPUTE_WH, region: undefined, authenticator: SNOWFLAKE, ocsp mode: FAIL_OPEN, os: win32, os version: 10.0.20348"}
{"level":"INFO","message":"[2:32:57.371 PM]: Connection[id: a112ca6d-c3a9-4ca3-aff3-b0581112ed06] additional details: passcode in password is provided, passcode is not provided, private key is not provided, application: undefined, client name: snowflake-sdk, client version: 1.15.0, retry timeout: 300, private key path: undefined, private key pass is not provided, client store temporary credential: false, browser response timeout: 120000"}
{"level":"INFO","message":"[2:32:57.372 PM]: Connection[id: a112ca6d-c3a9-4ca3-aff3-b0581112ed06] - connection object created successfully."}
{"level":"INFO","message":"[2:32:57.373 PM]: Connection[id: a112ca6d-c3a9-4ca3-aff3-b0581112ed06] - connecting. Associated Snowflake domain: GLOBAL"}
{"level":"INFO","message":"[2:32:57.373 PM]: Connection[id: a112ca6d-c3a9-4ca3-aff3-b0581112ed06] - authentication successful using: SNOWFLAKE"}
{"level":"INFO","message":"[2:32:57.374 PM]: Connection[id: a112ca6d-c3a9-4ca3-aff3-b0581112ed06] - connected successfully after 1.6224999999976717 milliseconds"}
{"level":"INFO","message":"[2:32:57.895 PM]: Creating new connection object"}
{"level":"INFO","message":"[2:32:57.897 PM]: Creating Connection[id: 75274629-2801-499d-a745-88dc2cc2fc44] with host: RMCVKYD-LK80402.snowflakecomputing.com, account: RMCVKYD-LK80402, accessUrl: https://RMCVKYD-LK80402.snowflakecomputing.com, user: TULIPRAAJ007, password is provided, role: undefined, database: ASSETERA, schema: PUBLIC, warehouse: COMPUTE_WH, region: undefined, authenticator: SNOWFLAKE, ocsp mode: FAIL_OPEN, os: win32, os version: 10.0.20348"}
{"level":"INFO","message":"[2:32:57.897 PM]: Connection[id: 75274629-2801-499d-a745-88dc2cc2fc44] additional details: passcode in password is provided, passcode is not provided, private key is not provided, application: undefined, client name: snowflake-sdk, client version: 1.15.0, retry timeout: 300, private key path: undefined, private key pass is not provided, client store temporary credential: false, browser response timeout: 120000"}
{"level":"INFO","message":"[2:32:57.898 PM]: Connection[id: 75274629-2801-499d-a745-88dc2cc2fc44] - connection object created successfully."}
{"level":"INFO","message":"[2:32:57.898 PM]: Connection[id: 75274629-2801-499d-a745-88dc2cc2fc44] - connecting. Associated Snowflake domain: GLOBAL"}
{"level":"INFO","message":"[2:32:57.899 PM]: Connection[id: 75274629-2801-499d-a745-88dc2cc2fc44] - authentication successful using: SNOWFLAKE"}
{"level":"INFO","message":"[2:32:57.900 PM]: Connection[id: 75274629-2801-499d-a745-88dc2cc2fc44] - connected successfully after 1.7406999999984691 milliseconds"}
{"level":"INFO","message":"[2:33:00.070 PM]: Creating new connection object"}
{"level":"INFO","message":"[2:33:00.071 PM]: Creating Connection[id: f48ee778-8019-49a5-82f1-9fbc379f69fd] with host: RMCVKYD-LK80402.snowflakecomputing.com, account: RMCVKYD-LK80402, accessUrl: https://RMCVKYD-LK80402.snowflakecomputing.com, user: TULIPRAAJ007, password is provided, role: undefined, database: ASSETERA, schema: PUBLIC, warehouse: COMPUTE_WH, region: undefined, authenticator: SNOWFLAKE, ocsp mode: FAIL_OPEN, os: win32, os version: 10.0.20348"}
{"level":"INFO","message":"[2:33:00.073 PM]: Connection[id: f48ee778-8019-49a5-82f1-9fbc379f69fd] additional details: passcode in password is provided, passcode is not provided, private key is not provided, application: undefined, client name: snowflake-sdk, client version: 1.15.0, retry timeout: 300, private key path: undefined, private key pass is not provided, client store temporary credential: false, browser response timeout: 120000"}
{"level":"INFO","message":"[2:33:00.074 PM]: Connection[id: f48ee778-8019-49a5-82f1-9fbc379f69fd] - connection object created successfully."}
{"level":"INFO","message":"[2:33:00.074 PM]: Connection[id: f48ee778-8019-49a5-82f1-9fbc379f69fd] - connecting. Associated Snowflake domain: GLOBAL"}
{"level":"INFO","message":"[2:33:00.075 PM]: Connection[id: f48ee778-8019-49a5-82f1-9fbc379f69fd] - authentication successful using: SNOWFLAKE"}
{"level":"INFO","message":"[2:33:00.077 PM]: Connection[id: f48ee778-8019-49a5-82f1-9fbc379f69fd] - connected successfully after 2.733700000000681 milliseconds"}
{"level":"INFO","message":"[2:33:00.548 PM]: Creating new connection object"}
{"level":"INFO","message":"[2:33:00.549 PM]: Creating Connection[id: aff9fefc-20d2-4bd4-9d34-a8b61ea00ea0] with host: RMCVKYD-LK80402.snowflakecomputing.com, account: RMCVKYD-LK80402, accessUrl: https://RMCVKYD-LK80402.snowflakecomputing.com, user: TULIPRAAJ007, password is provided, role: undefined, database: ASSETERA, schema: PUBLIC, warehouse: COMPUTE_WH, region: undefined, authenticator: SNOWFLAKE, ocsp mode: FAIL_OPEN, os: win32, os version: 10.0.20348"}
{"level":"INFO","message":"[2:33:00.550 PM]: Connection[id: aff9fefc-20d2-4bd4-9d34-a8b61ea00ea0] additional details: passcode in password is provided, passcode is not provided, private key is not provided, application: undefined, client name: snowflake-sdk, client version: 1.15.0, retry timeout: 300, private key path: undefined, private key pass is not provided, client store temporary credential: false, browser response timeout: 120000"}
{"level":"INFO","message":"[2:33:00.550 PM]: Connection[id: aff9fefc-20d2-4bd4-9d34-a8b61ea00ea0] - connection object created successfully."}
{"level":"INFO","message":"[2:33:00.551 PM]: Connection[id: aff9fefc-20d2-4bd4-9d34-a8b61ea00ea0] - connecting. Associated Snowflake domain: GLOBAL"}
{"level":"INFO","message":"[2:33:00.551 PM]: Connection[id: aff9fefc-20d2-4bd4-9d34-a8b61ea00ea0] - authentication successful using: SNOWFLAKE"}
{"level":"INFO","message":"[2:33:00.553 PM]: Connection[id: aff9fefc-20d2-4bd4-9d34-a8b61ea00ea0] - connected successfully after 2.8356000000021595 milliseconds"}
{"level":"INFO","message":"[2:33:05.000 PM]: Creating new connection object"}
{"level":"INFO","message":"[2:33:05.001 PM]: Creating Connection[id: 86f18e97-7ad8-47ff-b472-1344d7c60ccb] with host: RMCVKYD-LK80402.snowflakecomputing.com, account: RMCVKYD-LK80402, accessUrl: https://RMCVKYD-LK80402.snowflakecomputing.com, user: TULIPRAAJ007, password is provided, role: undefined, database: ASSETERA, schema: PUBLIC, warehouse: COMPUTE_WH, region: undefined, authenticator: SNOWFLAKE, ocsp mode: FAIL_OPEN, os: win32, os version: 10.0.20348"}
{"level":"INFO","message":"[2:33:05.002 PM]: Connection[id: 86f18e97-7ad8-47ff-b472-1344d7c60ccb] additional details: passcode in password is provided, passcode is not provided, private key is not provided, application: undefined, client name: snowflake-sdk, client version: 1.15.0, retry timeout: 300, private key path: undefined, private key pass is not provided, client store temporary credential: false, browser response timeout: 120000"}
{"level":"INFO","message":"[2:33:05.003 PM]: Connection[id: 86f18e97-7ad8-47ff-b472-1344d7c60ccb] - connection object created successfully."}
{"level":"INFO","message":"[2:33:05.003 PM]: Connection[id: 86f18e97-7ad8-47ff-b472-1344d7c60ccb] - connecting. Associated Snowflake domain: GLOBAL"}
{"level":"INFO","message":"[2:33:05.004 PM]: Connection[id: 86f18e97-7ad8-47ff-b472-1344d7c60ccb] - authentication successful using: SNOWFLAKE"}
{"level":"INFO","message":"[2:33:05.005 PM]: Connection[id: 86f18e97-7ad8-47ff-b472-1344d7c60ccb] - connected successfully after 1.355599999998958 milliseconds"}
{"level":"INFO","message":"[2:33:05.513 PM]: Creating new connection object"}
{"level":"INFO","message":"[2:33:05.514 PM]: Creating Connection[id: b281998a-3cf4-454a-b08f-dd136c038531] with host: RMCVKYD-LK80402.snowflakecomputing.com, account: RMCVKYD-LK80402, accessUrl: https://RMCVKYD-LK80402.snowflakecomputing.com, user: TULIPRAAJ007, password is provided, role: undefined, database: ASSETERA, schema: PUBLIC, warehouse: COMPUTE_WH, region: undefined, authenticator: SNOWFLAKE, ocsp mode: FAIL_OPEN, os: win32, os version: 10.0.20348"}
{"level":"INFO","message":"[2:33:05.515 PM]: Connection[id: b281998a-3cf4-454a-b08f-dd136c038531] additional details: passcode in password is provided, passcode is not provided, private key is not provided, application: undefined, client name: snowflake-sdk, client version: 1.15.0, retry timeout: 300, private key path: undefined, private key pass is not provided, client store temporary credential: false, browser response timeout: 120000"}
{"level":"INFO","message":"[2:33:05.515 PM]: Connection[id: b281998a-3cf4-454a-b08f-dd136c038531] - connection object created successfully."}
{"level":"INFO","message":"[2:33:05.516 PM]: Connection[id: b281998a-3cf4-454a-b08f-dd136c038531] - connecting. Associated Snowflake domain: GLOBAL"}
{"level":"INFO","message":"[2:33:05.516 PM]: Connection[id: b281998a-3cf4-454a-b08f-dd136c038531] - authentication successful using: SNOWFLAKE"}
{"level":"INFO","message":"[2:33:05.516 PM]: Connection[id: b281998a-3cf4-454a-b08f-dd136c038531] - connected successfully after 0.990300000001298 milliseconds"}
{"level":"INFO","message":"[2:34:00.607 PM]: Creating new connection object"}
{"level":"INFO","message":"[2:34:00.610 PM]: Creating Connection[id: 095ed043-2b98-4145-aa95-78f27f3612d1] with host: RMCVKYD-LK80402.snowflakecomputing.com, account: RMCVKYD-LK80402, accessUrl: https://RMCVKYD-LK80402.snowflakecomputing.com, user: TULIPRAAJ007, password is provided, role: undefined, database: ASSETERA, schema: PUBLIC, warehouse: COMPUTE_WH, region: undefined, authenticator: SNOWFLAKE, ocsp mode: FAIL_OPEN, os: win32, os version: 10.0.20348"}
{"level":"INFO","message":"[2:34:00.611 PM]: Connection[id: 095ed043-2b98-4145-aa95-78f27f3612d1] additional details: passcode in password is provided, passcode is not provided, private key is not provided, application: undefined, client name: snowflake-sdk, client version: 1.15.0, retry timeout: 300, private key path: undefined, private key pass is not provided, client store temporary credential: false, browser response timeout: 120000"}
{"level":"INFO","message":"[2:34:00.611 PM]: Connection[id: 095ed043-2b98-4145-aa95-78f27f3612d1] - connection object created successfully."}
{"level":"INFO","message":"[2:34:00.612 PM]: Connection[id: 095ed043-2b98-4145-aa95-78f27f3612d1] - connecting. Associated Snowflake domain: GLOBAL"}
{"level":"INFO","message":"[2:34:00.612 PM]: Connection[id: 095ed043-2b98-4145-aa95-78f27f3612d1] - authentication successful using: SNOWFLAKE"}
{"level":"INFO","message":"[2:34:00.613 PM]: Connection[id: 095ed043-2b98-4145-aa95-78f27f3612d1] - connected successfully after 1.4043999999994412 milliseconds"}
{"level":"INFO","message":"[2:34:01.137 PM]: Creating new connection object"}
{"level":"INFO","message":"[2:34:01.139 PM]: Creating Connection[id: b4fd1c55-4d67-4b0a-b0a5-d07429a35ce9] with host: RMCVKYD-LK80402.snowflakecomputing.com, account: RMCVKYD-LK80402, accessUrl: https://RMCVKYD-LK80402.snowflakecomputing.com, user: TULIPRAAJ007, password is provided, role: undefined, database: ASSETERA, schema: PUBLIC, warehouse: COMPUTE_WH, region: undefined, authenticator: SNOWFLAKE, ocsp mode: FAIL_OPEN, os: win32, os version: 10.0.20348"}
{"level":"INFO","message":"[2:34:01.139 PM]: Connection[id: b4fd1c55-4d67-4b0a-b0a5-d07429a35ce9] additional details: passcode in password is provided, passcode is not provided, private key is not provided, application: undefined, client name: snowflake-sdk, client version: 1.15.0, retry timeout: 300, private key path: undefined, private key pass is not provided, client store temporary credential: false, browser response timeout: 120000"}
{"level":"INFO","message":"[2:34:01.140 PM]: Connection[id: b4fd1c55-4d67-4b0a-b0a5-d07429a35ce9] - connection object created successfully."}
{"level":"INFO","message":"[2:34:01.140 PM]: Connection[id: b4fd1c55-4d67-4b0a-b0a5-d07429a35ce9] - connecting. Associated Snowflake domain: GLOBAL"}
{"level":"INFO","message":"[2:34:01.140 PM]: Connection[id: b4fd1c55-4d67-4b0a-b0a5-d07429a35ce9] - authentication successful using: SNOWFLAKE"}
{"level":"INFO","message":"[2:34:01.141 PM]: Connection[id: b4fd1c55-4d67-4b0a-b0a5-d07429a35ce9] - connected successfully after 1.0770999999949709 milliseconds"}
{"level":"INFO","message":"[2:38:35.506 PM]: Creating new connection object"}
{"level":"INFO","message":"[2:38:35.523 PM]: Creating Connection[id: df4e14bd-75aa-43b1-8949-78e2bf686ab5] with host: RMCVKYD-LK80402.snowflakecomputing.com, account: RMCVKYD-LK80402, accessUrl: https://RMCVKYD-LK80402.snowflakecomputing.com, user: TULIPRAAJ007, password is provided, role: undefined, database: ASSETERA, schema: PUBLIC, warehouse: COMPUTE_WH, region: undefined, authenticator: SNOWFLAKE, ocsp mode: FAIL_OPEN, os: win32, os version: 10.0.20348"}
{"level":"INFO","message":"[2:38:35.524 PM]: Connection[id: df4e14bd-75aa-43b1-8949-78e2bf686ab5] additional details: passcode in password is provided, passcode is not provided, private key is not provided, application: undefined, client name: snowflake-sdk, client version: 1.15.0, retry timeout: 300, private key path: undefined, private key pass is not provided, client store temporary credential: false, browser response timeout: 120000"}
{"level":"INFO","message":"[2:38:35.525 PM]: Connection[id: df4e14bd-75aa-43b1-8949-78e2bf686ab5] - connection object created successfully."}
{"level":"INFO","message":"[2:38:35.526 PM]: Connection[id: df4e14bd-75aa-43b1-8949-78e2bf686ab5] - connecting. Associated Snowflake domain: GLOBAL"}
{"level":"INFO","message":"[2:38:35.527 PM]: Connection[id: df4e14bd-75aa-43b1-8949-78e2bf686ab5] - authentication successful using: SNOWFLAKE"}
{"level":"INFO","message":"[2:38:35.528 PM]: Trying to initialize Easy Logging"}
{"level":"INFO","message":"[2:38:35.537 PM]: No client config detected."}
{"level":"INFO","message":"[2:38:35.538 PM]: No config file path found. Client config will not be used."}
{"level":"INFO","message":"[2:38:35.539 PM]: Easy Logging is disabled as no config has been found"}
{"level":"INFO","message":"[2:38:35.543 PM]: Connection[id: df4e14bd-75aa-43b1-8949-78e2bf686ab5] - connected successfully after 17.174500000022817 milliseconds"}
{"level":"INFO","message":"[2:38:36.335 PM]: Creating new connection object"}
{"level":"INFO","message":"[2:38:36.337 PM]: Creating Connection[id: 6c09fb47-1740-4533-898e-a5e37474fcd7] with host: RMCVKYD-LK80402.snowflakecomputing.com, account: RMCVKYD-LK80402, accessUrl: https://RMCVKYD-LK80402.snowflakecomputing.com, user: TULIPRAAJ007, password is provided, role: undefined, database: ASSETERA, schema: PUBLIC, warehouse: COMPUTE_WH, region: undefined, authenticator: SNOWFLAKE, ocsp mode: FAIL_OPEN, os: win32, os version: 10.0.20348"}
{"level":"INFO","message":"[2:38:36.337 PM]: Connection[id: 6c09fb47-1740-4533-898e-a5e37474fcd7] additional details: passcode in password is provided, passcode is not provided, private key is not provided, application: undefined, client name: snowflake-sdk, client version: 1.15.0, retry timeout: 300, private key path: undefined, private key pass is not provided, client store temporary credential: false, browser response timeout: 120000"}
{"level":"INFO","message":"[2:38:36.338 PM]: Connection[id: 6c09fb47-1740-4533-898e-a5e37474fcd7] - connection object created successfully."}
{"level":"INFO","message":"[2:38:36.338 PM]: Connection[id: 6c09fb47-1740-4533-898e-a5e37474fcd7] - connecting. Associated Snowflake domain: GLOBAL"}
{"level":"INFO","message":"[2:38:36.339 PM]: Connection[id: 6c09fb47-1740-4533-898e-a5e37474fcd7] - authentication successful using: SNOWFLAKE"}
{"level":"INFO","message":"[2:38:36.340 PM]: Connection[id: 6c09fb47-1740-4533-898e-a5e37474fcd7] - connected successfully after 1.7198999999673106 milliseconds"}
{"level":"INFO","message":"[2:38:37.921 PM]: Creating new connection object"}
{"level":"INFO","message":"[2:38:37.922 PM]: Creating Connection[id: df8cba40-c856-474d-a9a2-1443e0784ab2] with host: RMCVKYD-LK80402.snowflakecomputing.com, account: RMCVKYD-LK80402, accessUrl: https://RMCVKYD-LK80402.snowflakecomputing.com, user: TULIPRAAJ007, password is provided, role: undefined, database: ASSETERA, schema: PUBLIC, warehouse: COMPUTE_WH, region: undefined, authenticator: SNOWFLAKE, ocsp mode: FAIL_OPEN, os: win32, os version: 10.0.20348"}
{"level":"INFO","message":"[2:38:37.923 PM]: Connection[id: df8cba40-c856-474d-a9a2-1443e0784ab2] additional details: passcode in password is provided, passcode is not provided, private key is not provided, application: undefined, client name: snowflake-sdk, client version: 1.15.0, retry timeout: 300, private key path: undefined, private key pass is not provided, client store temporary credential: false, browser response timeout: 120000"}
{"level":"INFO","message":"[2:38:37.923 PM]: Connection[id: df8cba40-c856-474d-a9a2-1443e0784ab2] - connection object created successfully."}
{"level":"INFO","message":"[2:38:37.923 PM]: Connection[id: df8cba40-c856-474d-a9a2-1443e0784ab2] - connecting. Associated Snowflake domain: GLOBAL"}
{"level":"INFO","message":"[2:38:37.924 PM]: Connection[id: df8cba40-c856-474d-a9a2-1443e0784ab2] - authentication successful using: SNOWFLAKE"}
{"level":"INFO","message":"[2:38:37.924 PM]: Connection[id: df8cba40-c856-474d-a9a2-1443e0784ab2] - connected successfully after 1.1704000000027008 milliseconds"}
{"level":"INFO","message":"[2:38:38.248 PM]: Creating new connection object"}
{"level":"INFO","message":"[2:38:38.251 PM]: Creating Connection[id: 123d9ddb-23ba-46a7-ac8d-c776a9c7911c] with host: RMCVKYD-LK80402.snowflakecomputing.com, account: RMCVKYD-LK80402, accessUrl: https://RMCVKYD-LK80402.snowflakecomputing.com, user: TULIPRAAJ007, password is provided, role: undefined, database: ASSETERA, schema: PUBLIC, warehouse: COMPUTE_WH, region: undefined, authenticator: SNOWFLAKE, ocsp mode: FAIL_OPEN, os: win32, os version: 10.0.20348"}
{"level":"INFO","message":"[2:38:38.252 PM]: Connection[id: 123d9ddb-23ba-46a7-ac8d-c776a9c7911c] additional details: passcode in password is provided, passcode is not provided, private key is not provided, application: undefined, client name: snowflake-sdk, client version: 1.15.0, retry timeout: 300, private key path: undefined, private key pass is not provided, client store temporary credential: false, browser response timeout: 120000"}
{"level":"INFO","message":"[2:38:38.252 PM]: Connection[id: 123d9ddb-23ba-46a7-ac8d-c776a9c7911c] - connection object created successfully."}
{"level":"INFO","message":"[2:38:38.253 PM]: Connection[id: 123d9ddb-23ba-46a7-ac8d-c776a9c7911c] - connecting. Associated Snowflake domain: GLOBAL"}
{"level":"INFO","message":"[2:38:38.254 PM]: Connection[id: 123d9ddb-23ba-46a7-ac8d-c776a9c7911c] - authentication successful using: SNOWFLAKE"}
{"level":"INFO","message":"[2:38:38.255 PM]: Connection[id: 123d9ddb-23ba-46a7-ac8d-c776a9c7911c] - connected successfully after 2.1741999999503605 milliseconds"}
{"level":"INFO","message":"[2:38:39.610 PM]: Creating new connection object"}
{"level":"INFO","message":"[2:38:39.612 PM]: Creating Connection[id: 88cd05fd-49da-4377-9521-38f979849c94] with host: RMCVKYD-LK80402.snowflakecomputing.com, account: RMCVKYD-LK80402, accessUrl: https://RMCVKYD-LK80402.snowflakecomputing.com, user: TULIPRAAJ007, password is provided, role: undefined, database: ASSETERA, schema: PUBLIC, warehouse: COMPUTE_WH, region: undefined, authenticator: SNOWFLAKE, ocsp mode: FAIL_OPEN, os: win32, os version: 10.0.20348"}
{"level":"INFO","message":"[2:38:39.612 PM]: Connection[id: 88cd05fd-49da-4377-9521-38f979849c94] additional details: passcode in password is provided, passcode is not provided, private key is not provided, application: undefined, client name: snowflake-sdk, client version: 1.15.0, retry timeout: 300, private key path: undefined, private key pass is not provided, client store temporary credential: false, browser response timeout: 120000"}
{"level":"INFO","message":"[2:38:39.613 PM]: Connection[id: 88cd05fd-49da-4377-9521-38f979849c94] - connection object created successfully."}
{"level":"INFO","message":"[2:38:39.613 PM]: Connection[id: 88cd05fd-49da-4377-9521-38f979849c94] - connecting. Associated Snowflake domain: GLOBAL"}
{"level":"INFO","message":"[2:38:39.614 PM]: Connection[id: 88cd05fd-49da-4377-9521-38f979849c94] - authentication successful using: SNOWFLAKE"}
{"level":"INFO","message":"[2:38:39.615 PM]: Connection[id: 88cd05fd-49da-4377-9521-38f979849c94] - connected successfully after 2.0671999999904074 milliseconds"}
{"level":"INFO","message":"[2:38:40.071 PM]: Creating new connection object"}
{"level":"INFO","message":"[2:38:40.074 PM]: Creating Connection[id: 179a7931-efae-4723-97d7-fd4643a312ce] with host: RMCVKYD-LK80402.snowflakecomputing.com, account: RMCVKYD-LK80402, accessUrl: https://RMCVKYD-LK80402.snowflakecomputing.com, user: TULIPRAAJ007, password is provided, role: undefined, database: ASSETERA, schema: PUBLIC, warehouse: COMPUTE_WH, region: undefined, authenticator: SNOWFLAKE, ocsp mode: FAIL_OPEN, os: win32, os version: 10.0.20348"}
{"level":"INFO","message":"[2:38:40.074 PM]: Connection[id: 179a7931-efae-4723-97d7-fd4643a312ce] additional details: passcode in password is provided, passcode is not provided, private key is not provided, application: undefined, client name: snowflake-sdk, client version: 1.15.0, retry timeout: 300, private key path: undefined, private key pass is not provided, client store temporary credential: false, browser response timeout: 120000"}
{"level":"INFO","message":"[2:38:40.075 PM]: Connection[id: 179a7931-efae-4723-97d7-fd4643a312ce] - connection object created successfully."}
{"level":"INFO","message":"[2:38:40.075 PM]: Connection[id: 179a7931-efae-4723-97d7-fd4643a312ce] - connecting. Associated Snowflake domain: GLOBAL"}
{"level":"INFO","message":"[2:38:40.076 PM]: Connection[id: 179a7931-efae-4723-97d7-fd4643a312ce] - authentication successful using: SNOWFLAKE"}
{"level":"INFO","message":"[2:38:40.077 PM]: Connection[id: 179a7931-efae-4723-97d7-fd4643a312ce] - connected successfully after 1.341100000019651 milliseconds"}
{"level":"INFO","message":"[2:38:42.420 PM]: Creating new connection object"}
{"level":"INFO","message":"[2:38:42.422 PM]: Creating Connection[id: 0f7ac9e6-c7a1-4bb0-b239-61a4c5d86e5a] with host: RMCVKYD-LK80402.snowflakecomputing.com, account: RMCVKYD-LK80402, accessUrl: https://RMCVKYD-LK80402.snowflakecomputing.com, user: TULIPRAAJ007, password is provided, role: undefined, database: ASSETERA, schema: PUBLIC, warehouse: COMPUTE_WH, region: undefined, authenticator: SNOWFLAKE, ocsp mode: FAIL_OPEN, os: win32, os version: 10.0.20348"}
{"level":"INFO","message":"[2:38:42.422 PM]: Connection[id: 0f7ac9e6-c7a1-4bb0-b239-61a4c5d86e5a] additional details: passcode in password is provided, passcode is not provided, private key is not provided, application: undefined, client name: snowflake-sdk, client version: 1.15.0, retry timeout: 300, private key path: undefined, private key pass is not provided, client store temporary credential: false, browser response timeout: 120000"}
{"level":"INFO","message":"[2:38:42.423 PM]: Connection[id: 0f7ac9e6-c7a1-4bb0-b239-61a4c5d86e5a] - connection object created successfully."}
{"level":"INFO","message":"[2:38:42.423 PM]: Connection[id: 0f7ac9e6-c7a1-4bb0-b239-61a4c5d86e5a] - connecting. Associated Snowflake domain: GLOBAL"}
{"level":"INFO","message":"[2:38:42.424 PM]: Connection[id: 0f7ac9e6-c7a1-4bb0-b239-61a4c5d86e5a] - authentication successful using: SNOWFLAKE"}
{"level":"INFO","message":"[2:38:42.425 PM]: Connection[id: 0f7ac9e6-c7a1-4bb0-b239-61a4c5d86e5a] - connected successfully after 1.3238000000128523 milliseconds"}
{"level":"INFO","message":"[2:38:42.819 PM]: Creating new connection object"}
{"level":"INFO","message":"[2:38:42.820 PM]: Creating Connection[id: 39bc7179-e410-4ad1-9984-35d2cc3314d2] with host: RMCVKYD-LK80402.snowflakecomputing.com, account: RMCVKYD-LK80402, accessUrl: https://RMCVKYD-LK80402.snowflakecomputing.com, user: TULIPRAAJ007, password is provided, role: undefined, database: ASSETERA, schema: PUBLIC, warehouse: COMPUTE_WH, region: undefined, authenticator: SNOWFLAKE, ocsp mode: FAIL_OPEN, os: win32, os version: 10.0.20348"}
{"level":"INFO","message":"[2:38:42.821 PM]: Connection[id: 39bc7179-e410-4ad1-9984-35d2cc3314d2] additional details: passcode in password is provided, passcode is not provided, private key is not provided, application: undefined, client name: snowflake-sdk, client version: 1.15.0, retry timeout: 300, private key path: undefined, private key pass is not provided, client store temporary credential: false, browser response timeout: 120000"}
{"level":"INFO","message":"[2:38:42.821 PM]: Connection[id: 39bc7179-e410-4ad1-9984-35d2cc3314d2] - connection object created successfully."}
{"level":"INFO","message":"[2:38:42.822 PM]: Connection[id: 39bc7179-e410-4ad1-9984-35d2cc3314d2] - connecting. Associated Snowflake domain: GLOBAL"}
{"level":"INFO","message":"[2:38:42.823 PM]: Connection[id: 39bc7179-e410-4ad1-9984-35d2cc3314d2] - authentication successful using: SNOWFLAKE"}
{"level":"INFO","message":"[2:38:42.824 PM]: Connection[id: 39bc7179-e410-4ad1-9984-35d2cc3314d2] - connected successfully after 1.6855000000214204 milliseconds"}
{"level":"INFO","message":"[2:38:47.179 PM]: Creating new connection object"}
{"level":"INFO","message":"[2:38:47.181 PM]: Creating Connection[id: 6d2c66cf-9d27-4d75-a8df-9ebd99047847] with host: RMCVKYD-LK80402.snowflakecomputing.com, account: RMCVKYD-LK80402, accessUrl: https://RMCVKYD-LK80402.snowflakecomputing.com, user: TULIPRAAJ007, password is provided, role: undefined, database: ASSETERA, schema: PUBLIC, warehouse: COMPUTE_WH, region: undefined, authenticator: SNOWFLAKE, ocsp mode: FAIL_OPEN, os: win32, os version: 10.0.20348"}
{"level":"INFO","message":"[2:38:47.182 PM]: Connection[id: 6d2c66cf-9d27-4d75-a8df-9ebd99047847] additional details: passcode in password is provided, passcode is not provided, private key is not provided, application: undefined, client name: snowflake-sdk, client version: 1.15.0, retry timeout: 300, private key path: undefined, private key pass is not provided, client store temporary credential: false, browser response timeout: 120000"}
{"level":"INFO","message":"[2:38:47.182 PM]: Connection[id: 6d2c66cf-9d27-4d75-a8df-9ebd99047847] - connection object created successfully."}
{"level":"INFO","message":"[2:38:47.183 PM]: Connection[id: 6d2c66cf-9d27-4d75-a8df-9ebd99047847] - connecting. Associated Snowflake domain: GLOBAL"}
{"level":"INFO","message":"[2:38:47.184 PM]: Connection[id: 6d2c66cf-9d27-4d75-a8df-9ebd99047847] - authentication successful using: SNOWFLAKE"}
{"level":"INFO","message":"[2:38:47.185 PM]: Connection[id: 6d2c66cf-9d27-4d75-a8df-9ebd99047847] - connected successfully after 1.7130999999935739 milliseconds"}
{"level":"INFO","message":"[2:38:47.683 PM]: Creating new connection object"}
{"level":"INFO","message":"[2:38:47.684 PM]: Creating Connection[id: 5905fb9e-4ee3-4e1a-8171-bc8d1bfdbecd] with host: RMCVKYD-LK80402.snowflakecomputing.com, account: RMCVKYD-LK80402, accessUrl: https://RMCVKYD-LK80402.snowflakecomputing.com, user: TULIPRAAJ007, password is provided, role: undefined, database: ASSETERA, schema: PUBLIC, warehouse: COMPUTE_WH, region: undefined, authenticator: SNOWFLAKE, ocsp mode: FAIL_OPEN, os: win32, os version: 10.0.20348"}
{"level":"INFO","message":"[2:38:47.685 PM]: Connection[id: 5905fb9e-4ee3-4e1a-8171-bc8d1bfdbecd] additional details: passcode in password is provided, passcode is not provided, private key is not provided, application: undefined, client name: snowflake-sdk, client version: 1.15.0, retry timeout: 300, private key path: undefined, private key pass is not provided, client store temporary credential: false, browser response timeout: 120000"}
{"level":"INFO","message":"[2:38:47.685 PM]: Connection[id: 5905fb9e-4ee3-4e1a-8171-bc8d1bfdbecd] - connection object created successfully."}
{"level":"INFO","message":"[2:38:47.686 PM]: Connection[id: 5905fb9e-4ee3-4e1a-8171-bc8d1bfdbecd] - connecting. Associated Snowflake domain: GLOBAL"}
{"level":"INFO","message":"[2:38:47.686 PM]: Connection[id: 5905fb9e-4ee3-4e1a-8171-bc8d1bfdbecd] - authentication successful using: SNOWFLAKE"}
{"level":"INFO","message":"[2:38:47.687 PM]: Connection[id: 5905fb9e-4ee3-4e1a-8171-bc8d1bfdbecd] - connected successfully after 1.3125 milliseconds"}
{"level":"INFO","message":"[2:38:49.638 PM]: Creating new connection object"}
{"level":"INFO","message":"[2:38:49.644 PM]: Creating Connection[id: 7f894149-c490-42be-8a38-bd7c0b286864] with host: RMCVKYD-LK80402.snowflakecomputing.com, account: RMCVKYD-LK80402, accessUrl: https://RMCVKYD-LK80402.snowflakecomputing.com, user: TULIPRAAJ007, password is provided, role: undefined, database: ASSETERA, schema: PUBLIC, warehouse: COMPUTE_WH, region: undefined, authenticator: SNOWFLAKE, ocsp mode: FAIL_OPEN, os: win32, os version: 10.0.20348"}
{"level":"INFO","message":"[2:38:49.648 PM]: Connection[id: 7f894149-c490-42be-8a38-bd7c0b286864] additional details: passcode in password is provided, passcode is not provided, private key is not provided, application: undefined, client name: snowflake-sdk, client version: 1.15.0, retry timeout: 300, private key path: undefined, private key pass is not provided, client store temporary credential: false, browser response timeout: 120000"}
{"level":"INFO","message":"[2:38:49.649 PM]: Connection[id: 7f894149-c490-42be-8a38-bd7c0b286864] - connection object created successfully."}
{"level":"INFO","message":"[2:38:49.653 PM]: Connection[id: 7f894149-c490-42be-8a38-bd7c0b286864] - connecting. Associated Snowflake domain: GLOBAL"}
{"level":"INFO","message":"[2:38:49.658 PM]: Connection[id: 7f894149-c490-42be-8a38-bd7c0b286864] - authentication successful using: SNOWFLAKE"}
{"level":"INFO","message":"[2:38:49.659 PM]: Connection[id: 7f894149-c490-42be-8a38-bd7c0b286864] - connected successfully after 6.125599999970291 milliseconds"}
{"level":"INFO","message":"[2:38:50.043 PM]: Creating new connection object"}
{"level":"INFO","message":"[2:38:50.044 PM]: Creating Connection[id: 99c92b68-38cc-4d59-982b-490adace76c1] with host: RMCVKYD-LK80402.snowflakecomputing.com, account: RMCVKYD-LK80402, accessUrl: https://RMCVKYD-LK80402.snowflakecomputing.com, user: TULIPRAAJ007, password is provided, role: undefined, database: ASSETERA, schema: PUBLIC, warehouse: COMPUTE_WH, region: undefined, authenticator: SNOWFLAKE, ocsp mode: FAIL_OPEN, os: win32, os version: 10.0.20348"}
{"level":"INFO","message":"[2:38:50.045 PM]: Connection[id: 99c92b68-38cc-4d59-982b-490adace76c1] additional details: passcode in password is provided, passcode is not provided, private key is not provided, application: undefined, client name: snowflake-sdk, client version: 1.15.0, retry timeout: 300, private key path: undefined, private key pass is not provided, client store temporary credential: false, browser response timeout: 120000"}
{"level":"INFO","message":"[2:38:50.045 PM]: Connection[id: 99c92b68-38cc-4d59-982b-490adace76c1] - connection object created successfully."}
{"level":"INFO","message":"[2:38:50.046 PM]: Connection[id: 99c92b68-38cc-4d59-982b-490adace76c1] - connecting. Associated Snowflake domain: GLOBAL"}
{"level":"INFO","message":"[2:38:50.046 PM]: Connection[id: 99c92b68-38cc-4d59-982b-490adace76c1] - authentication successful using: SNOWFLAKE"}
{"level":"INFO","message":"[2:38:50.047 PM]: Connection[id: 99c92b68-38cc-4d59-982b-490adace76c1] - connected successfully after 1.2903999999980442 milliseconds"}
{"level":"INFO","message":"[2:38:51.403 PM]: Creating new connection object"}
{"level":"INFO","message":"[2:38:51.405 PM]: Creating Connection[id: 61a8d837-ad42-49d2-9c10-a12d54ec9586] with host: RMCVKYD-LK80402.snowflakecomputing.com, account: RMCVKYD-LK80402, accessUrl: https://RMCVKYD-LK80402.snowflakecomputing.com, user: TULIPRAAJ007, password is provided, role: undefined, database: ASSETERA, schema: PUBLIC, warehouse: COMPUTE_WH, region: undefined, authenticator: SNOWFLAKE, ocsp mode: FAIL_OPEN, os: win32, os version: 10.0.20348"}
{"level":"INFO","message":"[2:38:51.406 PM]: Connection[id: 61a8d837-ad42-49d2-9c10-a12d54ec9586] additional details: passcode in password is provided, passcode is not provided, private key is not provided, application: undefined, client name: snowflake-sdk, client version: 1.15.0, retry timeout: 300, private key path: undefined, private key pass is not provided, client store temporary credential: false, browser response timeout: 120000"}
{"level":"INFO","message":"[2:38:51.406 PM]: Connection[id: 61a8d837-ad42-49d2-9c10-a12d54ec9586] - connection object created successfully."}
{"level":"INFO","message":"[2:38:51.407 PM]: Connection[id: 61a8d837-ad42-49d2-9c10-a12d54ec9586] - connecting. Associated Snowflake domain: GLOBAL"}
{"level":"INFO","message":"[2:38:51.407 PM]: Connection[id: 61a8d837-ad42-49d2-9c10-a12d54ec9586] - authentication successful using: SNOWFLAKE"}
{"level":"INFO","message":"[2:38:51.408 PM]: Connection[id: 61a8d837-ad42-49d2-9c10-a12d54ec9586] - connected successfully after 1.1327000000164844 milliseconds"}
{"level":"INFO","message":"[2:38:51.678 PM]: Creating new connection object"}
{"level":"INFO","message":"[2:38:51.679 PM]: Creating Connection[id: 8121b919-97fd-4e88-9b16-13250155226f] with host: RMCVKYD-LK80402.snowflakecomputing.com, account: RMCVKYD-LK80402, accessUrl: https://RMCVKYD-LK80402.snowflakecomputing.com, user: TULIPRAAJ007, password is provided, role: undefined, database: ASSETERA, schema: PUBLIC, warehouse: COMPUTE_WH, region: undefined, authenticator: SNOWFLAKE, ocsp mode: FAIL_OPEN, os: win32, os version: 10.0.20348"}
{"level":"INFO","message":"[2:38:51.680 PM]: Connection[id: 8121b919-97fd-4e88-9b16-13250155226f] additional details: passcode in password is provided, passcode is not provided, private key is not provided, application: undefined, client name: snowflake-sdk, client version: 1.15.0, retry timeout: 300, private key path: undefined, private key pass is not provided, client store temporary credential: false, browser response timeout: 120000"}
{"level":"INFO","message":"[2:38:51.680 PM]: Connection[id: 8121b919-97fd-4e88-9b16-13250155226f] - connection object created successfully."}
{"level":"INFO","message":"[2:38:51.681 PM]: Connection[id: 8121b919-97fd-4e88-9b16-13250155226f] - connecting. Associated Snowflake domain: GLOBAL"}
{"level":"INFO","message":"[2:38:51.681 PM]: Connection[id: 8121b919-97fd-4e88-9b16-13250155226f] - authentication successful using: SNOWFLAKE"}
{"level":"INFO","message":"[2:38:51.682 PM]: Connection[id: 8121b919-97fd-4e88-9b16-13250155226f] - connected successfully after 1.1489999999757856 milliseconds"}
{"level":"INFO","message":"[2:38:53.870 PM]: Creating new connection object"}
{"level":"INFO","message":"[2:38:53.872 PM]: Creating Connection[id: d15d83c4-d61e-465f-bc7f-4f0800cd7861] with host: RMCVKYD-LK80402.snowflakecomputing.com, account: RMCVKYD-LK80402, accessUrl: https://RMCVKYD-LK80402.snowflakecomputing.com, user: TULIPRAAJ007, password is provided, role: undefined, database: ASSETERA, schema: PUBLIC, warehouse: COMPUTE_WH, region: undefined, authenticator: SNOWFLAKE, ocsp mode: FAIL_OPEN, os: win32, os version: 10.0.20348"}
{"level":"INFO","message":"[2:38:53.875 PM]: Connection[id: d15d83c4-d61e-465f-bc7f-4f0800cd7861] additional details: passcode in password is provided, passcode is not provided, private key is not provided, application: undefined, client name: snowflake-sdk, client version: 1.15.0, retry timeout: 300, private key path: undefined, private key pass is not provided, client store temporary credential: false, browser response timeout: 120000"}
{"level":"INFO","message":"[2:38:53.876 PM]: Connection[id: d15d83c4-d61e-465f-bc7f-4f0800cd7861] - connection object created successfully."}
{"level":"INFO","message":"[2:38:53.877 PM]: Connection[id: d15d83c4-d61e-465f-bc7f-4f0800cd7861] - connecting. Associated Snowflake domain: GLOBAL"}
{"level":"INFO","message":"[2:38:53.878 PM]: Connection[id: d15d83c4-d61e-465f-bc7f-4f0800cd7861] - authentication successful using: SNOWFLAKE"}
{"level":"INFO","message":"[2:38:53.879 PM]: Connection[id: d15d83c4-d61e-465f-bc7f-4f0800cd7861] - connected successfully after 2.137899999972433 milliseconds"}
{"level":"INFO","message":"[2:38:54.404 PM]: Creating new connection object"}
{"level":"INFO","message":"[2:38:54.406 PM]: Creating Connection[id: 7cbcf2ef-8700-48ab-8b74-2d4feb9deafd] with host: RMCVKYD-LK80402.snowflakecomputing.com, account: RMCVKYD-LK80402, accessUrl: https://RMCVKYD-LK80402.snowflakecomputing.com, user: TULIPRAAJ007, password is provided, role: undefined, database: ASSETERA, schema: PUBLIC, warehouse: COMPUTE_WH, region: undefined, authenticator: SNOWFLAKE, ocsp mode: FAIL_OPEN, os: win32, os version: 10.0.20348"}
{"level":"INFO","message":"[2:38:54.407 PM]: Connection[id: 7cbcf2ef-8700-48ab-8b74-2d4feb9deafd] additional details: passcode in password is provided, passcode is not provided, private key is not provided, application: undefined, client name: snowflake-sdk, client version: 1.15.0, retry timeout: 300, private key path: undefined, private key pass is not provided, client store temporary credential: false, browser response timeout: 120000"}
{"level":"INFO","message":"[2:38:54.408 PM]: Connection[id: 7cbcf2ef-8700-48ab-8b74-2d4feb9deafd] - connection object created successfully."}
{"level":"INFO","message":"[2:38:54.408 PM]: Connection[id: 7cbcf2ef-8700-48ab-8b74-2d4feb9deafd] - connecting. Associated Snowflake domain: GLOBAL"}
{"level":"INFO","message":"[2:38:54.408 PM]: Connection[id: 7cbcf2ef-8700-48ab-8b74-2d4feb9deafd] - authentication successful using: SNOWFLAKE"}
{"level":"INFO","message":"[2:38:54.409 PM]: Connection[id: 7cbcf2ef-8700-48ab-8b74-2d4feb9deafd] - connected successfully after 1.0537999999942258 milliseconds"}
{"level":"INFO","message":"[2:38:58.763 PM]: Creating new connection object"}
{"level":"INFO","message":"[2:38:58.764 PM]: Creating Connection[id: bcad52f6-0734-4939-be51-2de0f3bc5774] with host: RMCVKYD-LK80402.snowflakecomputing.com, account: RMCVKYD-LK80402, accessUrl: https://RMCVKYD-LK80402.snowflakecomputing.com, user: TULIPRAAJ007, password is provided, role: undefined, database: ASSETERA, schema: PUBLIC, warehouse: COMPUTE_WH, region: undefined, authenticator: SNOWFLAKE, ocsp mode: FAIL_OPEN, os: win32, os version: 10.0.20348"}
{"level":"INFO","message":"[2:38:58.765 PM]: Connection[id: bcad52f6-0734-4939-be51-2de0f3bc5774] additional details: passcode in password is provided, passcode is not provided, private key is not provided, application: undefined, client name: snowflake-sdk, client version: 1.15.0, retry timeout: 300, private key path: undefined, private key pass is not provided, client store temporary credential: false, browser response timeout: 120000"}
{"level":"INFO","message":"[2:38:58.766 PM]: Connection[id: bcad52f6-0734-4939-be51-2de0f3bc5774] - connection object created successfully."}
{"level":"INFO","message":"[2:38:58.766 PM]: Connection[id: bcad52f6-0734-4939-be51-2de0f3bc5774] - connecting. Associated Snowflake domain: GLOBAL"}
{"level":"INFO","message":"[2:38:58.767 PM]: Connection[id: bcad52f6-0734-4939-be51-2de0f3bc5774] - authentication successful using: SNOWFLAKE"}
{"level":"INFO","message":"[2:38:58.768 PM]: Connection[id: bcad52f6-0734-4939-be51-2de0f3bc5774] - connected successfully after 1.475200000044424 milliseconds"}
{"level":"INFO","message":"[2:38:59.136 PM]: Creating new connection object"}
{"level":"INFO","message":"[2:38:59.137 PM]: Creating Connection[id: 2fe016e0-fde5-4c7e-aa5d-ea5227600a6a] with host: RMCVKYD-LK80402.snowflakecomputing.com, account: RMCVKYD-LK80402, accessUrl: https://RMCVKYD-LK80402.snowflakecomputing.com, user: TULIPRAAJ007, password is provided, role: undefined, database: ASSETERA, schema: PUBLIC, warehouse: COMPUTE_WH, region: undefined, authenticator: SNOWFLAKE, ocsp mode: FAIL_OPEN, os: win32, os version: 10.0.20348"}
{"level":"INFO","message":"[2:38:59.138 PM]: Connection[id: 2fe016e0-fde5-4c7e-aa5d-ea5227600a6a] additional details: passcode in password is provided, passcode is not provided, private key is not provided, application: undefined, client name: snowflake-sdk, client version: 1.15.0, retry timeout: 300, private key path: undefined, private key pass is not provided, client store temporary credential: false, browser response timeout: 120000"}
{"level":"INFO","message":"[2:38:59.138 PM]: Connection[id: 2fe016e0-fde5-4c7e-aa5d-ea5227600a6a] - connection object created successfully."}
{"level":"INFO","message":"[2:38:59.139 PM]: Connection[id: 2fe016e0-fde5-4c7e-aa5d-ea5227600a6a] - connecting. Associated Snowflake domain: GLOBAL"}
{"level":"INFO","message":"[2:38:59.139 PM]: Connection[id: 2fe016e0-fde5-4c7e-aa5d-ea5227600a6a] - authentication successful using: SNOWFLAKE"}
{"level":"INFO","message":"[2:38:59.140 PM]: Connection[id: 2fe016e0-fde5-4c7e-aa5d-ea5227600a6a] - connected successfully after 1.5712000000057742 milliseconds"}
{"level":"INFO","message":"[2:39:57.408 PM]: Creating new connection object"}
{"level":"INFO","message":"[2:39:57.423 PM]: Creating Connection[id: 51437af6-7944-40ea-a45f-9231955bae08] with host: RMCVKYD-LK80402.snowflakecomputing.com, account: RMCVKYD-LK80402, accessUrl: https://RMCVKYD-LK80402.snowflakecomputing.com, user: TULIPRAAJ007, password is provided, role: undefined, database: ASSETERA, schema: PUBLIC, warehouse: COMPUTE_WH, region: undefined, authenticator: SNOWFLAKE, ocsp mode: FAIL_OPEN, os: win32, os version: 10.0.20348"}
{"level":"INFO","message":"[2:39:57.424 PM]: Connection[id: 51437af6-7944-40ea-a45f-9231955bae08] additional details: passcode in password is provided, passcode is not provided, private key is not provided, application: undefined, client name: snowflake-sdk, client version: 1.15.0, retry timeout: 300, private key path: undefined, private key pass is not provided, client store temporary credential: false, browser response timeout: 120000"}
{"level":"INFO","message":"[2:39:57.425 PM]: Connection[id: 51437af6-7944-40ea-a45f-9231955bae08] - connection object created successfully."}
{"level":"INFO","message":"[2:39:57.426 PM]: Connection[id: 51437af6-7944-40ea-a45f-9231955bae08] - connecting. Associated Snowflake domain: GLOBAL"}
{"level":"INFO","message":"[2:39:57.427 PM]: Connection[id: 51437af6-7944-40ea-a45f-9231955bae08] - authentication successful using: SNOWFLAKE"}
{"level":"INFO","message":"[2:39:57.429 PM]: Trying to initialize Easy Logging"}
{"level":"INFO","message":"[2:39:57.449 PM]: No client config detected."}
{"level":"INFO","message":"[2:39:57.450 PM]: No config file path found. Client config will not be used."}
{"level":"INFO","message":"[2:39:57.451 PM]: Easy Logging is disabled as no config has been found"}
{"level":"INFO","message":"[2:39:57.454 PM]: Connection[id: 51437af6-7944-40ea-a45f-9231955bae08] - connected successfully after 27.56150000001071 milliseconds"}
{"level":"INFO","message":"[2:39:58.192 PM]: Creating new connection object"}
{"level":"INFO","message":"[2:39:58.195 PM]: Creating Connection[id: 8f286862-5b0d-415b-9661-a4e9367dfb64] with host: RMCVKYD-LK80402.snowflakecomputing.com, account: RMCVKYD-LK80402, accessUrl: https://RMCVKYD-LK80402.snowflakecomputing.com, user: TULIPRAAJ007, password is provided, role: undefined, database: ASSETERA, schema: PUBLIC, warehouse: COMPUTE_WH, region: undefined, authenticator: SNOWFLAKE, ocsp mode: FAIL_OPEN, os: win32, os version: 10.0.20348"}
{"level":"INFO","message":"[2:39:58.195 PM]: Connection[id: 8f286862-5b0d-415b-9661-a4e9367dfb64] additional details: passcode in password is provided, passcode is not provided, private key is not provided, application: undefined, client name: snowflake-sdk, client version: 1.15.0, retry timeout: 300, private key path: undefined, private key pass is not provided, client store temporary credential: false, browser response timeout: 120000"}
{"level":"INFO","message":"[2:39:58.196 PM]: Connection[id: 8f286862-5b0d-415b-9661-a4e9367dfb64] - connection object created successfully."}
{"level":"INFO","message":"[2:39:58.197 PM]: Connection[id: 8f286862-5b0d-415b-9661-a4e9367dfb64] - connecting. Associated Snowflake domain: GLOBAL"}
{"level":"INFO","message":"[2:39:58.197 PM]: Connection[id: 8f286862-5b0d-415b-9661-a4e9367dfb64] - authentication successful using: SNOWFLAKE"}
{"level":"INFO","message":"[2:39:58.198 PM]: Connection[id: 8f286862-5b0d-415b-9661-a4e9367dfb64] - connected successfully after 1.2758000000030734 milliseconds"}
{"level":"INFO","message":"[2:40:08.966 PM]: Creating new connection object"}
{"level":"INFO","message":"[2:40:08.972 PM]: Creating Connection[id: 60560d03-f50e-47e2-8b03-373922673d0c] with host: RMCVKYD-LK80402.snowflakecomputing.com, account: RMCVKYD-LK80402, accessUrl: https://RMCVKYD-LK80402.snowflakecomputing.com, user: TULIPRAAJ007, password is provided, role: undefined, database: ASSETERA, schema: PUBLIC, warehouse: COMPUTE_WH, region: undefined, authenticator: SNOWFLAKE, ocsp mode: FAIL_OPEN, os: win32, os version: 10.0.20348"}
{"level":"INFO","message":"[2:40:08.973 PM]: Connection[id: 60560d03-f50e-47e2-8b03-373922673d0c] additional details: passcode in password is provided, passcode is not provided, private key is not provided, application: undefined, client name: snowflake-sdk, client version: 1.15.0, retry timeout: 300, private key path: undefined, private key pass is not provided, client store temporary credential: false, browser response timeout: 120000"}
{"level":"INFO","message":"[2:40:08.974 PM]: Connection[id: 60560d03-f50e-47e2-8b03-373922673d0c] - connection object created successfully."}
{"level":"INFO","message":"[2:40:08.974 PM]: Connection[id: 60560d03-f50e-47e2-8b03-373922673d0c] - connecting. Associated Snowflake domain: GLOBAL"}
{"level":"INFO","message":"[2:40:08.975 PM]: Connection[id: 60560d03-f50e-47e2-8b03-373922673d0c] - authentication successful using: SNOWFLAKE"}
{"level":"INFO","message":"[2:40:08.975 PM]: Trying to initialize Easy Logging"}
{"level":"INFO","message":"[2:40:08.977 PM]: No client config detected."}
{"level":"INFO","message":"[2:40:08.978 PM]: No config file path found. Client config will not be used."}
{"level":"INFO","message":"[2:40:08.978 PM]: Easy Logging is disabled as no config has been found"}
{"level":"INFO","message":"[2:40:08.979 PM]: Connection[id: 60560d03-f50e-47e2-8b03-373922673d0c] - connected successfully after 5.190999999991618 milliseconds"}
{"level":"INFO","message":"[2:41:17.156 PM]: Creating new connection object"}
{"level":"INFO","message":"[2:41:17.167 PM]: Creating Connection[id: 6dbf83cb-fbb6-4cf7-b40b-0b9aaff273fd] with host: RMCVKYD-LK80402.snowflakecomputing.com, account: RMCVKYD-LK80402, accessUrl: https://RMCVKYD-LK80402.snowflakecomputing.com, user: TULIPRAAJ007, password is provided, role: undefined, database: ASSETERA, schema: PUBLIC, warehouse: COMPUTE_WH, region: undefined, authenticator: SNOWFLAKE, ocsp mode: FAIL_OPEN, os: win32, os version: 10.0.20348"}
{"level":"INFO","message":"[2:41:17.168 PM]: Connection[id: 6dbf83cb-fbb6-4cf7-b40b-0b9aaff273fd] additional details: passcode in password is provided, passcode is not provided, private key is not provided, application: undefined, client name: snowflake-sdk, client version: 1.15.0, retry timeout: 300, private key path: undefined, private key pass is not provided, client store temporary credential: false, browser response timeout: 120000"}
{"level":"INFO","message":"[2:41:17.169 PM]: Connection[id: 6dbf83cb-fbb6-4cf7-b40b-0b9aaff273fd] - connection object created successfully."}
{"level":"INFO","message":"[2:41:17.170 PM]: Connection[id: 6dbf83cb-fbb6-4cf7-b40b-0b9aaff273fd] - connecting. Associated Snowflake domain: GLOBAL"}
{"level":"INFO","message":"[2:41:17.172 PM]: Connection[id: 6dbf83cb-fbb6-4cf7-b40b-0b9aaff273fd] - authentication successful using: SNOWFLAKE"}
{"level":"INFO","message":"[2:41:17.173 PM]: Trying to initialize Easy Logging"}
{"level":"INFO","message":"[2:41:17.212 PM]: No client config detected."}
{"level":"INFO","message":"[2:41:17.365 PM]: No config file path found. Client config will not be used."}
{"level":"INFO","message":"[2:41:17.369 PM]: Easy Logging is disabled as no config has been found"}
{"level":"INFO","message":"[2:41:17.376 PM]: Connection[id: 6dbf83cb-fbb6-4cf7-b40b-0b9aaff273fd] - connected successfully after 205.80300000001444 milliseconds"}
{"level":"INFO","message":"[2:41:29.087 PM]: Creating new connection object"}
{"level":"INFO","message":"[2:41:29.100 PM]: Creating Connection[id: 436a757d-cc06-4586-aff4-3ecd31cd3a3c] with host: RMCVKYD-LK80402.snowflakecomputing.com, account: RMCVKYD-LK80402, accessUrl: https://RMCVKYD-LK80402.snowflakecomputing.com, user: TULIPRAAJ007, password is provided, role: undefined, database: ASSETERA, schema: PUBLIC, warehouse: COMPUTE_WH, region: undefined, authenticator: SNOWFLAKE, ocsp mode: FAIL_OPEN, os: win32, os version: 10.0.20348"}
{"level":"INFO","message":"[2:41:29.101 PM]: Connection[id: 436a757d-cc06-4586-aff4-3ecd31cd3a3c] additional details: passcode in password is provided, passcode is not provided, private key is not provided, application: undefined, client name: snowflake-sdk, client version: 1.15.0, retry timeout: 300, private key path: undefined, private key pass is not provided, client store temporary credential: false, browser response timeout: 120000"}
{"level":"INFO","message":"[2:41:29.102 PM]: Connection[id: 436a757d-cc06-4586-aff4-3ecd31cd3a3c] - connection object created successfully."}
{"level":"INFO","message":"[2:41:29.103 PM]: Connection[id: 436a757d-cc06-4586-aff4-3ecd31cd3a3c] - connecting. Associated Snowflake domain: GLOBAL"}
{"level":"INFO","message":"[2:41:29.103 PM]: Connection[id: 436a757d-cc06-4586-aff4-3ecd31cd3a3c] - authentication successful using: SNOWFLAKE"}
{"level":"INFO","message":"[2:41:29.104 PM]: Trying to initialize Easy Logging"}
{"level":"INFO","message":"[2:41:29.129 PM]: No client config detected."}
{"level":"INFO","message":"[2:41:29.132 PM]: No config file path found. Client config will not be used."}
{"level":"INFO","message":"[2:41:29.133 PM]: Easy Logging is disabled as no config has been found"}
{"level":"INFO","message":"[2:41:29.136 PM]: Connection[id: 436a757d-cc06-4586-aff4-3ecd31cd3a3c] - connected successfully after 33.51199999998789 milliseconds"}
{"level":"INFO","message":"[2:41:48.746 PM]: Creating new connection object"}
{"level":"INFO","message":"[2:41:48.765 PM]: Creating Connection[id: 7182e2c1-65b8-468b-847a-b21ff64b9766] with host: RMCVKYD-LK80402.snowflakecomputing.com, account: RMCVKYD-LK80402, accessUrl: https://RMCVKYD-LK80402.snowflakecomputing.com, user: TULIPRAAJ007, password is provided, role: undefined, database: ASSETERA, schema: PUBLIC, warehouse: COMPUTE_WH, region: undefined, authenticator: SNOWFLAKE, ocsp mode: FAIL_OPEN, os: win32, os version: 10.0.20348"}
{"level":"INFO","message":"[2:41:48.766 PM]: Connection[id: 7182e2c1-65b8-468b-847a-b21ff64b9766] additional details: passcode in password is provided, passcode is not provided, private key is not provided, application: undefined, client name: snowflake-sdk, client version: 1.15.0, retry timeout: 300, private key path: undefined, private key pass is not provided, client store temporary credential: false, browser response timeout: 120000"}
{"level":"INFO","message":"[2:41:48.767 PM]: Connection[id: 7182e2c1-65b8-468b-847a-b21ff64b9766] - connection object created successfully."}
{"level":"INFO","message":"[2:41:48.768 PM]: Connection[id: 7182e2c1-65b8-468b-847a-b21ff64b9766] - connecting. Associated Snowflake domain: GLOBAL"}
{"level":"INFO","message":"[2:41:48.769 PM]: Connection[id: 7182e2c1-65b8-468b-847a-b21ff64b9766] - authentication successful using: SNOWFLAKE"}
{"level":"INFO","message":"[2:41:48.769 PM]: Trying to initialize Easy Logging"}
{"level":"INFO","message":"[2:41:48.772 PM]: No client config detected."}
{"level":"INFO","message":"[2:41:48.773 PM]: No config file path found. Client config will not be used."}
{"level":"INFO","message":"[2:41:48.775 PM]: Easy Logging is disabled as no config has been found"}
{"level":"INFO","message":"[2:41:48.776 PM]: Connection[id: 7182e2c1-65b8-468b-847a-b21ff64b9766] - connected successfully after 8.446100000059232 milliseconds"}
{"level":"INFO","message":"[2:42:05.328 PM]: Creating new connection object"}
{"level":"INFO","message":"[2:42:05.330 PM]: Creating Connection[id: 0976d8ce-b0b5-4d61-ab8d-9200610ab649] with host: RMCVKYD-LK80402.snowflakecomputing.com, account: RMCVKYD-LK80402, accessUrl: https://RMCVKYD-LK80402.snowflakecomputing.com, user: TULIPRAAJ007, password is provided, role: undefined, database: ASSETERA, schema: PUBLIC, warehouse: COMPUTE_WH, region: undefined, authenticator: SNOWFLAKE, ocsp mode: FAIL_OPEN, os: win32, os version: 10.0.20348"}
{"level":"INFO","message":"[2:42:05.331 PM]: Connection[id: 0976d8ce-b0b5-4d61-ab8d-9200610ab649] additional details: passcode in password is provided, passcode is not provided, private key is not provided, application: undefined, client name: snowflake-sdk, client version: 1.15.0, retry timeout: 300, private key path: undefined, private key pass is not provided, client store temporary credential: false, browser response timeout: 120000"}
{"level":"INFO","message":"[2:42:05.343 PM]: Connection[id: 0976d8ce-b0b5-4d61-ab8d-9200610ab649] - connection object created successfully."}
{"level":"INFO","message":"[2:42:05.344 PM]: Connection[id: 0976d8ce-b0b5-4d61-ab8d-9200610ab649] - connecting. Associated Snowflake domain: GLOBAL"}
{"level":"INFO","message":"[2:42:05.345 PM]: Connection[id: 0976d8ce-b0b5-4d61-ab8d-9200610ab649] - authentication successful using: SNOWFLAKE"}
{"level":"INFO","message":"[2:42:05.346 PM]: Connection[id: 0976d8ce-b0b5-4d61-ab8d-9200610ab649] - connected successfully after 2.233699999982491 milliseconds"}
{"level":"INFO","message":"[2:42:22.924 PM]: Creating new connection object"}
{"level":"INFO","message":"[2:42:22.936 PM]: Creating Connection[id: 2385b3db-3101-4e58-aaa0-0c5d2e2756d3] with host: RMCVKYD-LK80402.snowflakecomputing.com, account: RMCVKYD-LK80402, accessUrl: https://RMCVKYD-LK80402.snowflakecomputing.com, user: TULIPRAAJ007, password is provided, role: undefined, database: ASSETERA, schema: PUBLIC, warehouse: COMPUTE_WH, region: undefined, authenticator: SNOWFLAKE, ocsp mode: FAIL_OPEN, os: win32, os version: 10.0.20348"}
{"level":"INFO","message":"[2:42:22.937 PM]: Connection[id: 2385b3db-3101-4e58-aaa0-0c5d2e2756d3] additional details: passcode in password is provided, passcode is not provided, private key is not provided, application: undefined, client name: snowflake-sdk, client version: 1.15.0, retry timeout: 300, private key path: undefined, private key pass is not provided, client store temporary credential: false, browser response timeout: 120000"}
{"level":"INFO","message":"[2:42:22.938 PM]: Connection[id: 2385b3db-3101-4e58-aaa0-0c5d2e2756d3] - connection object created successfully."}
{"level":"INFO","message":"[2:42:22.939 PM]: Connection[id: 2385b3db-3101-4e58-aaa0-0c5d2e2756d3] - connecting. Associated Snowflake domain: GLOBAL"}
{"level":"INFO","message":"[2:42:22.940 PM]: Connection[id: 2385b3db-3101-4e58-aaa0-0c5d2e2756d3] - authentication successful using: SNOWFLAKE"}
{"level":"INFO","message":"[2:42:22.941 PM]: Trying to initialize Easy Logging"}
{"level":"INFO","message":"[2:42:22.945 PM]: No client config detected."}
{"level":"INFO","message":"[2:42:22.945 PM]: No config file path found. Client config will not be used."}
{"level":"INFO","message":"[2:42:22.946 PM]: Easy Logging is disabled as no config has been found"}
{"level":"INFO","message":"[2:42:22.951 PM]: Connection[id: 2385b3db-3101-4e58-aaa0-0c5d2e2756d3] - connected successfully after 11.607699999934994 milliseconds"}
{"level":"INFO","message":"[2:42:23.610 PM]: Creating new connection object"}
{"level":"INFO","message":"[2:42:23.612 PM]: Creating Connection[id: a2f3f698-6c18-4017-984d-d248a346e286] with host: RMCVKYD-LK80402.snowflakecomputing.com, account: RMCVKYD-LK80402, accessUrl: https://RMCVKYD-LK80402.snowflakecomputing.com, user: TULIPRAAJ007, password is provided, role: undefined, database: ASSETERA, schema: PUBLIC, warehouse: COMPUTE_WH, region: undefined, authenticator: SNOWFLAKE, ocsp mode: FAIL_OPEN, os: win32, os version: 10.0.20348"}
{"level":"INFO","message":"[2:42:23.613 PM]: Connection[id: a2f3f698-6c18-4017-984d-d248a346e286] additional details: passcode in password is provided, passcode is not provided, private key is not provided, application: undefined, client name: snowflake-sdk, client version: 1.15.0, retry timeout: 300, private key path: undefined, private key pass is not provided, client store temporary credential: false, browser response timeout: 120000"}
{"level":"INFO","message":"[2:42:23.613 PM]: Connection[id: a2f3f698-6c18-4017-984d-d248a346e286] - connection object created successfully."}
{"level":"INFO","message":"[2:42:23.614 PM]: Connection[id: a2f3f698-6c18-4017-984d-d248a346e286] - connecting. Associated Snowflake domain: GLOBAL"}
{"level":"INFO","message":"[2:42:23.615 PM]: Connection[id: a2f3f698-6c18-4017-984d-d248a346e286] - authentication successful using: SNOWFLAKE"}
{"level":"INFO","message":"[2:42:23.616 PM]: Connection[id: a2f3f698-6c18-4017-984d-d248a346e286] - connected successfully after 2.4566000000340864 milliseconds"}
{"level":"INFO","message":"[2:43:17.746 PM]: Creating new connection object"}
{"level":"INFO","message":"[2:43:17.761 PM]: Creating Connection[id: 1197908e-df58-47ed-a968-07e64fc2cdd6] with host: RMCVKYD-LK80402.snowflakecomputing.com, account: RMCVKYD-LK80402, accessUrl: https://RMCVKYD-LK80402.snowflakecomputing.com, user: TULIPRAAJ007, password is provided, role: undefined, database: ASSETERA, schema: PUBLIC, warehouse: COMPUTE_WH, region: undefined, authenticator: SNOWFLAKE, ocsp mode: FAIL_OPEN, os: win32, os version: 10.0.20348"}
{"level":"INFO","message":"[2:43:17.771 PM]: Connection[id: 1197908e-df58-47ed-a968-07e64fc2cdd6] additional details: passcode in password is provided, passcode is not provided, private key is not provided, application: undefined, client name: snowflake-sdk, client version: 1.15.0, retry timeout: 300, private key path: undefined, private key pass is not provided, client store temporary credential: false, browser response timeout: 120000"}
{"level":"INFO","message":"[2:43:17.772 PM]: Connection[id: 1197908e-df58-47ed-a968-07e64fc2cdd6] - connection object created successfully."}
{"level":"INFO","message":"[2:43:17.773 PM]: Connection[id: 1197908e-df58-47ed-a968-07e64fc2cdd6] - connecting. Associated Snowflake domain: GLOBAL"}
{"level":"INFO","message":"[2:43:17.774 PM]: Connection[id: 1197908e-df58-47ed-a968-07e64fc2cdd6] - authentication successful using: SNOWFLAKE"}
{"level":"INFO","message":"[2:43:17.775 PM]: Trying to initialize Easy Logging"}
{"level":"INFO","message":"[2:43:17.787 PM]: No client config detected."}
{"level":"INFO","message":"[2:43:18.004 PM]: No config file path found. Client config will not be used."}
{"level":"INFO","message":"[2:43:18.013 PM]: Easy Logging is disabled as no config has been found"}
{"level":"INFO","message":"[2:43:18.016 PM]: Connection[id: 1197908e-df58-47ed-a968-07e64fc2cdd6] - connected successfully after 243.55669999995735 milliseconds"}
{"level":"INFO","message":"[2:43:21.738 PM]: Creating new connection object"}
{"level":"INFO","message":"[2:43:21.739 PM]: Creating Connection[id: 10106474-aab9-4463-9560-80f1da83a0c9] with host: RMCVKYD-LK80402.snowflakecomputing.com, account: RMCVKYD-LK80402, accessUrl: https://RMCVKYD-LK80402.snowflakecomputing.com, user: TULIPRAAJ007, password is provided, role: undefined, database: ASSETERA, schema: PUBLIC, warehouse: COMPUTE_WH, region: undefined, authenticator: SNOWFLAKE, ocsp mode: FAIL_OPEN, os: win32, os version: 10.0.20348"}
{"level":"INFO","message":"[2:43:21.740 PM]: Connection[id: 10106474-aab9-4463-9560-80f1da83a0c9] additional details: passcode in password is provided, passcode is not provided, private key is not provided, application: undefined, client name: snowflake-sdk, client version: 1.15.0, retry timeout: 300, private key path: undefined, private key pass is not provided, client store temporary credential: false, browser response timeout: 120000"}
{"level":"INFO","message":"[2:43:21.741 PM]: Connection[id: 10106474-aab9-4463-9560-80f1da83a0c9] - connection object created successfully."}
{"level":"INFO","message":"[2:43:21.741 PM]: Connection[id: 10106474-aab9-4463-9560-80f1da83a0c9] - connecting. Associated Snowflake domain: GLOBAL"}
{"level":"INFO","message":"[2:43:21.742 PM]: Connection[id: 10106474-aab9-4463-9560-80f1da83a0c9] - authentication successful using: SNOWFLAKE"}
{"level":"INFO","message":"[2:43:21.744 PM]: Connection[id: 10106474-aab9-4463-9560-80f1da83a0c9] - connected successfully after 2.830900000059046 milliseconds"}
{"level":"INFO","message":"[2:43:56.443 PM]: Creating new connection object"}
{"level":"INFO","message":"[2:43:56.448 PM]: Creating Connection[id: 2010119c-faca-4f9a-91e2-309b5951d064] with host: RMCVKYD-LK80402.snowflakecomputing.com, account: RMCVKYD-LK80402, accessUrl: https://RMCVKYD-LK80402.snowflakecomputing.com, user: TULIPRAAJ007, password is provided, role: undefined, database: ASSETERA, schema: PUBLIC, warehouse: COMPUTE_WH, region: undefined, authenticator: SNOWFLAKE, ocsp mode: FAIL_OPEN, os: win32, os version: 10.0.20348"}
{"level":"INFO","message":"[2:43:56.449 PM]: Connection[id: 2010119c-faca-4f9a-91e2-309b5951d064] additional details: passcode in password is provided, passcode is not provided, private key is not provided, application: undefined, client name: snowflake-sdk, client version: 1.15.0, retry timeout: 300, private key path: undefined, private key pass is not provided, client store temporary credential: false, browser response timeout: 120000"}
{"level":"INFO","message":"[2:43:56.450 PM]: Connection[id: 2010119c-faca-4f9a-91e2-309b5951d064] - connection object created successfully."}
{"level":"INFO","message":"[2:43:56.450 PM]: Connection[id: 2010119c-faca-4f9a-91e2-309b5951d064] - connecting. Associated Snowflake domain: GLOBAL"}
{"level":"INFO","message":"[2:43:56.451 PM]: Connection[id: 2010119c-faca-4f9a-91e2-309b5951d064] - authentication successful using: SNOWFLAKE"}
{"level":"INFO","message":"[2:43:56.451 PM]: Trying to initialize Easy Logging"}
{"level":"INFO","message":"[2:43:56.454 PM]: No client config detected."}
{"level":"INFO","message":"[2:43:56.455 PM]: No config file path found. Client config will not be used."}
{"level":"INFO","message":"[2:43:56.456 PM]: Easy Logging is disabled as no config has been found"}
{"level":"INFO","message":"[2:43:56.458 PM]: Connection[id: 2010119c-faca-4f9a-91e2-309b5951d064] - connected successfully after 8.312900000018999 milliseconds"}
{"level":"INFO","message":"[2:45:59.651 PM]: Creating new connection object"}
{"level":"INFO","message":"[2:45:59.663 PM]: Creating Connection[id: 1ced0f29-e5ff-4018-bfe0-d08b516ba7a4] with host: RMCVKYD-LK80402.snowflakecomputing.com, account: RMCVKYD-LK80402, accessUrl: https://RMCVKYD-LK80402.snowflakecomputing.com, user: TULIPRAAJ007, password is provided, role: undefined, database: ASSETERA, schema: PUBLIC, warehouse: COMPUTE_WH, region: undefined, authenticator: SNOWFLAKE, ocsp mode: FAIL_OPEN, os: win32, os version: 10.0.20348"}
{"level":"INFO","message":"[2:45:59.664 PM]: Connection[id: 1ced0f29-e5ff-4018-bfe0-d08b516ba7a4] additional details: passcode in password is provided, passcode is not provided, private key is not provided, application: undefined, client name: snowflake-sdk, client version: 1.15.0, retry timeout: 300, private key path: undefined, private key pass is not provided, client store temporary credential: false, browser response timeout: 120000"}
{"level":"INFO","message":"[2:45:59.665 PM]: Connection[id: 1ced0f29-e5ff-4018-bfe0-d08b516ba7a4] - connection object created successfully."}
{"level":"INFO","message":"[2:45:59.665 PM]: Connection[id: 1ced0f29-e5ff-4018-bfe0-d08b516ba7a4] - connecting. Associated Snowflake domain: GLOBAL"}
{"level":"INFO","message":"[2:45:59.666 PM]: Connection[id: 1ced0f29-e5ff-4018-bfe0-d08b516ba7a4] - authentication successful using: SNOWFLAKE"}
{"level":"INFO","message":"[2:45:59.667 PM]: Trying to initialize Easy Logging"}
{"level":"INFO","message":"[2:45:59.670 PM]: No client config detected."}
{"level":"INFO","message":"[2:45:59.671 PM]: No config file path found. Client config will not be used."}
{"level":"INFO","message":"[2:45:59.672 PM]: Easy Logging is disabled as no config has been found"}
{"level":"INFO","message":"[2:45:59.677 PM]: Connection[id: 1ced0f29-e5ff-4018-bfe0-d08b516ba7a4] - connected successfully after 11.426799999899231 milliseconds"}
{"level":"INFO","message":"[2:46:13.168 PM]: Creating new connection object"}
{"level":"INFO","message":"[2:46:13.191 PM]: Creating Connection[id: b01b03d7-f03d-4b61-b12c-c48bede02263] with host: RMCVKYD-LK80402.snowflakecomputing.com, account: RMCVKYD-LK80402, accessUrl: https://RMCVKYD-LK80402.snowflakecomputing.com, user: TULIPRAAJ007, password is provided, role: undefined, database: ASSETERA, schema: PUBLIC, warehouse: COMPUTE_WH, region: undefined, authenticator: SNOWFLAKE, ocsp mode: FAIL_OPEN, os: win32, os version: 10.0.20348"}
{"level":"INFO","message":"[2:46:13.194 PM]: Connection[id: b01b03d7-f03d-4b61-b12c-c48bede02263] additional details: passcode in password is provided, passcode is not provided, private key is not provided, application: undefined, client name: snowflake-sdk, client version: 1.15.0, retry timeout: 300, private key path: undefined, private key pass is not provided, client store temporary credential: false, browser response timeout: 120000"}
{"level":"INFO","message":"[2:46:13.195 PM]: Connection[id: b01b03d7-f03d-4b61-b12c-c48bede02263] - connection object created successfully."}
{"level":"INFO","message":"[2:46:13.202 PM]: Connection[id: b01b03d7-f03d-4b61-b12c-c48bede02263] - connecting. Associated Snowflake domain: GLOBAL"}
{"level":"INFO","message":"[2:46:13.203 PM]: Connection[id: b01b03d7-f03d-4b61-b12c-c48bede02263] - authentication successful using: SNOWFLAKE"}
{"level":"INFO","message":"[2:46:13.203 PM]: Trying to initialize Easy Logging"}
{"level":"INFO","message":"[2:46:13.207 PM]: No client config detected."}
{"level":"INFO","message":"[2:46:13.207 PM]: No config file path found. Client config will not be used."}
{"level":"INFO","message":"[2:46:13.208 PM]: Easy Logging is disabled as no config has been found"}
{"level":"INFO","message":"[2:46:13.222 PM]: Connection[id: b01b03d7-f03d-4b61-b12c-c48bede02263] - connected successfully after 20.603899999987334 milliseconds"}
{"level":"INFO","message":"[2:46:15.973 PM]: Creating new connection object"}
{"level":"INFO","message":"[2:46:15.978 PM]: Creating Connection[id: 06744dc2-d9e6-4345-bd31-e282ea32c17e] with host: RMCVKYD-LK80402.snowflakecomputing.com, account: RMCVKYD-LK80402, accessUrl: https://RMCVKYD-LK80402.snowflakecomputing.com, user: TULIPRAAJ007, password is provided, role: undefined, database: ASSETERA, schema: PUBLIC, warehouse: COMPUTE_WH, region: undefined, authenticator: SNOWFLAKE, ocsp mode: FAIL_OPEN, os: win32, os version: 10.0.20348"}
{"level":"INFO","message":"[2:46:15.980 PM]: Connection[id: 06744dc2-d9e6-4345-bd31-e282ea32c17e] additional details: passcode in password is provided, passcode is not provided, private key is not provided, application: undefined, client name: snowflake-sdk, client version: 1.15.0, retry timeout: 300, private key path: undefined, private key pass is not provided, client store temporary credential: false, browser response timeout: 120000"}
{"level":"INFO","message":"[2:46:15.981 PM]: Connection[id: 06744dc2-d9e6-4345-bd31-e282ea32c17e] - connection object created successfully."}
{"level":"INFO","message":"[2:46:15.982 PM]: Connection[id: 06744dc2-d9e6-4345-bd31-e282ea32c17e] - connecting. Associated Snowflake domain: GLOBAL"}
{"level":"INFO","message":"[2:46:15.983 PM]: Connection[id: 06744dc2-d9e6-4345-bd31-e282ea32c17e] - authentication successful using: SNOWFLAKE"}
{"level":"INFO","message":"[2:46:15.984 PM]: Trying to initialize Easy Logging"}
{"level":"INFO","message":"[2:46:16.020 PM]: No client config detected."}
{"level":"INFO","message":"[2:46:16.021 PM]: No config file path found. Client config will not be used."}
{"level":"INFO","message":"[2:46:16.022 PM]: Easy Logging is disabled as no config has been found"}
{"level":"INFO","message":"[2:46:16.023 PM]: Connection[id: 06744dc2-d9e6-4345-bd31-e282ea32c17e] - connected successfully after 40.755800000042655 milliseconds"}
{"level":"INFO","message":"[2:46:20.800 PM]: Creating new connection object"}
{"level":"INFO","message":"[2:46:20.822 PM]: Creating Connection[id: acad583b-4377-4f3d-a51e-8fd3c31aaff2] with host: RMCVKYD-LK80402.snowflakecomputing.com, account: RMCVKYD-LK80402, accessUrl: https://RMCVKYD-LK80402.snowflakecomputing.com, user: TULIPRAAJ007, password is provided, role: undefined, database: ASSETERA, schema: PUBLIC, warehouse: COMPUTE_WH, region: undefined, authenticator: SNOWFLAKE, ocsp mode: FAIL_OPEN, os: win32, os version: 10.0.20348"}
{"level":"INFO","message":"[2:46:20.824 PM]: Connection[id: acad583b-4377-4f3d-a51e-8fd3c31aaff2] additional details: passcode in password is provided, passcode is not provided, private key is not provided, application: undefined, client name: snowflake-sdk, client version: 1.15.0, retry timeout: 300, private key path: undefined, private key pass is not provided, client store temporary credential: false, browser response timeout: 120000"}
{"level":"INFO","message":"[2:46:20.932 PM]: Connection[id: acad583b-4377-4f3d-a51e-8fd3c31aaff2] - connection object created successfully."}
{"level":"INFO","message":"[2:46:21.025 PM]: Connection[id: acad583b-4377-4f3d-a51e-8fd3c31aaff2] - connecting. Associated Snowflake domain: GLOBAL"}
{"level":"INFO","message":"[2:46:21.028 PM]: Connection[id: acad583b-4377-4f3d-a51e-8fd3c31aaff2] - authentication successful using: SNOWFLAKE"}
{"level":"INFO","message":"[2:46:21.029 PM]: Trying to initialize Easy Logging"}
{"level":"INFO","message":"[2:46:21.034 PM]: No client config detected."}
{"level":"INFO","message":"[2:46:21.035 PM]: No config file path found. Client config will not be used."}
{"level":"INFO","message":"[2:46:21.064 PM]: Easy Logging is disabled as no config has been found"}
{"level":"INFO","message":"[2:46:21.068 PM]: Connection[id: acad583b-4377-4f3d-a51e-8fd3c31aaff2] - connected successfully after 42.57799999997951 milliseconds"}
{"level":"INFO","message":"[2:47:57.093 PM]: Creating new connection object"}
{"level":"INFO","message":"[2:47:57.111 PM]: Creating Connection[id: 60785e54-fb8f-438a-b5dd-0e4e08b333b3] with host: RMCVKYD-LK80402.snowflakecomputing.com, account: RMCVKYD-LK80402, accessUrl: https://RMCVKYD-LK80402.snowflakecomputing.com, user: TULIPRAAJ007, password is provided, role: undefined, database: ASSETERA, schema: PUBLIC, warehouse: COMPUTE_WH, region: undefined, authenticator: SNOWFLAKE, ocsp mode: FAIL_OPEN, os: win32, os version: 10.0.20348"}
{"level":"INFO","message":"[2:47:57.112 PM]: Connection[id: 60785e54-fb8f-438a-b5dd-0e4e08b333b3] additional details: passcode in password is provided, passcode is not provided, private key is not provided, application: undefined, client name: snowflake-sdk, client version: 1.15.0, retry timeout: 300, private key path: undefined, private key pass is not provided, client store temporary credential: false, browser response timeout: 120000"}
{"level":"INFO","message":"[2:47:57.114 PM]: Connection[id: 60785e54-fb8f-438a-b5dd-0e4e08b333b3] - connection object created successfully."}
{"level":"INFO","message":"[2:47:57.115 PM]: Connection[id: 60785e54-fb8f-438a-b5dd-0e4e08b333b3] - connecting. Associated Snowflake domain: GLOBAL"}
{"level":"INFO","message":"[2:47:57.118 PM]: Connection[id: 60785e54-fb8f-438a-b5dd-0e4e08b333b3] - authentication successful using: SNOWFLAKE"}
{"level":"INFO","message":"[2:47:57.130 PM]: Trying to initialize Easy Logging"}
{"level":"INFO","message":"[2:47:57.133 PM]: No client config detected."}
{"level":"INFO","message":"[2:47:57.134 PM]: No config file path found. Client config will not be used."}
{"level":"INFO","message":"[2:47:57.135 PM]: Easy Logging is disabled as no config has been found"}
{"level":"INFO","message":"[2:47:57.138 PM]: Connection[id: 60785e54-fb8f-438a-b5dd-0e4e08b333b3] - connected successfully after 23.289899999974295 milliseconds"}
{"level":"INFO","message":"[2:48:28.035 PM]: Creating new connection object"}
{"level":"INFO","message":"[2:48:28.037 PM]: Creating Connection[id: 65fc49fa-766f-4265-a941-abad6c7dc3b6] with host: RMCVKYD-LK80402.snowflakecomputing.com, account: RMCVKYD-LK80402, accessUrl: https://RMCVKYD-LK80402.snowflakecomputing.com, user: TULIPRAAJ007, password is provided, role: undefined, database: ASSETERA, schema: PUBLIC, warehouse: COMPUTE_WH, region: undefined, authenticator: SNOWFLAKE, ocsp mode: FAIL_OPEN, os: win32, os version: 10.0.20348"}
{"level":"INFO","message":"[2:48:28.040 PM]: Connection[id: 65fc49fa-766f-4265-a941-abad6c7dc3b6] additional details: passcode in password is provided, passcode is not provided, private key is not provided, application: undefined, client name: snowflake-sdk, client version: 1.15.0, retry timeout: 300, private key path: undefined, private key pass is not provided, client store temporary credential: false, browser response timeout: 120000"}
{"level":"INFO","message":"[2:48:28.041 PM]: Connection[id: 65fc49fa-766f-4265-a941-abad6c7dc3b6] - connection object created successfully."}
{"level":"INFO","message":"[2:48:28.048 PM]: Connection[id: 65fc49fa-766f-4265-a941-abad6c7dc3b6] - connecting. Associated Snowflake domain: GLOBAL"}
{"level":"INFO","message":"[2:48:28.048 PM]: Connection[id: 65fc49fa-766f-4265-a941-abad6c7dc3b6] - authentication successful using: SNOWFLAKE"}
{"level":"INFO","message":"[2:48:28.050 PM]: Connection[id: 65fc49fa-766f-4265-a941-abad6c7dc3b6] - connected successfully after 1.8889000000199303 milliseconds"}
{"level":"INFO","message":"[2:48:37.430 PM]: Creating new connection object"}
{"level":"INFO","message":"[2:48:37.431 PM]: Creating Connection[id: c21c3ed5-4f26-4d78-b676-0efaa926531c] with host: RMCVKYD-LK80402.snowflakecomputing.com, account: RMCVKYD-LK80402, accessUrl: https://RMCVKYD-LK80402.snowflakecomputing.com, user: TULIPRAAJ007, password is provided, role: undefined, database: ASSETERA, schema: PUBLIC, warehouse: COMPUTE_WH, region: undefined, authenticator: SNOWFLAKE, ocsp mode: FAIL_OPEN, os: win32, os version: 10.0.20348"}
{"level":"INFO","message":"[2:48:37.432 PM]: Connection[id: c21c3ed5-4f26-4d78-b676-0efaa926531c] additional details: passcode in password is provided, passcode is not provided, private key is not provided, application: undefined, client name: snowflake-sdk, client version: 1.15.0, retry timeout: 300, private key path: undefined, private key pass is not provided, client store temporary credential: false, browser response timeout: 120000"}
{"level":"INFO","message":"[2:48:37.433 PM]: Connection[id: c21c3ed5-4f26-4d78-b676-0efaa926531c] - connection object created successfully."}
{"level":"INFO","message":"[2:48:37.433 PM]: Connection[id: c21c3ed5-4f26-4d78-b676-0efaa926531c] - connecting. Associated Snowflake domain: GLOBAL"}
{"level":"INFO","message":"[2:48:37.435 PM]: Connection[id: c21c3ed5-4f26-4d78-b676-0efaa926531c] - authentication successful using: SNOWFLAKE"}
{"level":"INFO","message":"[2:48:37.460 PM]: Connection[id: c21c3ed5-4f26-4d78-b676-0efaa926531c] - connected successfully after 26.33249999990221 milliseconds"}
{"level":"INFO","message":"[2:50:30.360 PM]: Creating new connection object"}
{"level":"INFO","message":"[2:50:30.374 PM]: Creating Connection[id: 27a4a170-ac81-458f-92c8-fa674a247ca7] with host: RMCVKYD-LK80402.snowflakecomputing.com, account: RMCVKYD-LK80402, accessUrl: https://RMCVKYD-LK80402.snowflakecomputing.com, user: TULIPRAAJ007, password is provided, role: undefined, database: ASSETERA, schema: PUBLIC, warehouse: COMPUTE_WH, region: undefined, authenticator: SNOWFLAKE, ocsp mode: FAIL_OPEN, os: win32, os version: 10.0.20348"}
{"level":"INFO","message":"[2:50:30.375 PM]: Connection[id: 27a4a170-ac81-458f-92c8-fa674a247ca7] additional details: passcode in password is provided, passcode is not provided, private key is not provided, application: undefined, client name: snowflake-sdk, client version: 1.15.0, retry timeout: 300, private key path: undefined, private key pass is not provided, client store temporary credential: false, browser response timeout: 120000"}
{"level":"INFO","message":"[2:50:30.376 PM]: Connection[id: 27a4a170-ac81-458f-92c8-fa674a247ca7] - connection object created successfully."}
{"level":"INFO","message":"[2:50:30.377 PM]: Connection[id: 27a4a170-ac81-458f-92c8-fa674a247ca7] - connecting. Associated Snowflake domain: GLOBAL"}
{"level":"INFO","message":"[2:50:30.390 PM]: Connection[id: 27a4a170-ac81-458f-92c8-fa674a247ca7] - authentication successful using: SNOWFLAKE"}
{"level":"INFO","message":"[2:50:30.392 PM]: Trying to initialize Easy Logging"}
{"level":"INFO","message":"[2:50:30.417 PM]: No client config detected."}
{"level":"INFO","message":"[2:50:30.418 PM]: No config file path found. Client config will not be used."}
{"level":"INFO","message":"[2:50:30.419 PM]: Easy Logging is disabled as no config has been found"}
{"level":"INFO","message":"[2:50:30.422 PM]: Connection[id: 27a4a170-ac81-458f-92c8-fa674a247ca7] - connected successfully after 44.45059999986552 milliseconds"}
{"level":"INFO","message":"[2:50:31.144 PM]: Creating new connection object"}
{"level":"INFO","message":"[2:50:31.146 PM]: Creating Connection[id: cf49dca2-59ac-4c28-9500-be01166a3432] with host: RMCVKYD-LK80402.snowflakecomputing.com, account: RMCVKYD-LK80402, accessUrl: https://RMCVKYD-LK80402.snowflakecomputing.com, user: TULIPRAAJ007, password is provided, role: undefined, database: ASSETERA, schema: PUBLIC, warehouse: COMPUTE_WH, region: undefined, authenticator: SNOWFLAKE, ocsp mode: FAIL_OPEN, os: win32, os version: 10.0.20348"}
{"level":"INFO","message":"[2:50:31.147 PM]: Connection[id: cf49dca2-59ac-4c28-9500-be01166a3432] additional details: passcode in password is provided, passcode is not provided, private key is not provided, application: undefined, client name: snowflake-sdk, client version: 1.15.0, retry timeout: 300, private key path: undefined, private key pass is not provided, client store temporary credential: false, browser response timeout: 120000"}
{"level":"INFO","message":"[2:50:31.148 PM]: Connection[id: cf49dca2-59ac-4c28-9500-be01166a3432] - connection object created successfully."}
{"level":"INFO","message":"[2:50:31.148 PM]: Connection[id: cf49dca2-59ac-4c28-9500-be01166a3432] - connecting. Associated Snowflake domain: GLOBAL"}
{"level":"INFO","message":"[2:50:31.149 PM]: Connection[id: cf49dca2-59ac-4c28-9500-be01166a3432] - authentication successful using: SNOWFLAKE"}
{"level":"INFO","message":"[2:50:31.149 PM]: Connection[id: cf49dca2-59ac-4c28-9500-be01166a3432] - connected successfully after 1.2399999999906868 milliseconds"}
{"level":"INFO","message":"[2:51:10.050 PM]: Creating new connection object"}
{"level":"INFO","message":"[2:51:10.067 PM]: Creating Connection[id: 381c2539-39e7-4015-bfc9-c4d53174c5ae] with host: RMCVKYD-LK80402.snowflakecomputing.com, account: RMCVKYD-LK80402, accessUrl: https://RMCVKYD-LK80402.snowflakecomputing.com, user: TULIPRAAJ007, password is provided, role: undefined, database: ASSETERA, schema: PUBLIC, warehouse: COMPUTE_WH, region: undefined, authenticator: SNOWFLAKE, ocsp mode: FAIL_OPEN, os: win32, os version: 10.0.20348"}
{"level":"INFO","message":"[2:51:10.068 PM]: Connection[id: 381c2539-39e7-4015-bfc9-c4d53174c5ae] additional details: passcode in password is provided, passcode is not provided, private key is not provided, application: undefined, client name: snowflake-sdk, client version: 1.15.0, retry timeout: 300, private key path: undefined, private key pass is not provided, client store temporary credential: false, browser response timeout: 120000"}
{"level":"INFO","message":"[2:51:10.069 PM]: Connection[id: 381c2539-39e7-4015-bfc9-c4d53174c5ae] - connection object created successfully."}
{"level":"INFO","message":"[2:51:10.070 PM]: Connection[id: 381c2539-39e7-4015-bfc9-c4d53174c5ae] - connecting. Associated Snowflake domain: GLOBAL"}
{"level":"INFO","message":"[2:51:10.070 PM]: Connection[id: 381c2539-39e7-4015-bfc9-c4d53174c5ae] - authentication successful using: SNOWFLAKE"}
{"level":"INFO","message":"[2:51:10.071 PM]: Trying to initialize Easy Logging"}
{"level":"INFO","message":"[2:51:10.074 PM]: No client config detected."}
{"level":"INFO","message":"[2:51:10.075 PM]: No config file path found. Client config will not be used."}
{"level":"INFO","message":"[2:51:10.078 PM]: Easy Logging is disabled as no config has been found"}
{"level":"INFO","message":"[2:51:10.092 PM]: Connection[id: 381c2539-39e7-4015-bfc9-c4d53174c5ae] - connected successfully after 22.58629999984987 milliseconds"}
{"level":"INFO","message":"[2:51:47.628 PM]: Creating new connection object"}
{"level":"INFO","message":"[2:51:47.632 PM]: Creating Connection[id: 6778af7e-4b13-4d41-ab8e-4721a39dd3eb] with host: RMCVKYD-LK80402.snowflakecomputing.com, account: RMCVKYD-LK80402, accessUrl: https://RMCVKYD-LK80402.snowflakecomputing.com, user: TULIPRAAJ007, password is provided, role: undefined, database: ASSETERA, schema: PUBLIC, warehouse: COMPUTE_WH, region: undefined, authenticator: SNOWFLAKE, ocsp mode: FAIL_OPEN, os: win32, os version: 10.0.20348"}
{"level":"INFO","message":"[2:51:47.633 PM]: Connection[id: 6778af7e-4b13-4d41-ab8e-4721a39dd3eb] additional details: passcode in password is provided, passcode is not provided, private key is not provided, application: undefined, client name: snowflake-sdk, client version: 1.15.0, retry timeout: 300, private key path: undefined, private key pass is not provided, client store temporary credential: false, browser response timeout: 120000"}
{"level":"INFO","message":"[2:51:47.634 PM]: Connection[id: 6778af7e-4b13-4d41-ab8e-4721a39dd3eb] - connection object created successfully."}
{"level":"INFO","message":"[2:51:47.634 PM]: Connection[id: 6778af7e-4b13-4d41-ab8e-4721a39dd3eb] - connecting. Associated Snowflake domain: GLOBAL"}
{"level":"INFO","message":"[2:51:47.635 PM]: Connection[id: 6778af7e-4b13-4d41-ab8e-4721a39dd3eb] - authentication successful using: SNOWFLAKE"}
{"level":"INFO","message":"[2:51:47.637 PM]: Connection[id: 6778af7e-4b13-4d41-ab8e-4721a39dd3eb] - connected successfully after 1.9416000000201166 milliseconds"}
{"level":"INFO","message":"[2:51:48.020 PM]: Creating new connection object"}
{"level":"INFO","message":"[2:51:48.022 PM]: Creating Connection[id: e583724d-eebe-44cc-b5bc-77f54c0915a7] with host: RMCVKYD-LK80402.snowflakecomputing.com, account: RMCVKYD-LK80402, accessUrl: https://RMCVKYD-LK80402.snowflakecomputing.com, user: TULIPRAAJ007, password is provided, role: undefined, database: ASSETERA, schema: PUBLIC, warehouse: COMPUTE_WH, region: undefined, authenticator: SNOWFLAKE, ocsp mode: FAIL_OPEN, os: win32, os version: 10.0.20348"}
{"level":"INFO","message":"[2:51:48.023 PM]: Connection[id: e583724d-eebe-44cc-b5bc-77f54c0915a7] additional details: passcode in password is provided, passcode is not provided, private key is not provided, application: undefined, client name: snowflake-sdk, client version: 1.15.0, retry timeout: 300, private key path: undefined, private key pass is not provided, client store temporary credential: false, browser response timeout: 120000"}
{"level":"INFO","message":"[2:51:48.023 PM]: Connection[id: e583724d-eebe-44cc-b5bc-77f54c0915a7] - connection object created successfully."}
{"level":"INFO","message":"[2:51:48.023 PM]: Connection[id: e583724d-eebe-44cc-b5bc-77f54c0915a7] - connecting. Associated Snowflake domain: GLOBAL"}
{"level":"INFO","message":"[2:51:48.024 PM]: Connection[id: e583724d-eebe-44cc-b5bc-77f54c0915a7] - authentication successful using: SNOWFLAKE"}
{"level":"INFO","message":"[2:51:48.025 PM]: Connection[id: e583724d-eebe-44cc-b5bc-77f54c0915a7] - connected successfully after 1.2667000000365078 milliseconds"}
{"level":"INFO","message":"[2:54:28.540 PM]: Creating new connection object"}
{"level":"INFO","message":"[2:54:28.549 PM]: Creating Connection[id: 152ae45f-c8e2-438c-adca-b49b5464ef14] with host: RMCVKYD-LK80402.snowflakecomputing.com, account: RMCVKYD-LK80402, accessUrl: https://RMCVKYD-LK80402.snowflakecomputing.com, user: TULIPRAAJ007, password is provided, role: undefined, database: ASSETERA, schema: PUBLIC, warehouse: COMPUTE_WH, region: undefined, authenticator: SNOWFLAKE, ocsp mode: FAIL_OPEN, os: win32, os version: 10.0.20348"}
{"level":"INFO","message":"[2:54:28.550 PM]: Connection[id: 152ae45f-c8e2-438c-adca-b49b5464ef14] additional details: passcode in password is provided, passcode is not provided, private key is not provided, application: undefined, client name: snowflake-sdk, client version: 1.15.0, retry timeout: 300, private key path: undefined, private key pass is not provided, client store temporary credential: false, browser response timeout: 120000"}
{"level":"INFO","message":"[2:54:28.551 PM]: Connection[id: 152ae45f-c8e2-438c-adca-b49b5464ef14] - connection object created successfully."}
{"level":"INFO","message":"[2:54:28.552 PM]: Connection[id: 152ae45f-c8e2-438c-adca-b49b5464ef14] - connecting. Associated Snowflake domain: GLOBAL"}
{"level":"INFO","message":"[2:54:28.553 PM]: Connection[id: 152ae45f-c8e2-438c-adca-b49b5464ef14] - authentication successful using: SNOWFLAKE"}
{"level":"INFO","message":"[2:54:28.554 PM]: Trying to initialize Easy Logging"}
{"level":"INFO","message":"[2:54:28.558 PM]: No client config detected."}
{"level":"INFO","message":"[2:54:28.560 PM]: No config file path found. Client config will not be used."}
{"level":"INFO","message":"[2:54:28.567 PM]: Easy Logging is disabled as no config has been found"}
{"level":"INFO","message":"[2:54:28.570 PM]: Connection[id: 152ae45f-c8e2-438c-adca-b49b5464ef14] - connected successfully after 17.51370000001043 milliseconds"}
{"level":"INFO","message":"[2:54:29.359 PM]: Creating new connection object"}
{"level":"INFO","message":"[2:54:29.361 PM]: Creating Connection[id: 4ea55c52-c5f7-4d90-a0dc-6af7fe72fae4] with host: RMCVKYD-LK80402.snowflakecomputing.com, account: RMCVKYD-LK80402, accessUrl: https://RMCVKYD-LK80402.snowflakecomputing.com, user: TULIPRAAJ007, password is provided, role: undefined, database: ASSETERA, schema: PUBLIC, warehouse: COMPUTE_WH, region: undefined, authenticator: SNOWFLAKE, ocsp mode: FAIL_OPEN, os: win32, os version: 10.0.20348"}
{"level":"INFO","message":"[2:54:29.362 PM]: Connection[id: 4ea55c52-c5f7-4d90-a0dc-6af7fe72fae4] additional details: passcode in password is provided, passcode is not provided, private key is not provided, application: undefined, client name: snowflake-sdk, client version: 1.15.0, retry timeout: 300, private key path: undefined, private key pass is not provided, client store temporary credential: false, browser response timeout: 120000"}
{"level":"INFO","message":"[2:54:29.363 PM]: Connection[id: 4ea55c52-c5f7-4d90-a0dc-6af7fe72fae4] - connection object created successfully."}
{"level":"INFO","message":"[2:54:29.363 PM]: Connection[id: 4ea55c52-c5f7-4d90-a0dc-6af7fe72fae4] - connecting. Associated Snowflake domain: GLOBAL"}
{"level":"INFO","message":"[2:54:29.364 PM]: Connection[id: 4ea55c52-c5f7-4d90-a0dc-6af7fe72fae4] - authentication successful using: SNOWFLAKE"}
{"level":"INFO","message":"[2:54:29.365 PM]: Connection[id: 4ea55c52-c5f7-4d90-a0dc-6af7fe72fae4] - connected successfully after 1.577999999979511 milliseconds"}
{"level":"INFO","message":"[2:54:45.106 PM]: Creating new connection object"}
{"level":"INFO","message":"[2:54:45.127 PM]: Creating Connection[id: 3a3a232d-2f1e-4904-9640-b19ce24d0cb5] with host: RMCVKYD-LK80402.snowflakecomputing.com, account: RMCVKYD-LK80402, accessUrl: https://RMCVKYD-LK80402.snowflakecomputing.com, user: TULIPRAAJ007, password is provided, role: undefined, database: ASSETERA, schema: PUBLIC, warehouse: COMPUTE_WH, region: undefined, authenticator: SNOWFLAKE, ocsp mode: FAIL_OPEN, os: win32, os version: 10.0.20348"}
{"level":"INFO","message":"[2:54:45.128 PM]: Connection[id: 3a3a232d-2f1e-4904-9640-b19ce24d0cb5] additional details: passcode in password is provided, passcode is not provided, private key is not provided, application: undefined, client name: snowflake-sdk, client version: 1.15.0, retry timeout: 300, private key path: undefined, private key pass is not provided, client store temporary credential: false, browser response timeout: 120000"}
{"level":"INFO","message":"[2:54:45.129 PM]: Connection[id: 3a3a232d-2f1e-4904-9640-b19ce24d0cb5] - connection object created successfully."}
{"level":"INFO","message":"[2:54:45.129 PM]: Connection[id: 3a3a232d-2f1e-4904-9640-b19ce24d0cb5] - connecting. Associated Snowflake domain: GLOBAL"}
{"level":"INFO","message":"[2:54:45.130 PM]: Connection[id: 3a3a232d-2f1e-4904-9640-b19ce24d0cb5] - authentication successful using: SNOWFLAKE"}
{"level":"INFO","message":"[2:54:45.131 PM]: Trying to initialize Easy Logging"}
{"level":"INFO","message":"[2:54:45.133 PM]: No client config detected."}
{"level":"INFO","message":"[2:54:45.133 PM]: No config file path found. Client config will not be used."}
{"level":"INFO","message":"[2:54:45.134 PM]: Easy Logging is disabled as no config has been found"}
{"level":"INFO","message":"[2:54:45.135 PM]: Connection[id: 3a3a232d-2f1e-4904-9640-b19ce24d0cb5] - connected successfully after 5.972199999960139 milliseconds"}
{"level":"INFO","message":"[2:55:12.946 PM]: Creating new connection object"}
{"level":"INFO","message":"[2:55:12.953 PM]: Creating Connection[id: cf14dfc3-e0cc-4b79-90ab-c9aa3fc08639] with host: RMCVKYD-LK80402.snowflakecomputing.com, account: RMCVKYD-LK80402, accessUrl: https://RMCVKYD-LK80402.snowflakecomputing.com, user: TULIPRAAJ007, password is provided, role: undefined, database: ASSETERA, schema: PUBLIC, warehouse: COMPUTE_WH, region: undefined, authenticator: SNOWFLAKE, ocsp mode: FAIL_OPEN, os: win32, os version: 10.0.20348"}
{"level":"INFO","message":"[2:55:12.955 PM]: Connection[id: cf14dfc3-e0cc-4b79-90ab-c9aa3fc08639] additional details: passcode in password is provided, passcode is not provided, private key is not provided, application: undefined, client name: snowflake-sdk, client version: 1.15.0, retry timeout: 300, private key path: undefined, private key pass is not provided, client store temporary credential: false, browser response timeout: 120000"}
{"level":"INFO","message":"[2:55:12.956 PM]: Connection[id: cf14dfc3-e0cc-4b79-90ab-c9aa3fc08639] - connection object created successfully."}
{"level":"INFO","message":"[2:55:12.957 PM]: Connection[id: cf14dfc3-e0cc-4b79-90ab-c9aa3fc08639] - connecting. Associated Snowflake domain: GLOBAL"}
{"level":"INFO","message":"[2:55:12.960 PM]: Connection[id: cf14dfc3-e0cc-4b79-90ab-c9aa3fc08639] - authentication successful using: SNOWFLAKE"}
{"level":"INFO","message":"[2:55:12.960 PM]: Trying to initialize Easy Logging"}
{"level":"INFO","message":"[2:55:12.981 PM]: No client config detected."}
{"level":"INFO","message":"[2:55:12.982 PM]: No config file path found. Client config will not be used."}
{"level":"INFO","message":"[2:55:12.984 PM]: Easy Logging is disabled as no config has been found"}
{"level":"INFO","message":"[2:55:12.985 PM]: Connection[id: cf14dfc3-e0cc-4b79-90ab-c9aa3fc08639] - connected successfully after 28.727900000056252 milliseconds"}
{"level":"INFO","message":"[2:58:27.119 PM]: Creating new connection object"}
{"level":"INFO","message":"[2:58:27.131 PM]: Creating Connection[id: 4f42c22f-8f95-47fc-af7c-58974365aaf4] with host: RMCVKYD-LK80402.snowflakecomputing.com, account: RMCVKYD-LK80402, accessUrl: https://RMCVKYD-LK80402.snowflakecomputing.com, user: TULIPRAAJ007, password is provided, role: undefined, database: ASSETERA, schema: PUBLIC, warehouse: COMPUTE_WH, region: undefined, authenticator: SNOWFLAKE, ocsp mode: FAIL_OPEN, os: win32, os version: 10.0.20348"}
{"level":"INFO","message":"[2:58:27.133 PM]: Connection[id: 4f42c22f-8f95-47fc-af7c-58974365aaf4] additional details: passcode in password is provided, passcode is not provided, private key is not provided, application: undefined, client name: snowflake-sdk, client version: 1.15.0, retry timeout: 300, private key path: undefined, private key pass is not provided, client store temporary credential: false, browser response timeout: 120000"}
{"level":"INFO","message":"[2:58:27.135 PM]: Connection[id: 4f42c22f-8f95-47fc-af7c-58974365aaf4] - connection object created successfully."}
{"level":"INFO","message":"[2:58:27.136 PM]: Connection[id: 4f42c22f-8f95-47fc-af7c-58974365aaf4] - connecting. Associated Snowflake domain: GLOBAL"}
{"level":"INFO","message":"[2:58:27.145 PM]: Connection[id: 4f42c22f-8f95-47fc-af7c-58974365aaf4] - authentication successful using: SNOWFLAKE"}
{"level":"INFO","message":"[2:58:27.146 PM]: Trying to initialize Easy Logging"}
{"level":"INFO","message":"[2:58:27.149 PM]: No client config detected."}
{"level":"INFO","message":"[2:58:27.149 PM]: No config file path found. Client config will not be used."}
{"level":"INFO","message":"[2:58:27.150 PM]: Easy Logging is disabled as no config has been found"}
{"level":"INFO","message":"[2:58:27.154 PM]: Connection[id: 4f42c22f-8f95-47fc-af7c-58974365aaf4] - connected successfully after 18.172400000039488 milliseconds"}
{"level":"INFO","message":"[2:58:29.037 PM]: Creating new connection object"}
{"level":"INFO","message":"[2:58:29.039 PM]: Creating Connection[id: ca181ae1-d546-45af-b9f4-715a3dfc2d05] with host: RMCVKYD-LK80402.snowflakecomputing.com, account: RMCVKYD-LK80402, accessUrl: https://RMCVKYD-LK80402.snowflakecomputing.com, user: TULIPRAAJ007, password is provided, role: undefined, database: ASSETERA, schema: PUBLIC, warehouse: COMPUTE_WH, region: undefined, authenticator: SNOWFLAKE, ocsp mode: FAIL_OPEN, os: win32, os version: 10.0.20348"}
{"level":"INFO","message":"[2:58:29.040 PM]: Connection[id: ca181ae1-d546-45af-b9f4-715a3dfc2d05] additional details: passcode in password is provided, passcode is not provided, private key is not provided, application: undefined, client name: snowflake-sdk, client version: 1.15.0, retry timeout: 300, private key path: undefined, private key pass is not provided, client store temporary credential: false, browser response timeout: 120000"}
{"level":"INFO","message":"[2:58:29.041 PM]: Connection[id: ca181ae1-d546-45af-b9f4-715a3dfc2d05] - connection object created successfully."}
{"level":"INFO","message":"[2:58:29.042 PM]: Connection[id: ca181ae1-d546-45af-b9f4-715a3dfc2d05] - connecting. Associated Snowflake domain: GLOBAL"}
{"level":"INFO","message":"[2:58:29.042 PM]: Connection[id: ca181ae1-d546-45af-b9f4-715a3dfc2d05] - authentication successful using: SNOWFLAKE"}
{"level":"INFO","message":"[2:58:29.043 PM]: Connection[id: ca181ae1-d546-45af-b9f4-715a3dfc2d05] - connected successfully after 1.5966000000480562 milliseconds"}
{"level":"INFO","message":"[2:59:38.042 PM]: Creating new connection object"}
{"level":"INFO","message":"[2:59:38.059 PM]: Creating Connection[id: 3e23cc77-2b7b-4fa1-a5b9-66103ff9dc49] with host: RMCVKYD-LK80402.snowflakecomputing.com, account: RMCVKYD-LK80402, accessUrl: https://RMCVKYD-LK80402.snowflakecomputing.com, user: TULIPRAAJ007, password is provided, role: undefined, database: ASSETERA, schema: PUBLIC, warehouse: COMPUTE_WH, region: undefined, authenticator: SNOWFLAKE, ocsp mode: FAIL_OPEN, os: win32, os version: 10.0.20348"}
{"level":"INFO","message":"[2:59:38.060 PM]: Connection[id: 3e23cc77-2b7b-4fa1-a5b9-66103ff9dc49] additional details: passcode in password is provided, passcode is not provided, private key is not provided, application: undefined, client name: snowflake-sdk, client version: 1.15.0, retry timeout: 300, private key path: undefined, private key pass is not provided, client store temporary credential: false, browser response timeout: 120000"}
{"level":"INFO","message":"[2:59:38.061 PM]: Connection[id: 3e23cc77-2b7b-4fa1-a5b9-66103ff9dc49] - connection object created successfully."}
{"level":"INFO","message":"[2:59:38.062 PM]: Connection[id: 3e23cc77-2b7b-4fa1-a5b9-66103ff9dc49] - connecting. Associated Snowflake domain: GLOBAL"}
{"level":"INFO","message":"[2:59:38.063 PM]: Connection[id: 3e23cc77-2b7b-4fa1-a5b9-66103ff9dc49] - authentication successful using: SNOWFLAKE"}
{"level":"INFO","message":"[2:59:38.064 PM]: Trying to initialize Easy Logging"}
{"level":"INFO","message":"[2:59:38.067 PM]: No client config detected."}
{"level":"INFO","message":"[2:59:38.068 PM]: No config file path found. Client config will not be used."}
{"level":"INFO","message":"[2:59:38.069 PM]: Easy Logging is disabled as no config has been found"}
{"level":"INFO","message":"[2:59:38.071 PM]: Connection[id: 3e23cc77-2b7b-4fa1-a5b9-66103ff9dc49] - connected successfully after 9.627100000157952 milliseconds"}
{"level":"INFO","message":"[3:00:19.296 PM]: Creating new connection object"}
{"level":"INFO","message":"[3:00:19.298 PM]: Creating Connection[id: 16924afb-8d1a-4701-865b-4cddd63dccd6] with host: RMCVKYD-LK80402.snowflakecomputing.com, account: RMCVKYD-LK80402, accessUrl: https://RMCVKYD-LK80402.snowflakecomputing.com, user: TULIPRAAJ007, password is provided, role: undefined, database: ASSETERA, schema: PUBLIC, warehouse: COMPUTE_WH, region: undefined, authenticator: SNOWFLAKE, ocsp mode: FAIL_OPEN, os: win32, os version: 10.0.20348"}
{"level":"INFO","message":"[3:00:19.299 PM]: Connection[id: 16924afb-8d1a-4701-865b-4cddd63dccd6] additional details: passcode in password is provided, passcode is not provided, private key is not provided, application: undefined, client name: snowflake-sdk, client version: 1.15.0, retry timeout: 300, private key path: undefined, private key pass is not provided, client store temporary credential: false, browser response timeout: 120000"}
{"level":"INFO","message":"[3:00:19.301 PM]: Connection[id: 16924afb-8d1a-4701-865b-4cddd63dccd6] - connection object created successfully."}
{"level":"INFO","message":"[3:00:19.303 PM]: Connection[id: 16924afb-8d1a-4701-865b-4cddd63dccd6] - connecting. Associated Snowflake domain: GLOBAL"}
{"level":"INFO","message":"[3:00:19.306 PM]: Connection[id: 16924afb-8d1a-4701-865b-4cddd63dccd6] - authentication successful using: SNOWFLAKE"}
{"level":"INFO","message":"[3:00:19.308 PM]: Connection[id: 16924afb-8d1a-4701-865b-4cddd63dccd6] - connected successfully after 5.275800000177696 milliseconds"}
{"level":"INFO","message":"[3:00:28.352 PM]: Creating new connection object"}
{"level":"INFO","message":"[3:00:28.360 PM]: Creating Connection[id: 9354ae25-cecc-4c43-acd8-bc16a1599126] with host: RMCVKYD-LK80402.snowflakecomputing.com, account: RMCVKYD-LK80402, accessUrl: https://RMCVKYD-LK80402.snowflakecomputing.com, user: TULIPRAAJ007, password is provided, role: undefined, database: ASSETERA, schema: PUBLIC, warehouse: COMPUTE_WH, region: undefined, authenticator: SNOWFLAKE, ocsp mode: FAIL_OPEN, os: win32, os version: 10.0.20348"}
{"level":"INFO","message":"[3:00:28.362 PM]: Connection[id: 9354ae25-cecc-4c43-acd8-bc16a1599126] additional details: passcode in password is provided, passcode is not provided, private key is not provided, application: undefined, client name: snowflake-sdk, client version: 1.15.0, retry timeout: 300, private key path: undefined, private key pass is not provided, client store temporary credential: false, browser response timeout: 120000"}
{"level":"INFO","message":"[3:00:28.363 PM]: Connection[id: 9354ae25-cecc-4c43-acd8-bc16a1599126] - connection object created successfully."}
{"level":"INFO","message":"[3:00:28.363 PM]: Connection[id: 9354ae25-cecc-4c43-acd8-bc16a1599126] - connecting. Associated Snowflake domain: GLOBAL"}
{"level":"INFO","message":"[3:00:28.364 PM]: Connection[id: 9354ae25-cecc-4c43-acd8-bc16a1599126] - authentication successful using: SNOWFLAKE"}
{"level":"INFO","message":"[3:00:28.364 PM]: Trying to initialize Easy Logging"}
{"level":"INFO","message":"[3:00:28.384 PM]: No client config detected."}
{"level":"INFO","message":"[3:00:28.385 PM]: No config file path found. Client config will not be used."}
{"level":"INFO","message":"[3:00:28.385 PM]: Easy Logging is disabled as no config has been found"}
{"level":"INFO","message":"[3:00:28.386 PM]: Connection[id: 9354ae25-cecc-4c43-acd8-bc16a1599126] - connected successfully after 22.801399999996647 milliseconds"}
{"level":"INFO","message":"[3:06:39.368 PM]: Creating new connection object"}
{"level":"INFO","message":"[3:06:39.378 PM]: Creating Connection[id: 974d942d-3d14-46b7-a50b-fe53f8f5b61e] with host: RMCVKYD-LK80402.snowflakecomputing.com, account: RMCVKYD-LK80402, accessUrl: https://RMCVKYD-LK80402.snowflakecomputing.com, user: TULIPRAAJ007, password is provided, role: undefined, database: ASSETERA, schema: PUBLIC, warehouse: COMPUTE_WH, region: undefined, authenticator: SNOWFLAKE, ocsp mode: FAIL_OPEN, os: win32, os version: 10.0.20348"}
{"level":"INFO","message":"[3:06:39.379 PM]: Connection[id: 974d942d-3d14-46b7-a50b-fe53f8f5b61e] additional details: passcode in password is provided, passcode is not provided, private key is not provided, application: undefined, client name: snowflake-sdk, client version: 1.15.0, retry timeout: 300, private key path: undefined, private key pass is not provided, client store temporary credential: false, browser response timeout: 120000"}
{"level":"INFO","message":"[3:06:39.380 PM]: Connection[id: 974d942d-3d14-46b7-a50b-fe53f8f5b61e] - connection object created successfully."}
{"level":"INFO","message":"[3:06:39.381 PM]: Connection[id: 974d942d-3d14-46b7-a50b-fe53f8f5b61e] - connecting. Associated Snowflake domain: GLOBAL"}
{"level":"INFO","message":"[3:06:39.382 PM]: Connection[id: 974d942d-3d14-46b7-a50b-fe53f8f5b61e] - authentication successful using: SNOWFLAKE"}
{"level":"INFO","message":"[3:06:39.383 PM]: Trying to initialize Easy Logging"}
{"level":"INFO","message":"[3:06:39.385 PM]: No client config detected."}
{"level":"INFO","message":"[3:06:39.386 PM]: No config file path found. Client config will not be used."}
{"level":"INFO","message":"[3:06:39.386 PM]: Easy Logging is disabled as no config has been found"}
{"level":"INFO","message":"[3:06:39.389 PM]: Connection[id: 974d942d-3d14-46b7-a50b-fe53f8f5b61e] - connected successfully after 7.911199999973178 milliseconds"}
{"level":"INFO","message":"[3:06:40.078 PM]: Creating new connection object"}
{"level":"INFO","message":"[3:06:40.080 PM]: Creating Connection[id: d8a1ce3a-b45c-45bd-a3c7-fbed63872f66] with host: RMCVKYD-LK80402.snowflakecomputing.com, account: RMCVKYD-LK80402, accessUrl: https://RMCVKYD-LK80402.snowflakecomputing.com, user: TULIPRAAJ007, password is provided, role: undefined, database: ASSETERA, schema: PUBLIC, warehouse: COMPUTE_WH, region: undefined, authenticator: SNOWFLAKE, ocsp mode: FAIL_OPEN, os: win32, os version: 10.0.20348"}
{"level":"INFO","message":"[3:06:40.081 PM]: Connection[id: d8a1ce3a-b45c-45bd-a3c7-fbed63872f66] additional details: passcode in password is provided, passcode is not provided, private key is not provided, application: undefined, client name: snowflake-sdk, client version: 1.15.0, retry timeout: 300, private key path: undefined, private key pass is not provided, client store temporary credential: false, browser response timeout: 120000"}
{"level":"INFO","message":"[3:06:40.082 PM]: Connection[id: d8a1ce3a-b45c-45bd-a3c7-fbed63872f66] - connection object created successfully."}
{"level":"INFO","message":"[3:06:40.083 PM]: Connection[id: d8a1ce3a-b45c-45bd-a3c7-fbed63872f66] - connecting. Associated Snowflake domain: GLOBAL"}
{"level":"INFO","message":"[3:06:40.083 PM]: Connection[id: d8a1ce3a-b45c-45bd-a3c7-fbed63872f66] - authentication successful using: SNOWFLAKE"}
{"level":"INFO","message":"[3:06:40.084 PM]: Connection[id: d8a1ce3a-b45c-45bd-a3c7-fbed63872f66] - connected successfully after 1.449900000123307 milliseconds"}
{"level":"INFO","message":"[3:07:52.027 PM]: Creating new connection object"}
{"level":"INFO","message":"[3:07:52.029 PM]: Creating Connection[id: aec02bc5-a019-453c-bca6-e02ae1486df9] with host: RMCVKYD-LK80402.snowflakecomputing.com, account: RMCVKYD-LK80402, accessUrl: https://RMCVKYD-LK80402.snowflakecomputing.com, user: TULIPRAAJ007, password is provided, role: undefined, database: ASSETERA, schema: PUBLIC, warehouse: COMPUTE_WH, region: undefined, authenticator: SNOWFLAKE, ocsp mode: FAIL_OPEN, os: win32, os version: 10.0.20348"}
{"level":"INFO","message":"[3:07:52.033 PM]: Connection[id: aec02bc5-a019-453c-bca6-e02ae1486df9] additional details: passcode in password is provided, passcode is not provided, private key is not provided, application: undefined, client name: snowflake-sdk, client version: 1.15.0, retry timeout: 300, private key path: undefined, private key pass is not provided, client store temporary credential: false, browser response timeout: 120000"}
{"level":"INFO","message":"[3:07:52.036 PM]: Connection[id: aec02bc5-a019-453c-bca6-e02ae1486df9] - connection object created successfully."}
{"level":"INFO","message":"[3:07:52.049 PM]: Connection[id: aec02bc5-a019-453c-bca6-e02ae1486df9] - connecting. Associated Snowflake domain: GLOBAL"}
{"level":"INFO","message":"[3:07:52.050 PM]: Connection[id: aec02bc5-a019-453c-bca6-e02ae1486df9] - authentication successful using: SNOWFLAKE"}
{"level":"INFO","message":"[3:07:52.052 PM]: Connection[id: aec02bc5-a019-453c-bca6-e02ae1486df9] - connected successfully after 2.2820999999530613 milliseconds"}
{"level":"INFO","message":"[3:07:52.438 PM]: Creating new connection object"}
{"level":"INFO","message":"[3:07:52.440 PM]: Creating Connection[id: 7f9a1cb6-0b67-41d5-93c2-63e1ab9aad51] with host: RMCVKYD-LK80402.snowflakecomputing.com, account: RMCVKYD-LK80402, accessUrl: https://RMCVKYD-LK80402.snowflakecomputing.com, user: TULIPRAAJ007, password is provided, role: undefined, database: ASSETERA, schema: PUBLIC, warehouse: COMPUTE_WH, region: undefined, authenticator: SNOWFLAKE, ocsp mode: FAIL_OPEN, os: win32, os version: 10.0.20348"}
{"level":"INFO","message":"[3:07:52.441 PM]: Connection[id: 7f9a1cb6-0b67-41d5-93c2-63e1ab9aad51] additional details: passcode in password is provided, passcode is not provided, private key is not provided, application: undefined, client name: snowflake-sdk, client version: 1.15.0, retry timeout: 300, private key path: undefined, private key pass is not provided, client store temporary credential: false, browser response timeout: 120000"}
{"level":"INFO","message":"[3:07:52.443 PM]: Connection[id: 7f9a1cb6-0b67-41d5-93c2-63e1ab9aad51] - connection object created successfully."}
{"level":"INFO","message":"[3:07:52.444 PM]: Connection[id: 7f9a1cb6-0b67-41d5-93c2-63e1ab9aad51] - connecting. Associated Snowflake domain: GLOBAL"}
{"level":"INFO","message":"[3:07:52.444 PM]: Connection[id: 7f9a1cb6-0b67-41d5-93c2-63e1ab9aad51] - authentication successful using: SNOWFLAKE"}
{"level":"INFO","message":"[3:07:52.445 PM]: Connection[id: 7f9a1cb6-0b67-41d5-93c2-63e1ab9aad51] - connected successfully after 1.6944999997504056 milliseconds"}
{"level":"INFO","message":"[3:08:03.481 PM]: Creating new connection object"}
{"level":"INFO","message":"[3:08:03.495 PM]: Creating Connection[id: 3877f428-bc94-4780-9430-d4f5ee31013d] with host: RMCVKYD-LK80402.snowflakecomputing.com, account: RMCVKYD-LK80402, accessUrl: https://RMCVKYD-LK80402.snowflakecomputing.com, user: TULIPRAAJ007, password is provided, role: undefined, database: ASSETERA, schema: PUBLIC, warehouse: COMPUTE_WH, region: undefined, authenticator: SNOWFLAKE, ocsp mode: FAIL_OPEN, os: win32, os version: 10.0.20348"}
{"level":"INFO","message":"[3:08:03.496 PM]: Connection[id: 3877f428-bc94-4780-9430-d4f5ee31013d] additional details: passcode in password is provided, passcode is not provided, private key is not provided, application: undefined, client name: snowflake-sdk, client version: 1.15.0, retry timeout: 300, private key path: undefined, private key pass is not provided, client store temporary credential: false, browser response timeout: 120000"}
{"level":"INFO","message":"[3:08:03.498 PM]: Connection[id: 3877f428-bc94-4780-9430-d4f5ee31013d] - connection object created successfully."}
{"level":"INFO","message":"[3:08:03.499 PM]: Connection[id: 3877f428-bc94-4780-9430-d4f5ee31013d] - connecting. Associated Snowflake domain: GLOBAL"}
{"level":"INFO","message":"[3:08:03.499 PM]: Connection[id: 3877f428-bc94-4780-9430-d4f5ee31013d] - authentication successful using: SNOWFLAKE"}
{"level":"INFO","message":"[3:08:03.500 PM]: Trying to initialize Easy Logging"}
{"level":"INFO","message":"[3:08:03.511 PM]: No client config detected."}
{"level":"INFO","message":"[3:08:03.511 PM]: No config file path found. Client config will not be used."}
{"level":"INFO","message":"[3:08:03.512 PM]: Easy Logging is disabled as no config has been found"}
{"level":"INFO","message":"[3:08:03.514 PM]: Connection[id: 3877f428-bc94-4780-9430-d4f5ee31013d] - connected successfully after 15.806199999991804 milliseconds"}
{"level":"INFO","message":"[3:08:34.177 PM]: Creating new connection object"}
{"level":"INFO","message":"[3:08:34.179 PM]: Creating Connection[id: bfafb699-f440-4bdc-b235-718dfddba53e] with host: RMCVKYD-LK80402.snowflakecomputing.com, account: RMCVKYD-LK80402, accessUrl: https://RMCVKYD-LK80402.snowflakecomputing.com, user: TULIPRAAJ007, password is provided, role: undefined, database: ASSETERA, schema: PUBLIC, warehouse: COMPUTE_WH, region: undefined, authenticator: SNOWFLAKE, ocsp mode: FAIL_OPEN, os: win32, os version: 10.0.20348"}
{"level":"INFO","message":"[3:08:34.180 PM]: Connection[id: bfafb699-f440-4bdc-b235-718dfddba53e] additional details: passcode in password is provided, passcode is not provided, private key is not provided, application: undefined, client name: snowflake-sdk, client version: 1.15.0, retry timeout: 300, private key path: undefined, private key pass is not provided, client store temporary credential: false, browser response timeout: 120000"}
{"level":"INFO","message":"[3:08:34.181 PM]: Connection[id: bfafb699-f440-4bdc-b235-718dfddba53e] - connection object created successfully."}
{"level":"INFO","message":"[3:08:34.181 PM]: Connection[id: bfafb699-f440-4bdc-b235-718dfddba53e] - connecting. Associated Snowflake domain: GLOBAL"}
{"level":"INFO","message":"[3:08:34.181 PM]: Connection[id: bfafb699-f440-4bdc-b235-718dfddba53e] - authentication successful using: SNOWFLAKE"}
{"level":"INFO","message":"[3:08:34.182 PM]: Connection[id: bfafb699-f440-4bdc-b235-718dfddba53e] - connected successfully after 1.4141000001691282 milliseconds"}
{"level":"INFO","message":"[3:08:34.549 PM]: Creating new connection object"}
{"level":"INFO","message":"[3:08:34.550 PM]: Creating Connection[id: 21a07aae-d94a-44be-8004-3517a076ad0a] with host: RMCVKYD-LK80402.snowflakecomputing.com, account: RMCVKYD-LK80402, accessUrl: https://RMCVKYD-LK80402.snowflakecomputing.com, user: TULIPRAAJ007, password is provided, role: undefined, database: ASSETERA, schema: PUBLIC, warehouse: COMPUTE_WH, region: undefined, authenticator: SNOWFLAKE, ocsp mode: FAIL_OPEN, os: win32, os version: 10.0.20348"}
{"level":"INFO","message":"[3:08:34.551 PM]: Connection[id: 21a07aae-d94a-44be-8004-3517a076ad0a] additional details: passcode in password is provided, passcode is not provided, private key is not provided, application: undefined, client name: snowflake-sdk, client version: 1.15.0, retry timeout: 300, private key path: undefined, private key pass is not provided, client store temporary credential: false, browser response timeout: 120000"}
{"level":"INFO","message":"[3:08:34.551 PM]: Connection[id: 21a07aae-d94a-44be-8004-3517a076ad0a] - connection object created successfully."}
{"level":"INFO","message":"[3:08:34.552 PM]: Connection[id: 21a07aae-d94a-44be-8004-3517a076ad0a] - connecting. Associated Snowflake domain: GLOBAL"}
{"level":"INFO","message":"[3:08:34.553 PM]: Connection[id: 21a07aae-d94a-44be-8004-3517a076ad0a] - authentication successful using: SNOWFLAKE"}
{"level":"INFO","message":"[3:08:34.554 PM]: Connection[id: 21a07aae-d94a-44be-8004-3517a076ad0a] - connected successfully after 1.6678000004030764 milliseconds"}
{"level":"INFO","message":"[3:08:42.944 PM]: Creating new connection object"}
{"level":"INFO","message":"[3:08:42.953 PM]: Creating Connection[id: b18a4a30-6240-4877-8ab9-ed60a60d8bd4] with host: RMCVKYD-LK80402.snowflakecomputing.com, account: RMCVKYD-LK80402, accessUrl: https://RMCVKYD-LK80402.snowflakecomputing.com, user: TULIPRAAJ007, password is provided, role: undefined, database: ASSETERA, schema: PUBLIC, warehouse: COMPUTE_WH, region: undefined, authenticator: SNOWFLAKE, ocsp mode: FAIL_OPEN, os: win32, os version: 10.0.20348"}
{"level":"INFO","message":"[3:08:42.956 PM]: Connection[id: b18a4a30-6240-4877-8ab9-ed60a60d8bd4] additional details: passcode in password is provided, passcode is not provided, private key is not provided, application: undefined, client name: snowflake-sdk, client version: 1.15.0, retry timeout: 300, private key path: undefined, private key pass is not provided, client store temporary credential: false, browser response timeout: 120000"}
{"level":"INFO","message":"[3:08:42.958 PM]: Connection[id: b18a4a30-6240-4877-8ab9-ed60a60d8bd4] - connection object created successfully."}
{"level":"INFO","message":"[3:08:42.978 PM]: Connection[id: b18a4a30-6240-4877-8ab9-ed60a60d8bd4] - connecting. Associated Snowflake domain: GLOBAL"}
{"level":"INFO","message":"[3:08:42.978 PM]: Connection[id: b18a4a30-6240-4877-8ab9-ed60a60d8bd4] - authentication successful using: SNOWFLAKE"}
{"level":"INFO","message":"[3:08:42.979 PM]: Connection[id: b18a4a30-6240-4877-8ab9-ed60a60d8bd4] - connected successfully after 1.5611999998800457 milliseconds"}
{"level":"INFO","message":"[3:08:43.165 PM]: Creating new connection object"}
{"level":"INFO","message":"[3:08:43.168 PM]: Creating Connection[id: 24edf3ff-ff7c-4e9e-bbe1-07ab00d7efbd] with host: RMCVKYD-LK80402.snowflakecomputing.com, account: RMCVKYD-LK80402, accessUrl: https://RMCVKYD-LK80402.snowflakecomputing.com, user: TULIPRAAJ007, password is provided, role: undefined, database: ASSETERA, schema: PUBLIC, warehouse: COMPUTE_WH, region: undefined, authenticator: SNOWFLAKE, ocsp mode: FAIL_OPEN, os: win32, os version: 10.0.20348"}
{"level":"INFO","message":"[3:08:43.170 PM]: Connection[id: 24edf3ff-ff7c-4e9e-bbe1-07ab00d7efbd] additional details: passcode in password is provided, passcode is not provided, private key is not provided, application: undefined, client name: snowflake-sdk, client version: 1.15.0, retry timeout: 300, private key path: undefined, private key pass is not provided, client store temporary credential: false, browser response timeout: 120000"}
{"level":"INFO","message":"[3:08:43.171 PM]: Connection[id: 24edf3ff-ff7c-4e9e-bbe1-07ab00d7efbd] - connection object created successfully."}
{"level":"INFO","message":"[3:08:43.171 PM]: Connection[id: 24edf3ff-ff7c-4e9e-bbe1-07ab00d7efbd] - connecting. Associated Snowflake domain: GLOBAL"}
{"level":"INFO","message":"[3:08:43.172 PM]: Connection[id: 24edf3ff-ff7c-4e9e-bbe1-07ab00d7efbd] - authentication successful using: SNOWFLAKE"}
{"level":"INFO","message":"[3:08:43.173 PM]: Connection[id: 24edf3ff-ff7c-4e9e-bbe1-07ab00d7efbd] - connected successfully after 1.8632999998517334 milliseconds"}
{"level":"INFO","message":"[3:08:43.279 PM]: Creating new connection object"}
{"level":"INFO","message":"[3:08:43.281 PM]: Creating Connection[id: d6084f63-7335-4f86-b902-6d9e3c28e8ba] with host: RMCVKYD-LK80402.snowflakecomputing.com, account: RMCVKYD-LK80402, accessUrl: https://RMCVKYD-LK80402.snowflakecomputing.com, user: TULIPRAAJ007, password is provided, role: undefined, database: ASSETERA, schema: PUBLIC, warehouse: COMPUTE_WH, region: undefined, authenticator: SNOWFLAKE, ocsp mode: FAIL_OPEN, os: win32, os version: 10.0.20348"}
{"level":"INFO","message":"[3:08:43.281 PM]: Connection[id: d6084f63-7335-4f86-b902-6d9e3c28e8ba] additional details: passcode in password is provided, passcode is not provided, private key is not provided, application: undefined, client name: snowflake-sdk, client version: 1.15.0, retry timeout: 300, private key path: undefined, private key pass is not provided, client store temporary credential: false, browser response timeout: 120000"}
{"level":"INFO","message":"[3:08:43.282 PM]: Connection[id: d6084f63-7335-4f86-b902-6d9e3c28e8ba] - connection object created successfully."}
{"level":"INFO","message":"[3:08:43.283 PM]: Connection[id: d6084f63-7335-4f86-b902-6d9e3c28e8ba] - connecting. Associated Snowflake domain: GLOBAL"}
{"level":"INFO","message":"[3:08:43.284 PM]: Connection[id: d6084f63-7335-4f86-b902-6d9e3c28e8ba] - authentication successful using: SNOWFLAKE"}
{"level":"INFO","message":"[3:08:43.285 PM]: Connection[id: d6084f63-7335-4f86-b902-6d9e3c28e8ba] - connected successfully after 1.527900000102818 milliseconds"}
{"level":"INFO","message":"[3:08:43.474 PM]: Creating new connection object"}
{"level":"INFO","message":"[3:08:43.475 PM]: Creating Connection[id: 2c2549ed-252e-45ce-944c-4157a908ed1d] with host: RMCVKYD-LK80402.snowflakecomputing.com, account: RMCVKYD-LK80402, accessUrl: https://RMCVKYD-LK80402.snowflakecomputing.com, user: TULIPRAAJ007, password is provided, role: undefined, database: ASSETERA, schema: PUBLIC, warehouse: COMPUTE_WH, region: undefined, authenticator: SNOWFLAKE, ocsp mode: FAIL_OPEN, os: win32, os version: 10.0.20348"}
{"level":"INFO","message":"[3:08:43.476 PM]: Connection[id: 2c2549ed-252e-45ce-944c-4157a908ed1d] additional details: passcode in password is provided, passcode is not provided, private key is not provided, application: undefined, client name: snowflake-sdk, client version: 1.15.0, retry timeout: 300, private key path: undefined, private key pass is not provided, client store temporary credential: false, browser response timeout: 120000"}
{"level":"INFO","message":"[3:08:43.477 PM]: Connection[id: 2c2549ed-252e-45ce-944c-4157a908ed1d] - connection object created successfully."}
{"level":"INFO","message":"[3:08:43.477 PM]: Connection[id: 2c2549ed-252e-45ce-944c-4157a908ed1d] - connecting. Associated Snowflake domain: GLOBAL"}
{"level":"INFO","message":"[3:08:43.478 PM]: Connection[id: 2c2549ed-252e-45ce-944c-4157a908ed1d] - authentication successful using: SNOWFLAKE"}
{"level":"INFO","message":"[3:08:43.479 PM]: Connection[id: 2c2549ed-252e-45ce-944c-4157a908ed1d] - connected successfully after 1.7447000001557171 milliseconds"}
{"level":"INFO","message":"[3:08:43.714 PM]: Creating new connection object"}
{"level":"INFO","message":"[3:08:43.715 PM]: Creating Connection[id: 95b8a466-aa74-4dd2-88fa-c2077c65e9fe] with host: RMCVKYD-LK80402.snowflakecomputing.com, account: RMCVKYD-LK80402, accessUrl: https://RMCVKYD-LK80402.snowflakecomputing.com, user: TULIPRAAJ007, password is provided, role: undefined, database: ASSETERA, schema: PUBLIC, warehouse: COMPUTE_WH, region: undefined, authenticator: SNOWFLAKE, ocsp mode: FAIL_OPEN, os: win32, os version: 10.0.20348"}
{"level":"INFO","message":"[3:08:43.716 PM]: Connection[id: 95b8a466-aa74-4dd2-88fa-c2077c65e9fe] additional details: passcode in password is provided, passcode is not provided, private key is not provided, application: undefined, client name: snowflake-sdk, client version: 1.15.0, retry timeout: 300, private key path: undefined, private key pass is not provided, client store temporary credential: false, browser response timeout: 120000"}
{"level":"INFO","message":"[3:08:43.717 PM]: Connection[id: 95b8a466-aa74-4dd2-88fa-c2077c65e9fe] - connection object created successfully."}
{"level":"INFO","message":"[3:08:43.717 PM]: Connection[id: 95b8a466-aa74-4dd2-88fa-c2077c65e9fe] - connecting. Associated Snowflake domain: GLOBAL"}
{"level":"INFO","message":"[3:08:43.718 PM]: Connection[id: 95b8a466-aa74-4dd2-88fa-c2077c65e9fe] - authentication successful using: SNOWFLAKE"}
{"level":"INFO","message":"[3:08:43.719 PM]: Connection[id: 95b8a466-aa74-4dd2-88fa-c2077c65e9fe] - connected successfully after 1.3203000002540648 milliseconds"}
{"level":"INFO","message":"[3:08:44.065 PM]: Creating new connection object"}
{"level":"INFO","message":"[3:08:44.067 PM]: Creating Connection[id: fc3d813c-262c-4597-baec-8de481f8908d] with host: RMCVKYD-LK80402.snowflakecomputing.com, account: RMCVKYD-LK80402, accessUrl: https://RMCVKYD-LK80402.snowflakecomputing.com, user: TULIPRAAJ007, password is provided, role: undefined, database: ASSETERA, schema: PUBLIC, warehouse: COMPUTE_WH, region: undefined, authenticator: SNOWFLAKE, ocsp mode: FAIL_OPEN, os: win32, os version: 10.0.20348"}
{"level":"INFO","message":"[3:08:44.067 PM]: Connection[id: fc3d813c-262c-4597-baec-8de481f8908d] additional details: passcode in password is provided, passcode is not provided, private key is not provided, application: undefined, client name: snowflake-sdk, client version: 1.15.0, retry timeout: 300, private key path: undefined, private key pass is not provided, client store temporary credential: false, browser response timeout: 120000"}
{"level":"INFO","message":"[3:08:44.068 PM]: Connection[id: fc3d813c-262c-4597-baec-8de481f8908d] - connection object created successfully."}
{"level":"INFO","message":"[3:08:44.069 PM]: Connection[id: fc3d813c-262c-4597-baec-8de481f8908d] - connecting. Associated Snowflake domain: GLOBAL"}
{"level":"INFO","message":"[3:08:44.069 PM]: Connection[id: fc3d813c-262c-4597-baec-8de481f8908d] - authentication successful using: SNOWFLAKE"}
{"level":"INFO","message":"[3:08:44.071 PM]: Connection[id: fc3d813c-262c-4597-baec-8de481f8908d] - connected successfully after 1.9671000000089407 milliseconds"}
{"level":"INFO","message":"[3:08:45.728 PM]: Creating new connection object"}
{"level":"INFO","message":"[3:08:45.730 PM]: Creating Connection[id: b4cf2bf9-6025-4936-b022-19dfcf90710c] with host: RMCVKYD-LK80402.snowflakecomputing.com, account: RMCVKYD-LK80402, accessUrl: https://RMCVKYD-LK80402.snowflakecomputing.com, user: TULIPRAAJ007, password is provided, role: undefined, database: ASSETERA, schema: PUBLIC, warehouse: COMPUTE_WH, region: undefined, authenticator: SNOWFLAKE, ocsp mode: FAIL_OPEN, os: win32, os version: 10.0.20348"}
{"level":"INFO","message":"[3:08:45.731 PM]: Connection[id: b4cf2bf9-6025-4936-b022-19dfcf90710c] additional details: passcode in password is provided, passcode is not provided, private key is not provided, application: undefined, client name: snowflake-sdk, client version: 1.15.0, retry timeout: 300, private key path: undefined, private key pass is not provided, client store temporary credential: false, browser response timeout: 120000"}
{"level":"INFO","message":"[3:08:45.731 PM]: Connection[id: b4cf2bf9-6025-4936-b022-19dfcf90710c] - connection object created successfully."}
{"level":"INFO","message":"[3:08:45.732 PM]: Connection[id: b4cf2bf9-6025-4936-b022-19dfcf90710c] - connecting. Associated Snowflake domain: GLOBAL"}
{"level":"INFO","message":"[3:08:45.732 PM]: Connection[id: b4cf2bf9-6025-4936-b022-19dfcf90710c] - authentication successful using: SNOWFLAKE"}
{"level":"INFO","message":"[3:08:45.733 PM]: Connection[id: b4cf2bf9-6025-4936-b022-19dfcf90710c] - connected successfully after 1.5821000002324581 milliseconds"}
{"level":"INFO","message":"[3:08:45.736 PM]: Creating new connection object"}
{"level":"INFO","message":"[3:08:45.738 PM]: Creating Connection[id: 3dc22808-d4e4-4a16-abf8-f54f03fdbcb3] with host: RMCVKYD-LK80402.snowflakecomputing.com, account: RMCVKYD-LK80402, accessUrl: https://RMCVKYD-LK80402.snowflakecomputing.com, user: TULIPRAAJ007, password is provided, role: undefined, database: ASSETERA, schema: PUBLIC, warehouse: COMPUTE_WH, region: undefined, authenticator: SNOWFLAKE, ocsp mode: FAIL_OPEN, os: win32, os version: 10.0.20348"}
{"level":"INFO","message":"[3:08:45.747 PM]: Connection[id: 3dc22808-d4e4-4a16-abf8-f54f03fdbcb3] additional details: passcode in password is provided, passcode is not provided, private key is not provided, application: undefined, client name: snowflake-sdk, client version: 1.15.0, retry timeout: 300, private key path: undefined, private key pass is not provided, client store temporary credential: false, browser response timeout: 120000"}
{"level":"INFO","message":"[3:08:45.748 PM]: Connection[id: 3dc22808-d4e4-4a16-abf8-f54f03fdbcb3] - connection object created successfully."}
{"level":"INFO","message":"[3:08:45.748 PM]: Connection[id: 3dc22808-d4e4-4a16-abf8-f54f03fdbcb3] - connecting. Associated Snowflake domain: GLOBAL"}
{"level":"INFO","message":"[3:08:45.748 PM]: Connection[id: 3dc22808-d4e4-4a16-abf8-f54f03fdbcb3] - authentication successful using: SNOWFLAKE"}
{"level":"INFO","message":"[3:08:45.750 PM]: Connection[id: 3dc22808-d4e4-4a16-abf8-f54f03fdbcb3] - connected successfully after 1.4645000002346933 milliseconds"}
{"level":"INFO","message":"[3:08:45.773 PM]: Creating new connection object"}
{"level":"INFO","message":"[3:08:45.775 PM]: Creating Connection[id: d4328590-33ce-47b9-927c-401c170b454a] with host: RMCVKYD-LK80402.snowflakecomputing.com, account: RMCVKYD-LK80402, accessUrl: https://RMCVKYD-LK80402.snowflakecomputing.com, user: TULIPRAAJ007, password is provided, role: undefined, database: ASSETERA, schema: PUBLIC, warehouse: COMPUTE_WH, region: undefined, authenticator: SNOWFLAKE, ocsp mode: FAIL_OPEN, os: win32, os version: 10.0.20348"}
{"level":"INFO","message":"[3:08:45.775 PM]: Connection[id: d4328590-33ce-47b9-927c-401c170b454a] additional details: passcode in password is provided, passcode is not provided, private key is not provided, application: undefined, client name: snowflake-sdk, client version: 1.15.0, retry timeout: 300, private key path: undefined, private key pass is not provided, client store temporary credential: false, browser response timeout: 120000"}
{"level":"INFO","message":"[3:08:45.776 PM]: Connection[id: d4328590-33ce-47b9-927c-401c170b454a] - connection object created successfully."}
{"level":"INFO","message":"[3:08:45.776 PM]: Connection[id: d4328590-33ce-47b9-927c-401c170b454a] - connecting. Associated Snowflake domain: GLOBAL"}
{"level":"INFO","message":"[3:08:45.777 PM]: Connection[id: d4328590-33ce-47b9-927c-401c170b454a] - authentication successful using: SNOWFLAKE"}
{"level":"INFO","message":"[3:08:45.778 PM]: Connection[id: d4328590-33ce-47b9-927c-401c170b454a] - connected successfully after 1.634800000116229 milliseconds"}
{"level":"INFO","message":"[3:08:45.822 PM]: Creating new connection object"}
{"level":"INFO","message":"[3:08:45.823 PM]: Creating Connection[id: 0841d6c0-e571-4e8c-8b02-cc481b67c8d6] with host: RMCVKYD-LK80402.snowflakecomputing.com, account: RMCVKYD-LK80402, accessUrl: https://RMCVKYD-LK80402.snowflakecomputing.com, user: TULIPRAAJ007, password is provided, role: undefined, database: ASSETERA, schema: PUBLIC, warehouse: COMPUTE_WH, region: undefined, authenticator: SNOWFLAKE, ocsp mode: FAIL_OPEN, os: win32, os version: 10.0.20348"}
{"level":"INFO","message":"[3:08:45.823 PM]: Connection[id: 0841d6c0-e571-4e8c-8b02-cc481b67c8d6] additional details: passcode in password is provided, passcode is not provided, private key is not provided, application: undefined, client name: snowflake-sdk, client version: 1.15.0, retry timeout: 300, private key path: undefined, private key pass is not provided, client store temporary credential: false, browser response timeout: 120000"}
{"level":"INFO","message":"[3:08:45.824 PM]: Connection[id: 0841d6c0-e571-4e8c-8b02-cc481b67c8d6] - connection object created successfully."}
{"level":"INFO","message":"[3:08:45.824 PM]: Connection[id: 0841d6c0-e571-4e8c-8b02-cc481b67c8d6] - connecting. Associated Snowflake domain: GLOBAL"}
{"level":"INFO","message":"[3:08:45.825 PM]: Connection[id: 0841d6c0-e571-4e8c-8b02-cc481b67c8d6] - authentication successful using: SNOWFLAKE"}
{"level":"INFO","message":"[3:08:45.825 PM]: Connection[id: 0841d6c0-e571-4e8c-8b02-cc481b67c8d6] - connected successfully after 1.2316000000573695 milliseconds"}
{"level":"INFO","message":"[3:08:46.368 PM]: Creating new connection object"}
{"level":"INFO","message":"[3:08:46.371 PM]: Creating Connection[id: 5541558c-1ff9-49b9-85b9-3dab922b548c] with host: RMCVKYD-LK80402.snowflakecomputing.com, account: RMCVKYD-LK80402, accessUrl: https://RMCVKYD-LK80402.snowflakecomputing.com, user: TULIPRAAJ007, password is provided, role: undefined, database: ASSETERA, schema: PUBLIC, warehouse: COMPUTE_WH, region: undefined, authenticator: SNOWFLAKE, ocsp mode: FAIL_OPEN, os: win32, os version: 10.0.20348"}
{"level":"INFO","message":"[3:08:46.372 PM]: Connection[id: 5541558c-1ff9-49b9-85b9-3dab922b548c] additional details: passcode in password is provided, passcode is not provided, private key is not provided, application: undefined, client name: snowflake-sdk, client version: 1.15.0, retry timeout: 300, private key path: undefined, private key pass is not provided, client store temporary credential: false, browser response timeout: 120000"}
{"level":"INFO","message":"[3:08:46.373 PM]: Connection[id: 5541558c-1ff9-49b9-85b9-3dab922b548c] - connection object created successfully."}
{"level":"INFO","message":"[3:08:46.373 PM]: Connection[id: 5541558c-1ff9-49b9-85b9-3dab922b548c] - connecting. Associated Snowflake domain: GLOBAL"}
{"level":"INFO","message":"[3:08:46.374 PM]: Connection[id: 5541558c-1ff9-49b9-85b9-3dab922b548c] - authentication successful using: SNOWFLAKE"}
{"level":"INFO","message":"[3:08:46.374 PM]: Connection[id: 5541558c-1ff9-49b9-85b9-3dab922b548c] - connected successfully after 1.2303999997675419 milliseconds"}
{"level":"INFO","message":"[3:08:46.413 PM]: Creating new connection object"}
{"level":"INFO","message":"[3:08:46.414 PM]: Creating Connection[id: 6d78f461-09b5-4ade-a943-e4adfef38268] with host: RMCVKYD-LK80402.snowflakecomputing.com, account: RMCVKYD-LK80402, accessUrl: https://RMCVKYD-LK80402.snowflakecomputing.com, user: TULIPRAAJ007, password is provided, role: undefined, database: ASSETERA, schema: PUBLIC, warehouse: COMPUTE_WH, region: undefined, authenticator: SNOWFLAKE, ocsp mode: FAIL_OPEN, os: win32, os version: 10.0.20348"}
{"level":"INFO","message":"[3:08:46.415 PM]: Connection[id: 6d78f461-09b5-4ade-a943-e4adfef38268] additional details: passcode in password is provided, passcode is not provided, private key is not provided, application: undefined, client name: snowflake-sdk, client version: 1.15.0, retry timeout: 300, private key path: undefined, private key pass is not provided, client store temporary credential: false, browser response timeout: 120000"}
{"level":"INFO","message":"[3:08:46.416 PM]: Connection[id: 6d78f461-09b5-4ade-a943-e4adfef38268] - connection object created successfully."}
{"level":"INFO","message":"[3:08:46.416 PM]: Connection[id: 6d78f461-09b5-4ade-a943-e4adfef38268] - connecting. Associated Snowflake domain: GLOBAL"}
{"level":"INFO","message":"[3:08:46.417 PM]: Connection[id: 6d78f461-09b5-4ade-a943-e4adfef38268] - authentication successful using: SNOWFLAKE"}
{"level":"INFO","message":"[3:08:46.418 PM]: Connection[id: 6d78f461-09b5-4ade-a943-e4adfef38268] - connected successfully after 1.6759999999776483 milliseconds"}
{"level":"INFO","message":"[3:09:02.249 PM]: Creating new connection object"}
{"level":"INFO","message":"[3:09:02.250 PM]: Creating Connection[id: ca857f32-0240-4f19-be9e-d18f42c3ec49] with host: RMCVKYD-LK80402.snowflakecomputing.com, account: RMCVKYD-LK80402, accessUrl: https://RMCVKYD-LK80402.snowflakecomputing.com, user: TULIPRAAJ007, password is provided, role: undefined, database: ASSETERA, schema: PUBLIC, warehouse: COMPUTE_WH, region: undefined, authenticator: SNOWFLAKE, ocsp mode: FAIL_OPEN, os: win32, os version: 10.0.20348"}
{"level":"INFO","message":"[3:09:02.251 PM]: Connection[id: ca857f32-0240-4f19-be9e-d18f42c3ec49] additional details: passcode in password is provided, passcode is not provided, private key is not provided, application: undefined, client name: snowflake-sdk, client version: 1.15.0, retry timeout: 300, private key path: undefined, private key pass is not provided, client store temporary credential: false, browser response timeout: 120000"}
{"level":"INFO","message":"[3:09:02.251 PM]: Connection[id: ca857f32-0240-4f19-be9e-d18f42c3ec49] - connection object created successfully."}
{"level":"INFO","message":"[3:09:02.252 PM]: Connection[id: ca857f32-0240-4f19-be9e-d18f42c3ec49] - connecting. Associated Snowflake domain: GLOBAL"}
{"level":"INFO","message":"[3:09:02.252 PM]: Connection[id: ca857f32-0240-4f19-be9e-d18f42c3ec49] - authentication successful using: SNOWFLAKE"}
{"level":"INFO","message":"[3:09:02.253 PM]: Connection[id: ca857f32-0240-4f19-be9e-d18f42c3ec49] - connected successfully after 1.3292999998666346 milliseconds"}
{"level":"INFO","message":"[3:09:02.447 PM]: Creating new connection object"}
{"level":"INFO","message":"[3:09:02.448 PM]: Creating Connection[id: f98fce2f-2c25-48ad-b0d9-deccb9561383] with host: RMCVKYD-LK80402.snowflakecomputing.com, account: RMCVKYD-LK80402, accessUrl: https://RMCVKYD-LK80402.snowflakecomputing.com, user: TULIPRAAJ007, password is provided, role: undefined, database: ASSETERA, schema: PUBLIC, warehouse: COMPUTE_WH, region: undefined, authenticator: SNOWFLAKE, ocsp mode: FAIL_OPEN, os: win32, os version: 10.0.20348"}
{"level":"INFO","message":"[3:09:02.449 PM]: Connection[id: f98fce2f-2c25-48ad-b0d9-deccb9561383] additional details: passcode in password is provided, passcode is not provided, private key is not provided, application: undefined, client name: snowflake-sdk, client version: 1.15.0, retry timeout: 300, private key path: undefined, private key pass is not provided, client store temporary credential: false, browser response timeout: 120000"}
{"level":"INFO","message":"[3:09:02.450 PM]: Connection[id: f98fce2f-2c25-48ad-b0d9-deccb9561383] - connection object created successfully."}
{"level":"INFO","message":"[3:09:02.450 PM]: Connection[id: f98fce2f-2c25-48ad-b0d9-deccb9561383] - connecting. Associated Snowflake domain: GLOBAL"}
{"level":"INFO","message":"[3:09:02.451 PM]: Connection[id: f98fce2f-2c25-48ad-b0d9-deccb9561383] - authentication successful using: SNOWFLAKE"}
{"level":"INFO","message":"[3:09:02.452 PM]: Connection[id: f98fce2f-2c25-48ad-b0d9-deccb9561383] - connected successfully after 1.396100000012666 milliseconds"}
{"level":"INFO","message":"[3:09:02.508 PM]: Creating new connection object"}
{"level":"INFO","message":"[3:09:02.509 PM]: Creating Connection[id: 5c23d4ad-b92b-45e4-8ea7-a03e26f80ec3] with host: RMCVKYD-LK80402.snowflakecomputing.com, account: RMCVKYD-LK80402, accessUrl: https://RMCVKYD-LK80402.snowflakecomputing.com, user: TULIPRAAJ007, password is provided, role: undefined, database: ASSETERA, schema: PUBLIC, warehouse: COMPUTE_WH, region: undefined, authenticator: SNOWFLAKE, ocsp mode: FAIL_OPEN, os: win32, os version: 10.0.20348"}
{"level":"INFO","message":"[3:09:02.510 PM]: Connection[id: 5c23d4ad-b92b-45e4-8ea7-a03e26f80ec3] additional details: passcode in password is provided, passcode is not provided, private key is not provided, application: undefined, client name: snowflake-sdk, client version: 1.15.0, retry timeout: 300, private key path: undefined, private key pass is not provided, client store temporary credential: false, browser response timeout: 120000"}
{"level":"INFO","message":"[3:09:02.511 PM]: Connection[id: 5c23d4ad-b92b-45e4-8ea7-a03e26f80ec3] - connection object created successfully."}
{"level":"INFO","message":"[3:09:02.512 PM]: Connection[id: 5c23d4ad-b92b-45e4-8ea7-a03e26f80ec3] - connecting. Associated Snowflake domain: GLOBAL"}
{"level":"INFO","message":"[3:09:02.512 PM]: Connection[id: 5c23d4ad-b92b-45e4-8ea7-a03e26f80ec3] - authentication successful using: SNOWFLAKE"}
{"level":"INFO","message":"[3:09:02.513 PM]: Connection[id: 5c23d4ad-b92b-45e4-8ea7-a03e26f80ec3] - connected successfully after 1.6098999995738268 milliseconds"}
{"level":"INFO","message":"[3:09:02.676 PM]: Creating new connection object"}
{"level":"INFO","message":"[3:09:02.678 PM]: Creating Connection[id: 75fc53cb-cb37-4c18-8cee-c721fbddaedc] with host: RMCVKYD-LK80402.snowflakecomputing.com, account: RMCVKYD-LK80402, accessUrl: https://RMCVKYD-LK80402.snowflakecomputing.com, user: TULIPRAAJ007, password is provided, role: undefined, database: ASSETERA, schema: PUBLIC, warehouse: COMPUTE_WH, region: undefined, authenticator: SNOWFLAKE, ocsp mode: FAIL_OPEN, os: win32, os version: 10.0.20348"}
{"level":"INFO","message":"[3:09:02.678 PM]: Connection[id: 75fc53cb-cb37-4c18-8cee-c721fbddaedc] additional details: passcode in password is provided, passcode is not provided, private key is not provided, application: undefined, client name: snowflake-sdk, client version: 1.15.0, retry timeout: 300, private key path: undefined, private key pass is not provided, client store temporary credential: false, browser response timeout: 120000"}
{"level":"INFO","message":"[3:09:02.679 PM]: Connection[id: 75fc53cb-cb37-4c18-8cee-c721fbddaedc] - connection object created successfully."}
{"level":"INFO","message":"[3:09:02.679 PM]: Connection[id: 75fc53cb-cb37-4c18-8cee-c721fbddaedc] - connecting. Associated Snowflake domain: GLOBAL"}
{"level":"INFO","message":"[3:09:02.680 PM]: Connection[id: 75fc53cb-cb37-4c18-8cee-c721fbddaedc] - authentication successful using: SNOWFLAKE"}
{"level":"INFO","message":"[3:09:02.681 PM]: Connection[id: 75fc53cb-cb37-4c18-8cee-c721fbddaedc] - connected successfully after 1.9144999999552965 milliseconds"}
{"level":"INFO","message":"[3:09:02.813 PM]: Creating new connection object"}
{"level":"INFO","message":"[3:09:02.815 PM]: Creating Connection[id: 5ab14a25-830d-4ea2-a207-388f8c212ee3] with host: RMCVKYD-LK80402.snowflakecomputing.com, account: RMCVKYD-LK80402, accessUrl: https://RMCVKYD-LK80402.snowflakecomputing.com, user: TULIPRAAJ007, password is provided, role: undefined, database: ASSETERA, schema: PUBLIC, warehouse: COMPUTE_WH, region: undefined, authenticator: SNOWFLAKE, ocsp mode: FAIL_OPEN, os: win32, os version: 10.0.20348"}
{"level":"INFO","message":"[3:09:02.815 PM]: Connection[id: 5ab14a25-830d-4ea2-a207-388f8c212ee3] additional details: passcode in password is provided, passcode is not provided, private key is not provided, application: undefined, client name: snowflake-sdk, client version: 1.15.0, retry timeout: 300, private key path: undefined, private key pass is not provided, client store temporary credential: false, browser response timeout: 120000"}
{"level":"INFO","message":"[3:09:02.816 PM]: Connection[id: 5ab14a25-830d-4ea2-a207-388f8c212ee3] - connection object created successfully."}
{"level":"INFO","message":"[3:09:02.816 PM]: Connection[id: 5ab14a25-830d-4ea2-a207-388f8c212ee3] - connecting. Associated Snowflake domain: GLOBAL"}
{"level":"INFO","message":"[3:09:02.816 PM]: Connection[id: 5ab14a25-830d-4ea2-a207-388f8c212ee3] - authentication successful using: SNOWFLAKE"}
{"level":"INFO","message":"[3:09:02.817 PM]: Connection[id: 5ab14a25-830d-4ea2-a207-388f8c212ee3] - connected successfully after 1.33199999993667 milliseconds"}
{"level":"INFO","message":"[3:09:03.006 PM]: Creating new connection object"}
{"level":"INFO","message":"[3:09:03.007 PM]: Creating Connection[id: 138157e2-a8e8-49d4-ab51-f40f46e1e1f6] with host: RMCVKYD-LK80402.snowflakecomputing.com, account: RMCVKYD-LK80402, accessUrl: https://RMCVKYD-LK80402.snowflakecomputing.com, user: TULIPRAAJ007, password is provided, role: undefined, database: ASSETERA, schema: PUBLIC, warehouse: COMPUTE_WH, region: undefined, authenticator: SNOWFLAKE, ocsp mode: FAIL_OPEN, os: win32, os version: 10.0.20348"}
{"level":"INFO","message":"[3:09:03.008 PM]: Connection[id: 138157e2-a8e8-49d4-ab51-f40f46e1e1f6] additional details: passcode in password is provided, passcode is not provided, private key is not provided, application: undefined, client name: snowflake-sdk, client version: 1.15.0, retry timeout: 300, private key path: undefined, private key pass is not provided, client store temporary credential: false, browser response timeout: 120000"}
{"level":"INFO","message":"[3:09:03.008 PM]: Connection[id: 138157e2-a8e8-49d4-ab51-f40f46e1e1f6] - connection object created successfully."}
{"level":"INFO","message":"[3:09:03.009 PM]: Connection[id: 138157e2-a8e8-49d4-ab51-f40f46e1e1f6] - connecting. Associated Snowflake domain: GLOBAL"}
{"level":"INFO","message":"[3:09:03.010 PM]: Connection[id: 138157e2-a8e8-49d4-ab51-f40f46e1e1f6] - authentication successful using: SNOWFLAKE"}
{"level":"INFO","message":"[3:09:03.011 PM]: Connection[id: 138157e2-a8e8-49d4-ab51-f40f46e1e1f6] - connected successfully after 2.1811000001616776 milliseconds"}
{"level":"INFO","message":"[3:09:03.752 PM]: Creating new connection object"}
{"level":"INFO","message":"[3:09:03.756 PM]: Creating Connection[id: 5578ecfa-f96b-412b-bc1c-1cb39557132e] with host: RMCVKYD-LK80402.snowflakecomputing.com, account: RMCVKYD-LK80402, accessUrl: https://RMCVKYD-LK80402.snowflakecomputing.com, user: TULIPRAAJ007, password is provided, role: undefined, database: ASSETERA, schema: PUBLIC, warehouse: COMPUTE_WH, region: undefined, authenticator: SNOWFLAKE, ocsp mode: FAIL_OPEN, os: win32, os version: 10.0.20348"}
{"level":"INFO","message":"[3:09:03.757 PM]: Connection[id: 5578ecfa-f96b-412b-bc1c-1cb39557132e] additional details: passcode in password is provided, passcode is not provided, private key is not provided, application: undefined, client name: snowflake-sdk, client version: 1.15.0, retry timeout: 300, private key path: undefined, private key pass is not provided, client store temporary credential: false, browser response timeout: 120000"}
{"level":"INFO","message":"[3:09:03.757 PM]: Connection[id: 5578ecfa-f96b-412b-bc1c-1cb39557132e] - connection object created successfully."}
{"level":"INFO","message":"[3:09:03.758 PM]: Connection[id: 5578ecfa-f96b-412b-bc1c-1cb39557132e] - connecting. Associated Snowflake domain: GLOBAL"}
{"level":"INFO","message":"[3:09:03.758 PM]: Connection[id: 5578ecfa-f96b-412b-bc1c-1cb39557132e] - authentication successful using: SNOWFLAKE"}
{"level":"INFO","message":"[3:09:03.759 PM]: Connection[id: 5578ecfa-f96b-412b-bc1c-1cb39557132e] - connected successfully after 1.8966000000946224 milliseconds"}
{"level":"INFO","message":"[3:09:03.891 PM]: Creating new connection object"}
{"level":"INFO","message":"[3:09:03.892 PM]: Creating Connection[id: 233d0ce3-7a46-4f66-8d2c-aa1aea089c34] with host: RMCVKYD-LK80402.snowflakecomputing.com, account: RMCVKYD-LK80402, accessUrl: https://RMCVKYD-LK80402.snowflakecomputing.com, user: TULIPRAAJ007, password is provided, role: undefined, database: ASSETERA, schema: PUBLIC, warehouse: COMPUTE_WH, region: undefined, authenticator: SNOWFLAKE, ocsp mode: FAIL_OPEN, os: win32, os version: 10.0.20348"}
{"level":"INFO","message":"[3:09:03.893 PM]: Connection[id: 233d0ce3-7a46-4f66-8d2c-aa1aea089c34] additional details: passcode in password is provided, passcode is not provided, private key is not provided, application: undefined, client name: snowflake-sdk, client version: 1.15.0, retry timeout: 300, private key path: undefined, private key pass is not provided, client store temporary credential: false, browser response timeout: 120000"}
{"level":"INFO","message":"[3:09:03.894 PM]: Connection[id: 233d0ce3-7a46-4f66-8d2c-aa1aea089c34] - connection object created successfully."}
{"level":"INFO","message":"[3:09:03.894 PM]: Connection[id: 233d0ce3-7a46-4f66-8d2c-aa1aea089c34] - connecting. Associated Snowflake domain: GLOBAL"}
{"level":"INFO","message":"[3:09:03.895 PM]: Connection[id: 233d0ce3-7a46-4f66-8d2c-aa1aea089c34] - authentication successful using: SNOWFLAKE"}
{"level":"INFO","message":"[3:09:03.896 PM]: Connection[id: 233d0ce3-7a46-4f66-8d2c-aa1aea089c34] - connected successfully after 1.7474000002257526 milliseconds"}
{"level":"INFO","message":"[3:09:03.970 PM]: Creating new connection object"}
{"level":"INFO","message":"[3:09:03.971 PM]: Creating Connection[id: 49ed2431-4832-4826-9a3f-27b7a39d6c42] with host: RMCVKYD-LK80402.snowflakecomputing.com, account: RMCVKYD-LK80402, accessUrl: https://RMCVKYD-LK80402.snowflakecomputing.com, user: TULIPRAAJ007, password is provided, role: undefined, database: ASSETERA, schema: PUBLIC, warehouse: COMPUTE_WH, region: undefined, authenticator: SNOWFLAKE, ocsp mode: FAIL_OPEN, os: win32, os version: 10.0.20348"}
{"level":"INFO","message":"[3:09:03.972 PM]: Connection[id: 49ed2431-4832-4826-9a3f-27b7a39d6c42] additional details: passcode in password is provided, passcode is not provided, private key is not provided, application: undefined, client name: snowflake-sdk, client version: 1.15.0, retry timeout: 300, private key path: undefined, private key pass is not provided, client store temporary credential: false, browser response timeout: 120000"}
{"level":"INFO","message":"[3:09:03.972 PM]: Connection[id: 49ed2431-4832-4826-9a3f-27b7a39d6c42] - connection object created successfully."}
{"level":"INFO","message":"[3:09:03.973 PM]: Connection[id: 49ed2431-4832-4826-9a3f-27b7a39d6c42] - connecting. Associated Snowflake domain: GLOBAL"}
{"level":"INFO","message":"[3:09:03.974 PM]: Connection[id: 49ed2431-4832-4826-9a3f-27b7a39d6c42] - authentication successful using: SNOWFLAKE"}
{"level":"INFO","message":"[3:09:03.975 PM]: Connection[id: 49ed2431-4832-4826-9a3f-27b7a39d6c42] - connected successfully after 1.8029000000096858 milliseconds"}
{"level":"INFO","message":"[3:09:04.052 PM]: Creating new connection object"}
{"level":"INFO","message":"[3:09:04.054 PM]: Creating Connection[id: 3c008a7c-5575-412c-ad86-9eaad6e6fb2e] with host: RMCVKYD-LK80402.snowflakecomputing.com, account: RMCVKYD-LK80402, accessUrl: https://RMCVKYD-LK80402.snowflakecomputing.com, user: TULIPRAAJ007, password is provided, role: undefined, database: ASSETERA, schema: PUBLIC, warehouse: COMPUTE_WH, region: undefined, authenticator: SNOWFLAKE, ocsp mode: FAIL_OPEN, os: win32, os version: 10.0.20348"}
{"level":"INFO","message":"[3:09:04.055 PM]: Connection[id: 3c008a7c-5575-412c-ad86-9eaad6e6fb2e] additional details: passcode in password is provided, passcode is not provided, private key is not provided, application: undefined, client name: snowflake-sdk, client version: 1.15.0, retry timeout: 300, private key path: undefined, private key pass is not provided, client store temporary credential: false, browser response timeout: 120000"}
{"level":"INFO","message":"[3:09:04.056 PM]: Connection[id: 3c008a7c-5575-412c-ad86-9eaad6e6fb2e] - connection object created successfully."}
{"level":"INFO","message":"[3:09:04.056 PM]: Connection[id: 3c008a7c-5575-412c-ad86-9eaad6e6fb2e] - connecting. Associated Snowflake domain: GLOBAL"}
{"level":"INFO","message":"[3:09:04.057 PM]: Connection[id: 3c008a7c-5575-412c-ad86-9eaad6e6fb2e] - authentication successful using: SNOWFLAKE"}
{"level":"INFO","message":"[3:09:04.058 PM]: Connection[id: 3c008a7c-5575-412c-ad86-9eaad6e6fb2e] - connected successfully after 1.9034000001847744 milliseconds"}
{"level":"INFO","message":"[3:09:04.130 PM]: Creating new connection object"}
{"level":"INFO","message":"[3:09:04.131 PM]: Creating Connection[id: 19b74eab-43a6-4d3c-8bad-01b9234ccb87] with host: RMCVKYD-LK80402.snowflakecomputing.com, account: RMCVKYD-LK80402, accessUrl: https://RMCVKYD-LK80402.snowflakecomputing.com, user: TULIPRAAJ007, password is provided, role: undefined, database: ASSETERA, schema: PUBLIC, warehouse: COMPUTE_WH, region: undefined, authenticator: SNOWFLAKE, ocsp mode: FAIL_OPEN, os: win32, os version: 10.0.20348"}
{"level":"INFO","message":"[3:09:04.132 PM]: Connection[id: 19b74eab-43a6-4d3c-8bad-01b9234ccb87] additional details: passcode in password is provided, passcode is not provided, private key is not provided, application: undefined, client name: snowflake-sdk, client version: 1.15.0, retry timeout: 300, private key path: undefined, private key pass is not provided, client store temporary credential: false, browser response timeout: 120000"}
{"level":"INFO","message":"[3:09:04.133 PM]: Connection[id: 19b74eab-43a6-4d3c-8bad-01b9234ccb87] - connection object created successfully."}
{"level":"INFO","message":"[3:09:04.133 PM]: Connection[id: 19b74eab-43a6-4d3c-8bad-01b9234ccb87] - connecting. Associated Snowflake domain: GLOBAL"}
{"level":"INFO","message":"[3:09:04.134 PM]: Connection[id: 19b74eab-43a6-4d3c-8bad-01b9234ccb87] - authentication successful using: SNOWFLAKE"}
{"level":"INFO","message":"[3:09:04.135 PM]: Connection[id: 19b74eab-43a6-4d3c-8bad-01b9234ccb87] - connected successfully after 1.5481000002473593 milliseconds"}
{"level":"INFO","message":"[3:09:04.174 PM]: Creating new connection object"}
{"level":"INFO","message":"[3:09:04.175 PM]: Creating Connection[id: 3a1c38dc-bbf5-4309-9ed0-1abecfa5b768] with host: RMCVKYD-LK80402.snowflakecomputing.com, account: RMCVKYD-LK80402, accessUrl: https://RMCVKYD-LK80402.snowflakecomputing.com, user: TULIPRAAJ007, password is provided, role: undefined, database: ASSETERA, schema: PUBLIC, warehouse: COMPUTE_WH, region: undefined, authenticator: SNOWFLAKE, ocsp mode: FAIL_OPEN, os: win32, os version: 10.0.20348"}
{"level":"INFO","message":"[3:09:04.176 PM]: Connection[id: 3a1c38dc-bbf5-4309-9ed0-1abecfa5b768] additional details: passcode in password is provided, passcode is not provided, private key is not provided, application: undefined, client name: snowflake-sdk, client version: 1.15.0, retry timeout: 300, private key path: undefined, private key pass is not provided, client store temporary credential: false, browser response timeout: 120000"}
{"level":"INFO","message":"[3:09:04.177 PM]: Connection[id: 3a1c38dc-bbf5-4309-9ed0-1abecfa5b768] - connection object created successfully."}
{"level":"INFO","message":"[3:09:04.177 PM]: Connection[id: 3a1c38dc-bbf5-4309-9ed0-1abecfa5b768] - connecting. Associated Snowflake domain: GLOBAL"}
{"level":"INFO","message":"[3:09:04.177 PM]: Connection[id: 3a1c38dc-bbf5-4309-9ed0-1abecfa5b768] - authentication successful using: SNOWFLAKE"}
{"level":"INFO","message":"[3:09:04.179 PM]: Connection[id: 3a1c38dc-bbf5-4309-9ed0-1abecfa5b768] - connected successfully after 1.4298000000417233 milliseconds"}
{"level":"INFO","message":"[3:09:04.250 PM]: Creating new connection object"}
{"level":"INFO","message":"[3:09:04.252 PM]: Creating Connection[id: 72d5363d-7335-4e69-9942-76cc679687b0] with host: RMCVKYD-LK80402.snowflakecomputing.com, account: RMCVKYD-LK80402, accessUrl: https://RMCVKYD-LK80402.snowflakecomputing.com, user: TULIPRAAJ007, password is provided, role: undefined, database: ASSETERA, schema: PUBLIC, warehouse: COMPUTE_WH, region: undefined, authenticator: SNOWFLAKE, ocsp mode: FAIL_OPEN, os: win32, os version: 10.0.20348"}
{"level":"INFO","message":"[3:09:04.252 PM]: Connection[id: 72d5363d-7335-4e69-9942-76cc679687b0] additional details: passcode in password is provided, passcode is not provided, private key is not provided, application: undefined, client name: snowflake-sdk, client version: 1.15.0, retry timeout: 300, private key path: undefined, private key pass is not provided, client store temporary credential: false, browser response timeout: 120000"}
{"level":"INFO","message":"[3:09:04.253 PM]: Connection[id: 72d5363d-7335-4e69-9942-76cc679687b0] - connection object created successfully."}
{"level":"INFO","message":"[3:09:04.253 PM]: Connection[id: 72d5363d-7335-4e69-9942-76cc679687b0] - connecting. Associated Snowflake domain: GLOBAL"}
{"level":"INFO","message":"[3:09:04.253 PM]: Connection[id: 72d5363d-7335-4e69-9942-76cc679687b0] - authentication successful using: SNOWFLAKE"}
{"level":"INFO","message":"[3:09:04.254 PM]: Connection[id: 72d5363d-7335-4e69-9942-76cc679687b0] - connected successfully after 1.3061000001616776 milliseconds"}
{"level":"INFO","message":"[3:09:04.345 PM]: Creating new connection object"}
{"level":"INFO","message":"[3:09:04.346 PM]: Creating Connection[id: 695cd826-36df-40b5-9086-17dae90a8224] with host: RMCVKYD-LK80402.snowflakecomputing.com, account: RMCVKYD-LK80402, accessUrl: https://RMCVKYD-LK80402.snowflakecomputing.com, user: TULIPRAAJ007, password is provided, role: undefined, database: ASSETERA, schema: PUBLIC, warehouse: COMPUTE_WH, region: undefined, authenticator: SNOWFLAKE, ocsp mode: FAIL_OPEN, os: win32, os version: 10.0.20348"}
{"level":"INFO","message":"[3:09:04.347 PM]: Connection[id: 695cd826-36df-40b5-9086-17dae90a8224] additional details: passcode in password is provided, passcode is not provided, private key is not provided, application: undefined, client name: snowflake-sdk, client version: 1.15.0, retry timeout: 300, private key path: undefined, private key pass is not provided, client store temporary credential: false, browser response timeout: 120000"}
{"level":"INFO","message":"[3:09:04.348 PM]: Connection[id: 695cd826-36df-40b5-9086-17dae90a8224] - connection object created successfully."}
{"level":"INFO","message":"[3:09:04.348 PM]: Connection[id: 695cd826-36df-40b5-9086-17dae90a8224] - connecting. Associated Snowflake domain: GLOBAL"}
{"level":"INFO","message":"[3:09:04.349 PM]: Connection[id: 695cd826-36df-40b5-9086-17dae90a8224] - authentication successful using: SNOWFLAKE"}
{"level":"INFO","message":"[3:09:04.350 PM]: Connection[id: 695cd826-36df-40b5-9086-17dae90a8224] - connected successfully after 1.6995000001043081 milliseconds"}
{"level":"INFO","message":"[3:09:04.358 PM]: Creating new connection object"}
{"level":"INFO","message":"[3:09:04.360 PM]: Creating Connection[id: 80a739e1-f269-42af-823a-e1302b04d5aa] with host: RMCVKYD-LK80402.snowflakecomputing.com, account: RMCVKYD-LK80402, accessUrl: https://RMCVKYD-LK80402.snowflakecomputing.com, user: TULIPRAAJ007, password is provided, role: undefined, database: ASSETERA, schema: PUBLIC, warehouse: COMPUTE_WH, region: undefined, authenticator: SNOWFLAKE, ocsp mode: FAIL_OPEN, os: win32, os version: 10.0.20348"}
{"level":"INFO","message":"[3:09:04.360 PM]: Connection[id: 80a739e1-f269-42af-823a-e1302b04d5aa] additional details: passcode in password is provided, passcode is not provided, private key is not provided, application: undefined, client name: snowflake-sdk, client version: 1.15.0, retry timeout: 300, private key path: undefined, private key pass is not provided, client store temporary credential: false, browser response timeout: 120000"}
{"level":"INFO","message":"[3:09:04.362 PM]: Connection[id: 80a739e1-f269-42af-823a-e1302b04d5aa] - connection object created successfully."}
{"level":"INFO","message":"[3:09:04.372 PM]: Connection[id: 80a739e1-f269-42af-823a-e1302b04d5aa] - connecting. Associated Snowflake domain: GLOBAL"}
{"level":"INFO","message":"[3:09:04.373 PM]: Connection[id: 80a739e1-f269-42af-823a-e1302b04d5aa] - authentication successful using: SNOWFLAKE"}
{"level":"INFO","message":"[3:09:04.374 PM]: Connection[id: 80a739e1-f269-42af-823a-e1302b04d5aa] - connected successfully after 2.3623999999836087 milliseconds"}
{"level":"INFO","message":"[3:09:04.418 PM]: Creating new connection object"}
{"level":"INFO","message":"[3:09:04.419 PM]: Creating Connection[id: dc4d728c-a054-4ae4-a74f-f72c94e8097e] with host: RMCVKYD-LK80402.snowflakecomputing.com, account: RMCVKYD-LK80402, accessUrl: https://RMCVKYD-LK80402.snowflakecomputing.com, user: TULIPRAAJ007, password is provided, role: undefined, database: ASSETERA, schema: PUBLIC, warehouse: COMPUTE_WH, region: undefined, authenticator: SNOWFLAKE, ocsp mode: FAIL_OPEN, os: win32, os version: 10.0.20348"}
{"level":"INFO","message":"[3:09:04.420 PM]: Connection[id: dc4d728c-a054-4ae4-a74f-f72c94e8097e] additional details: passcode in password is provided, passcode is not provided, private key is not provided, application: undefined, client name: snowflake-sdk, client version: 1.15.0, retry timeout: 300, private key path: undefined, private key pass is not provided, client store temporary credential: false, browser response timeout: 120000"}
{"level":"INFO","message":"[3:09:04.420 PM]: Connection[id: dc4d728c-a054-4ae4-a74f-f72c94e8097e] - connection object created successfully."}
{"level":"INFO","message":"[3:09:04.421 PM]: Connection[id: dc4d728c-a054-4ae4-a74f-f72c94e8097e] - connecting. Associated Snowflake domain: GLOBAL"}
{"level":"INFO","message":"[3:09:04.421 PM]: Connection[id: dc4d728c-a054-4ae4-a74f-f72c94e8097e] - authentication successful using: SNOWFLAKE"}
{"level":"INFO","message":"[3:09:04.423 PM]: Connection[id: dc4d728c-a054-4ae4-a74f-f72c94e8097e] - connected successfully after 1.8166000000201166 milliseconds"}
{"level":"INFO","message":"[3:09:04.453 PM]: Creating new connection object"}
{"level":"INFO","message":"[3:09:04.454 PM]: Creating Connection[id: 2bfe1b0e-cf57-497a-a500-43c46795b7a9] with host: RMCVKYD-LK80402.snowflakecomputing.com, account: RMCVKYD-LK80402, accessUrl: https://RMCVKYD-LK80402.snowflakecomputing.com, user: TULIPRAAJ007, password is provided, role: undefined, database: ASSETERA, schema: PUBLIC, warehouse: COMPUTE_WH, region: undefined, authenticator: SNOWFLAKE, ocsp mode: FAIL_OPEN, os: win32, os version: 10.0.20348"}
{"level":"INFO","message":"[3:09:04.455 PM]: Connection[id: 2bfe1b0e-cf57-497a-a500-43c46795b7a9] additional details: passcode in password is provided, passcode is not provided, private key is not provided, application: undefined, client name: snowflake-sdk, client version: 1.15.0, retry timeout: 300, private key path: undefined, private key pass is not provided, client store temporary credential: false, browser response timeout: 120000"}
{"level":"INFO","message":"[3:09:04.456 PM]: Connection[id: 2bfe1b0e-cf57-497a-a500-43c46795b7a9] - connection object created successfully."}
{"level":"INFO","message":"[3:09:04.456 PM]: Connection[id: 2bfe1b0e-cf57-497a-a500-43c46795b7a9] - connecting. Associated Snowflake domain: GLOBAL"}
{"level":"INFO","message":"[3:09:04.456 PM]: Connection[id: 2bfe1b0e-cf57-497a-a500-43c46795b7a9] - authentication successful using: SNOWFLAKE"}
{"level":"INFO","message":"[3:09:04.458 PM]: Connection[id: 2bfe1b0e-cf57-497a-a500-43c46795b7a9] - connected successfully after 1.6460000001825392 milliseconds"}
{"level":"INFO","message":"[3:09:04.982 PM]: Creating new connection object"}
{"level":"INFO","message":"[3:09:04.983 PM]: Creating Connection[id: 635b905d-6ba4-4a0e-bf48-0cc2c6be6067] with host: RMCVKYD-LK80402.snowflakecomputing.com, account: RMCVKYD-LK80402, accessUrl: https://RMCVKYD-LK80402.snowflakecomputing.com, user: TULIPRAAJ007, password is provided, role: undefined, database: ASSETERA, schema: PUBLIC, warehouse: COMPUTE_WH, region: undefined, authenticator: SNOWFLAKE, ocsp mode: FAIL_OPEN, os: win32, os version: 10.0.20348"}
{"level":"INFO","message":"[3:09:04.984 PM]: Connection[id: 635b905d-6ba4-4a0e-bf48-0cc2c6be6067] additional details: passcode in password is provided, passcode is not provided, private key is not provided, application: undefined, client name: snowflake-sdk, client version: 1.15.0, retry timeout: 300, private key path: undefined, private key pass is not provided, client store temporary credential: false, browser response timeout: 120000"}
{"level":"INFO","message":"[3:09:04.985 PM]: Connection[id: 635b905d-6ba4-4a0e-bf48-0cc2c6be6067] - connection object created successfully."}
{"level":"INFO","message":"[3:09:04.985 PM]: Connection[id: 635b905d-6ba4-4a0e-bf48-0cc2c6be6067] - connecting. Associated Snowflake domain: GLOBAL"}
{"level":"INFO","message":"[3:09:04.986 PM]: Connection[id: 635b905d-6ba4-4a0e-bf48-0cc2c6be6067] - authentication successful using: SNOWFLAKE"}
{"level":"INFO","message":"[3:09:04.987 PM]: Connection[id: 635b905d-6ba4-4a0e-bf48-0cc2c6be6067] - connected successfully after 1.9188999999314547 milliseconds"}
{"level":"INFO","message":"[3:09:05.019 PM]: Creating new connection object"}
{"level":"INFO","message":"[3:09:05.020 PM]: Creating Connection[id: 0f7375e8-bfb1-4754-ad59-34e8e40b09ac] with host: RMCVKYD-LK80402.snowflakecomputing.com, account: RMCVKYD-LK80402, accessUrl: https://RMCVKYD-LK80402.snowflakecomputing.com, user: TULIPRAAJ007, password is provided, role: undefined, database: ASSETERA, schema: PUBLIC, warehouse: COMPUTE_WH, region: undefined, authenticator: SNOWFLAKE, ocsp mode: FAIL_OPEN, os: win32, os version: 10.0.20348"}
{"level":"INFO","message":"[3:09:05.021 PM]: Connection[id: 0f7375e8-bfb1-4754-ad59-34e8e40b09ac] additional details: passcode in password is provided, passcode is not provided, private key is not provided, application: undefined, client name: snowflake-sdk, client version: 1.15.0, retry timeout: 300, private key path: undefined, private key pass is not provided, client store temporary credential: false, browser response timeout: 120000"}
{"level":"INFO","message":"[3:09:05.022 PM]: Connection[id: 0f7375e8-bfb1-4754-ad59-34e8e40b09ac] - connection object created successfully."}
{"level":"INFO","message":"[3:09:05.022 PM]: Connection[id: 0f7375e8-bfb1-4754-ad59-34e8e40b09ac] - connecting. Associated Snowflake domain: GLOBAL"}
{"level":"INFO","message":"[3:09:05.023 PM]: Connection[id: 0f7375e8-bfb1-4754-ad59-34e8e40b09ac] - authentication successful using: SNOWFLAKE"}
{"level":"INFO","message":"[3:09:05.024 PM]: Connection[id: 0f7375e8-bfb1-4754-ad59-34e8e40b09ac] - connected successfully after 1.6340999999083579 milliseconds"}
{"level":"INFO","message":"[3:09:05.723 PM]: Creating new connection object"}
{"level":"INFO","message":"[3:09:05.725 PM]: Creating Connection[id: fc6ccc9a-72a6-44dd-bb39-dc8a004af841] with host: RMCVKYD-LK80402.snowflakecomputing.com, account: RMCVKYD-LK80402, accessUrl: https://RMCVKYD-LK80402.snowflakecomputing.com, user: TULIPRAAJ007, password is provided, role: undefined, database: ASSETERA, schema: PUBLIC, warehouse: COMPUTE_WH, region: undefined, authenticator: SNOWFLAKE, ocsp mode: FAIL_OPEN, os: win32, os version: 10.0.20348"}
{"level":"INFO","message":"[3:09:05.726 PM]: Connection[id: fc6ccc9a-72a6-44dd-bb39-dc8a004af841] additional details: passcode in password is provided, passcode is not provided, private key is not provided, application: undefined, client name: snowflake-sdk, client version: 1.15.0, retry timeout: 300, private key path: undefined, private key pass is not provided, client store temporary credential: false, browser response timeout: 120000"}
{"level":"INFO","message":"[3:09:05.726 PM]: Connection[id: fc6ccc9a-72a6-44dd-bb39-dc8a004af841] - connection object created successfully."}
{"level":"INFO","message":"[3:09:05.727 PM]: Connection[id: fc6ccc9a-72a6-44dd-bb39-dc8a004af841] - connecting. Associated Snowflake domain: GLOBAL"}
{"level":"INFO","message":"[3:09:05.727 PM]: Connection[id: fc6ccc9a-72a6-44dd-bb39-dc8a004af841] - authentication successful using: SNOWFLAKE"}
{"level":"INFO","message":"[3:09:05.729 PM]: Connection[id: fc6ccc9a-72a6-44dd-bb39-dc8a004af841] - connected successfully after 2.1323000001721084 milliseconds"}
{"level":"INFO","message":"[3:09:05.859 PM]: Creating new connection object"}
{"level":"INFO","message":"[3:09:05.860 PM]: Creating Connection[id: 54a722d4-1130-4ef3-a485-6a9ea0383ee0] with host: RMCVKYD-LK80402.snowflakecomputing.com, account: RMCVKYD-LK80402, accessUrl: https://RMCVKYD-LK80402.snowflakecomputing.com, user: TULIPRAAJ007, password is provided, role: undefined, database: ASSETERA, schema: PUBLIC, warehouse: COMPUTE_WH, region: undefined, authenticator: SNOWFLAKE, ocsp mode: FAIL_OPEN, os: win32, os version: 10.0.20348"}
{"level":"INFO","message":"[3:09:05.861 PM]: Connection[id: 54a722d4-1130-4ef3-a485-6a9ea0383ee0] additional details: passcode in password is provided, passcode is not provided, private key is not provided, application: undefined, client name: snowflake-sdk, client version: 1.15.0, retry timeout: 300, private key path: undefined, private key pass is not provided, client store temporary credential: false, browser response timeout: 120000"}
{"level":"INFO","message":"[3:09:05.862 PM]: Connection[id: 54a722d4-1130-4ef3-a485-6a9ea0383ee0] - connection object created successfully."}
{"level":"INFO","message":"[3:09:05.862 PM]: Connection[id: 54a722d4-1130-4ef3-a485-6a9ea0383ee0] - connecting. Associated Snowflake domain: GLOBAL"}
{"level":"INFO","message":"[3:09:05.863 PM]: Connection[id: 54a722d4-1130-4ef3-a485-6a9ea0383ee0] - authentication successful using: SNOWFLAKE"}
{"level":"INFO","message":"[3:09:05.864 PM]: Connection[id: 54a722d4-1130-4ef3-a485-6a9ea0383ee0] - connected successfully after 1.7393000000156462 milliseconds"}
{"level":"INFO","message":"[3:09:06.044 PM]: Creating new connection object"}
{"level":"INFO","message":"[3:09:06.045 PM]: Creating Connection[id: 5b687eca-ca64-4881-b555-a903f44ea888] with host: RMCVKYD-LK80402.snowflakecomputing.com, account: RMCVKYD-LK80402, accessUrl: https://RMCVKYD-LK80402.snowflakecomputing.com, user: TULIPRAAJ007, password is provided, role: undefined, database: ASSETERA, schema: PUBLIC, warehouse: COMPUTE_WH, region: undefined, authenticator: SNOWFLAKE, ocsp mode: FAIL_OPEN, os: win32, os version: 10.0.20348"}
{"level":"INFO","message":"[3:09:06.046 PM]: Connection[id: 5b687eca-ca64-4881-b555-a903f44ea888] additional details: passcode in password is provided, passcode is not provided, private key is not provided, application: undefined, client name: snowflake-sdk, client version: 1.15.0, retry timeout: 300, private key path: undefined, private key pass is not provided, client store temporary credential: false, browser response timeout: 120000"}
{"level":"INFO","message":"[3:09:06.046 PM]: Connection[id: 5b687eca-ca64-4881-b555-a903f44ea888] - connection object created successfully."}
{"level":"INFO","message":"[3:09:06.046 PM]: Connection[id: 5b687eca-ca64-4881-b555-a903f44ea888] - connecting. Associated Snowflake domain: GLOBAL"}
{"level":"INFO","message":"[3:09:06.047 PM]: Connection[id: 5b687eca-ca64-4881-b555-a903f44ea888] - authentication successful using: SNOWFLAKE"}
{"level":"INFO","message":"[3:09:06.048 PM]: Connection[id: 5b687eca-ca64-4881-b555-a903f44ea888] - connected successfully after 1.4106000000610948 milliseconds"}
{"level":"INFO","message":"[3:09:06.182 PM]: Creating new connection object"}
{"level":"INFO","message":"[3:09:06.183 PM]: Creating Connection[id: ee0968fc-1f4c-432f-bc9d-b7249a1f77da] with host: RMCVKYD-LK80402.snowflakecomputing.com, account: RMCVKYD-LK80402, accessUrl: https://RMCVKYD-LK80402.snowflakecomputing.com, user: TULIPRAAJ007, password is provided, role: undefined, database: ASSETERA, schema: PUBLIC, warehouse: COMPUTE_WH, region: undefined, authenticator: SNOWFLAKE, ocsp mode: FAIL_OPEN, os: win32, os version: 10.0.20348"}
{"level":"INFO","message":"[3:09:06.184 PM]: Connection[id: ee0968fc-1f4c-432f-bc9d-b7249a1f77da] additional details: passcode in password is provided, passcode is not provided, private key is not provided, application: undefined, client name: snowflake-sdk, client version: 1.15.0, retry timeout: 300, private key path: undefined, private key pass is not provided, client store temporary credential: false, browser response timeout: 120000"}
{"level":"INFO","message":"[3:09:06.185 PM]: Connection[id: ee0968fc-1f4c-432f-bc9d-b7249a1f77da] - connection object created successfully."}
{"level":"INFO","message":"[3:09:06.185 PM]: Connection[id: ee0968fc-1f4c-432f-bc9d-b7249a1f77da] - connecting. Associated Snowflake domain: GLOBAL"}
{"level":"INFO","message":"[3:09:06.186 PM]: Connection[id: ee0968fc-1f4c-432f-bc9d-b7249a1f77da] - authentication successful using: SNOWFLAKE"}
{"level":"INFO","message":"[3:09:06.187 PM]: Connection[id: ee0968fc-1f4c-432f-bc9d-b7249a1f77da] - connected successfully after 2.0268000001087785 milliseconds"}
{"level":"INFO","message":"[3:09:06.544 PM]: Creating new connection object"}
{"level":"INFO","message":"[3:09:06.546 PM]: Creating Connection[id: 310003bc-2353-426d-9154-799e6ea17926] with host: RMCVKYD-LK80402.snowflakecomputing.com, account: RMCVKYD-LK80402, accessUrl: https://RMCVKYD-LK80402.snowflakecomputing.com, user: TULIPRAAJ007, password is provided, role: undefined, database: ASSETERA, schema: PUBLIC, warehouse: COMPUTE_WH, region: undefined, authenticator: SNOWFLAKE, ocsp mode: FAIL_OPEN, os: win32, os version: 10.0.20348"}
{"level":"INFO","message":"[3:09:06.546 PM]: Connection[id: 310003bc-2353-426d-9154-799e6ea17926] additional details: passcode in password is provided, passcode is not provided, private key is not provided, application: undefined, client name: snowflake-sdk, client version: 1.15.0, retry timeout: 300, private key path: undefined, private key pass is not provided, client store temporary credential: false, browser response timeout: 120000"}
{"level":"INFO","message":"[3:09:06.547 PM]: Connection[id: 310003bc-2353-426d-9154-799e6ea17926] - connection object created successfully."}
{"level":"INFO","message":"[3:09:06.547 PM]: Connection[id: 310003bc-2353-426d-9154-799e6ea17926] - connecting. Associated Snowflake domain: GLOBAL"}
{"level":"INFO","message":"[3:09:06.547 PM]: Connection[id: 310003bc-2353-426d-9154-799e6ea17926] - authentication successful using: SNOWFLAKE"}
{"level":"INFO","message":"[3:09:06.548 PM]: Connection[id: 310003bc-2353-426d-9154-799e6ea17926] - connected successfully after 1.3457999997772276 milliseconds"}
{"level":"INFO","message":"[3:09:22.009 PM]: Creating new connection object"}
{"level":"INFO","message":"[3:09:22.011 PM]: Creating Connection[id: ab0db194-757f-4a99-bd3d-bb7ce3f573a5] with host: RMCVKYD-LK80402.snowflakecomputing.com, account: RMCVKYD-LK80402, accessUrl: https://RMCVKYD-LK80402.snowflakecomputing.com, user: TULIPRAAJ007, password is provided, role: undefined, database: ASSETERA, schema: PUBLIC, warehouse: COMPUTE_WH, region: undefined, authenticator: SNOWFLAKE, ocsp mode: FAIL_OPEN, os: win32, os version: 10.0.20348"}
{"level":"INFO","message":"[3:09:22.012 PM]: Connection[id: ab0db194-757f-4a99-bd3d-bb7ce3f573a5] additional details: passcode in password is provided, passcode is not provided, private key is not provided, application: undefined, client name: snowflake-sdk, client version: 1.15.0, retry timeout: 300, private key path: undefined, private key pass is not provided, client store temporary credential: false, browser response timeout: 120000"}
{"level":"INFO","message":"[3:09:22.014 PM]: Connection[id: ab0db194-757f-4a99-bd3d-bb7ce3f573a5] - connection object created successfully."}
{"level":"INFO","message":"[3:09:22.016 PM]: Connection[id: ab0db194-757f-4a99-bd3d-bb7ce3f573a5] - connecting. Associated Snowflake domain: GLOBAL"}
{"level":"INFO","message":"[3:09:22.016 PM]: Connection[id: ab0db194-757f-4a99-bd3d-bb7ce3f573a5] - authentication successful using: SNOWFLAKE"}
{"level":"INFO","message":"[3:09:22.017 PM]: Connection[id: ab0db194-757f-4a99-bd3d-bb7ce3f573a5] - connected successfully after 1.767999999690801 milliseconds"}
{"level":"INFO","message":"[3:14:19.517 PM]: Creating new connection object"}
{"level":"INFO","message":"[3:14:19.532 PM]: Creating Connection[id: 07aed6df-e49f-459c-b92f-7f04595b9c26] with host: RMCVKYD-LK80402.snowflakecomputing.com, account: RMCVKYD-LK80402, accessUrl: https://RMCVKYD-LK80402.snowflakecomputing.com, user: TULIPRAAJ007, password is provided, role: undefined, database: ASSETERA, schema: PUBLIC, warehouse: COMPUTE_WH, region: undefined, authenticator: SNOWFLAKE, ocsp mode: FAIL_OPEN, os: win32, os version: 10.0.20348"}
{"level":"INFO","message":"[3:14:19.533 PM]: Connection[id: 07aed6df-e49f-459c-b92f-7f04595b9c26] additional details: passcode in password is provided, passcode is not provided, private key is not provided, application: undefined, client name: snowflake-sdk, client version: 1.15.0, retry timeout: 300, private key path: undefined, private key pass is not provided, client store temporary credential: false, browser response timeout: 120000"}
{"level":"INFO","message":"[3:14:19.534 PM]: Connection[id: 07aed6df-e49f-459c-b92f-7f04595b9c26] - connection object created successfully."}
{"level":"INFO","message":"[3:14:19.534 PM]: Connection[id: 07aed6df-e49f-459c-b92f-7f04595b9c26] - connecting. Associated Snowflake domain: GLOBAL"}
{"level":"INFO","message":"[3:14:19.540 PM]: Connection[id: 07aed6df-e49f-459c-b92f-7f04595b9c26] - authentication successful using: SNOWFLAKE"}
{"level":"INFO","message":"[3:14:19.546 PM]: Trying to initialize Easy Logging"}
{"level":"INFO","message":"[3:14:19.557 PM]: No client config detected."}
{"level":"INFO","message":"[3:14:19.558 PM]: No config file path found. Client config will not be used."}
{"level":"INFO","message":"[3:14:19.559 PM]: Easy Logging is disabled as no config has been found"}
{"level":"INFO","message":"[3:14:19.562 PM]: Connection[id: 07aed6df-e49f-459c-b92f-7f04595b9c26] - connected successfully after 27.191899999976158 milliseconds"}
{"level":"INFO","message":"[3:14:20.671 PM]: Creating new connection object"}
{"level":"INFO","message":"[3:14:20.696 PM]: Creating Connection[id: 2717bf7f-d16b-48e4-b7ba-6bc9996e4ffa] with host: RMCVKYD-LK80402.snowflakecomputing.com, account: RMCVKYD-LK80402, accessUrl: https://RMCVKYD-LK80402.snowflakecomputing.com, user: TULIPRAAJ007, password is provided, role: undefined, database: ASSETERA, schema: PUBLIC, warehouse: COMPUTE_WH, region: undefined, authenticator: SNOWFLAKE, ocsp mode: FAIL_OPEN, os: win32, os version: 10.0.20348"}
{"level":"INFO","message":"[3:14:20.794 PM]: Connection[id: 2717bf7f-d16b-48e4-b7ba-6bc9996e4ffa] additional details: passcode in password is provided, passcode is not provided, private key is not provided, application: undefined, client name: snowflake-sdk, client version: 1.15.0, retry timeout: 300, private key path: undefined, private key pass is not provided, client store temporary credential: false, browser response timeout: 120000"}
{"level":"INFO","message":"[3:14:20.811 PM]: Connection[id: 2717bf7f-d16b-48e4-b7ba-6bc9996e4ffa] - connection object created successfully."}
{"level":"INFO","message":"[3:14:20.811 PM]: Connection[id: 2717bf7f-d16b-48e4-b7ba-6bc9996e4ffa] - connecting. Associated Snowflake domain: GLOBAL"}
{"level":"INFO","message":"[3:14:20.812 PM]: Connection[id: 2717bf7f-d16b-48e4-b7ba-6bc9996e4ffa] - authentication successful using: SNOWFLAKE"}
{"level":"INFO","message":"[3:14:20.838 PM]: Connection[id: 2717bf7f-d16b-48e4-b7ba-6bc9996e4ffa] - connected successfully after 26.607400000095367 milliseconds"}
{"level":"INFO","message":"[3:14:43.323 PM]: Creating new connection object"}
{"level":"INFO","message":"[3:14:43.327 PM]: Creating Connection[id: e1d2e3b4-b4a9-44d4-84f9-0e2a783c8896] with host: RMCVKYD-LK80402.snowflakecomputing.com, account: RMCVKYD-LK80402, accessUrl: https://RMCVKYD-LK80402.snowflakecomputing.com, user: TULIPRAAJ007, password is provided, role: undefined, database: ASSETERA, schema: PUBLIC, warehouse: COMPUTE_WH, region: undefined, authenticator: SNOWFLAKE, ocsp mode: FAIL_OPEN, os: win32, os version: 10.0.20348"}
{"level":"INFO","message":"[3:14:43.327 PM]: Connection[id: e1d2e3b4-b4a9-44d4-84f9-0e2a783c8896] additional details: passcode in password is provided, passcode is not provided, private key is not provided, application: undefined, client name: snowflake-sdk, client version: 1.15.0, retry timeout: 300, private key path: undefined, private key pass is not provided, client store temporary credential: false, browser response timeout: 120000"}
{"level":"INFO","message":"[3:14:43.328 PM]: Connection[id: e1d2e3b4-b4a9-44d4-84f9-0e2a783c8896] - connection object created successfully."}
{"level":"INFO","message":"[3:14:43.328 PM]: Connection[id: e1d2e3b4-b4a9-44d4-84f9-0e2a783c8896] - connecting. Associated Snowflake domain: GLOBAL"}
{"level":"INFO","message":"[3:14:43.329 PM]: Connection[id: e1d2e3b4-b4a9-44d4-84f9-0e2a783c8896] - authentication successful using: SNOWFLAKE"}
{"level":"INFO","message":"[3:14:43.330 PM]: Connection[id: e1d2e3b4-b4a9-44d4-84f9-0e2a783c8896] - connected successfully after 2.1263000001199543 milliseconds"}
{"level":"INFO","message":"[3:14:43.571 PM]: Creating new connection object"}
{"level":"INFO","message":"[3:14:43.574 PM]: Creating Connection[id: 7df9a50b-088f-4f8d-9f1f-ca32d9498aa6] with host: RMCVKYD-LK80402.snowflakecomputing.com, account: RMCVKYD-LK80402, accessUrl: https://RMCVKYD-LK80402.snowflakecomputing.com, user: TULIPRAAJ007, password is provided, role: undefined, database: ASSETERA, schema: PUBLIC, warehouse: COMPUTE_WH, region: undefined, authenticator: SNOWFLAKE, ocsp mode: FAIL_OPEN, os: win32, os version: 10.0.20348"}
{"level":"INFO","message":"[3:14:43.575 PM]: Connection[id: 7df9a50b-088f-4f8d-9f1f-ca32d9498aa6] additional details: passcode in password is provided, passcode is not provided, private key is not provided, application: undefined, client name: snowflake-sdk, client version: 1.15.0, retry timeout: 300, private key path: undefined, private key pass is not provided, client store temporary credential: false, browser response timeout: 120000"}
{"level":"INFO","message":"[3:14:43.576 PM]: Connection[id: 7df9a50b-088f-4f8d-9f1f-ca32d9498aa6] - connection object created successfully."}
{"level":"INFO","message":"[3:14:43.576 PM]: Connection[id: 7df9a50b-088f-4f8d-9f1f-ca32d9498aa6] - connecting. Associated Snowflake domain: GLOBAL"}
{"level":"INFO","message":"[3:14:43.577 PM]: Connection[id: 7df9a50b-088f-4f8d-9f1f-ca32d9498aa6] - authentication successful using: SNOWFLAKE"}
{"level":"INFO","message":"[3:14:43.579 PM]: Connection[id: 7df9a50b-088f-4f8d-9f1f-ca32d9498aa6] - connected successfully after 2.5684000002220273 milliseconds"}
{"level":"INFO","message":"[3:14:43.797 PM]: Creating new connection object"}
{"level":"INFO","message":"[3:14:43.801 PM]: Creating Connection[id: d129150d-48d7-4963-90c4-c1fa6b8af7d3] with host: RMCVKYD-LK80402.snowflakecomputing.com, account: RMCVKYD-LK80402, accessUrl: https://RMCVKYD-LK80402.snowflakecomputing.com, user: TULIPRAAJ007, password is provided, role: undefined, database: ASSETERA, schema: PUBLIC, warehouse: COMPUTE_WH, region: undefined, authenticator: SNOWFLAKE, ocsp mode: FAIL_OPEN, os: win32, os version: 10.0.20348"}
{"level":"INFO","message":"[3:14:43.801 PM]: Connection[id: d129150d-48d7-4963-90c4-c1fa6b8af7d3] additional details: passcode in password is provided, passcode is not provided, private key is not provided, application: undefined, client name: snowflake-sdk, client version: 1.15.0, retry timeout: 300, private key path: undefined, private key pass is not provided, client store temporary credential: false, browser response timeout: 120000"}
{"level":"INFO","message":"[3:14:43.802 PM]: Connection[id: d129150d-48d7-4963-90c4-c1fa6b8af7d3] - connection object created successfully."}
{"level":"INFO","message":"[3:14:43.802 PM]: Connection[id: d129150d-48d7-4963-90c4-c1fa6b8af7d3] - connecting. Associated Snowflake domain: GLOBAL"}
{"level":"INFO","message":"[3:14:43.803 PM]: Connection[id: d129150d-48d7-4963-90c4-c1fa6b8af7d3] - authentication successful using: SNOWFLAKE"}
{"level":"INFO","message":"[3:14:43.804 PM]: Connection[id: d129150d-48d7-4963-90c4-c1fa6b8af7d3] - connected successfully after 1.5424000001512468 milliseconds"}
{"level":"INFO","message":"[3:14:43.939 PM]: Creating new connection object"}
{"level":"INFO","message":"[3:14:43.941 PM]: Creating Connection[id: 4f55fa4f-fb59-4964-a82f-51ce515ba849] with host: RMCVKYD-LK80402.snowflakecomputing.com, account: RMCVKYD-LK80402, accessUrl: https://RMCVKYD-LK80402.snowflakecomputing.com, user: TULIPRAAJ007, password is provided, role: undefined, database: ASSETERA, schema: PUBLIC, warehouse: COMPUTE_WH, region: undefined, authenticator: SNOWFLAKE, ocsp mode: FAIL_OPEN, os: win32, os version: 10.0.20348"}
{"level":"INFO","message":"[3:14:43.941 PM]: Connection[id: 4f55fa4f-fb59-4964-a82f-51ce515ba849] additional details: passcode in password is provided, passcode is not provided, private key is not provided, application: undefined, client name: snowflake-sdk, client version: 1.15.0, retry timeout: 300, private key path: undefined, private key pass is not provided, client store temporary credential: false, browser response timeout: 120000"}
{"level":"INFO","message":"[3:14:43.942 PM]: Connection[id: 4f55fa4f-fb59-4964-a82f-51ce515ba849] - connection object created successfully."}
{"level":"INFO","message":"[3:14:43.942 PM]: Connection[id: 4f55fa4f-fb59-4964-a82f-51ce515ba849] - connecting. Associated Snowflake domain: GLOBAL"}
{"level":"INFO","message":"[3:14:43.943 PM]: Connection[id: 4f55fa4f-fb59-4964-a82f-51ce515ba849] - authentication successful using: SNOWFLAKE"}
{"level":"INFO","message":"[3:14:43.944 PM]: Connection[id: 4f55fa4f-fb59-4964-a82f-51ce515ba849] - connected successfully after 1.279999999795109 milliseconds"}
{"level":"INFO","message":"[3:14:43.956 PM]: Creating new connection object"}
{"level":"INFO","message":"[3:14:43.957 PM]: Creating Connection[id: 5d080cde-0cc8-441c-b880-ea642b97c368] with host: RMCVKYD-LK80402.snowflakecomputing.com, account: RMCVKYD-LK80402, accessUrl: https://RMCVKYD-LK80402.snowflakecomputing.com, user: TULIPRAAJ007, password is provided, role: undefined, database: ASSETERA, schema: PUBLIC, warehouse: COMPUTE_WH, region: undefined, authenticator: SNOWFLAKE, ocsp mode: FAIL_OPEN, os: win32, os version: 10.0.20348"}
{"level":"INFO","message":"[3:14:43.958 PM]: Connection[id: 5d080cde-0cc8-441c-b880-ea642b97c368] additional details: passcode in password is provided, passcode is not provided, private key is not provided, application: undefined, client name: snowflake-sdk, client version: 1.15.0, retry timeout: 300, private key path: undefined, private key pass is not provided, client store temporary credential: false, browser response timeout: 120000"}
{"level":"INFO","message":"[3:14:43.958 PM]: Connection[id: 5d080cde-0cc8-441c-b880-ea642b97c368] - connection object created successfully."}
{"level":"INFO","message":"[3:14:43.959 PM]: Connection[id: 5d080cde-0cc8-441c-b880-ea642b97c368] - connecting. Associated Snowflake domain: GLOBAL"}
{"level":"INFO","message":"[3:14:43.959 PM]: Connection[id: 5d080cde-0cc8-441c-b880-ea642b97c368] - authentication successful using: SNOWFLAKE"}
{"level":"INFO","message":"[3:14:43.960 PM]: Connection[id: 5d080cde-0cc8-441c-b880-ea642b97c368] - connected successfully after 1.2072000000625849 milliseconds"}
{"level":"INFO","message":"[3:14:43.985 PM]: Creating new connection object"}
{"level":"INFO","message":"[3:14:43.986 PM]: Creating Connection[id: 8a66cdaa-16e0-4727-b9df-c8d747143782] with host: RMCVKYD-LK80402.snowflakecomputing.com, account: RMCVKYD-LK80402, accessUrl: https://RMCVKYD-LK80402.snowflakecomputing.com, user: TULIPRAAJ007, password is provided, role: undefined, database: ASSETERA, schema: PUBLIC, warehouse: COMPUTE_WH, region: undefined, authenticator: SNOWFLAKE, ocsp mode: FAIL_OPEN, os: win32, os version: 10.0.20348"}
{"level":"INFO","message":"[3:14:43.986 PM]: Connection[id: 8a66cdaa-16e0-4727-b9df-c8d747143782] additional details: passcode in password is provided, passcode is not provided, private key is not provided, application: undefined, client name: snowflake-sdk, client version: 1.15.0, retry timeout: 300, private key path: undefined, private key pass is not provided, client store temporary credential: false, browser response timeout: 120000"}
{"level":"INFO","message":"[3:14:43.987 PM]: Connection[id: 8a66cdaa-16e0-4727-b9df-c8d747143782] - connection object created successfully."}
{"level":"INFO","message":"[3:14:43.987 PM]: Connection[id: 8a66cdaa-16e0-4727-b9df-c8d747143782] - connecting. Associated Snowflake domain: GLOBAL"}
{"level":"INFO","message":"[3:14:43.988 PM]: Connection[id: 8a66cdaa-16e0-4727-b9df-c8d747143782] - authentication successful using: SNOWFLAKE"}
{"level":"INFO","message":"[3:14:43.988 PM]: Connection[id: 8a66cdaa-16e0-4727-b9df-c8d747143782] - connected successfully after 1.0652000000700355 milliseconds"}
{"level":"INFO","message":"[3:14:44.150 PM]: Creating new connection object"}
{"level":"INFO","message":"[3:14:44.151 PM]: Creating Connection[id: c3b070c8-be68-4fd2-88a5-7b4d4b010a28] with host: RMCVKYD-LK80402.snowflakecomputing.com, account: RMCVKYD-LK80402, accessUrl: https://RMCVKYD-LK80402.snowflakecomputing.com, user: TULIPRAAJ007, password is provided, role: undefined, database: ASSETERA, schema: PUBLIC, warehouse: COMPUTE_WH, region: undefined, authenticator: SNOWFLAKE, ocsp mode: FAIL_OPEN, os: win32, os version: 10.0.20348"}
{"level":"INFO","message":"[3:14:44.152 PM]: Connection[id: c3b070c8-be68-4fd2-88a5-7b4d4b010a28] additional details: passcode in password is provided, passcode is not provided, private key is not provided, application: undefined, client name: snowflake-sdk, client version: 1.15.0, retry timeout: 300, private key path: undefined, private key pass is not provided, client store temporary credential: false, browser response timeout: 120000"}
{"level":"INFO","message":"[3:14:44.152 PM]: Connection[id: c3b070c8-be68-4fd2-88a5-7b4d4b010a28] - connection object created successfully."}
{"level":"INFO","message":"[3:14:44.153 PM]: Connection[id: c3b070c8-be68-4fd2-88a5-7b4d4b010a28] - connecting. Associated Snowflake domain: GLOBAL"}
{"level":"INFO","message":"[3:14:44.154 PM]: Connection[id: c3b070c8-be68-4fd2-88a5-7b4d4b010a28] - authentication successful using: SNOWFLAKE"}
{"level":"INFO","message":"[3:14:44.155 PM]: Connection[id: c3b070c8-be68-4fd2-88a5-7b4d4b010a28] - connected successfully after 1.8283999999985099 milliseconds"}
{"level":"INFO","message":"[3:14:44.161 PM]: Creating new connection object"}
{"level":"INFO","message":"[3:14:44.162 PM]: Creating Connection[id: 27db0ddc-5ddd-4cdb-b6ca-04b40daf3d8d] with host: RMCVKYD-LK80402.snowflakecomputing.com, account: RMCVKYD-LK80402, accessUrl: https://RMCVKYD-LK80402.snowflakecomputing.com, user: TULIPRAAJ007, password is provided, role: undefined, database: ASSETERA, schema: PUBLIC, warehouse: COMPUTE_WH, region: undefined, authenticator: SNOWFLAKE, ocsp mode: FAIL_OPEN, os: win32, os version: 10.0.20348"}
{"level":"INFO","message":"[3:14:44.173 PM]: Connection[id: 27db0ddc-5ddd-4cdb-b6ca-04b40daf3d8d] additional details: passcode in password is provided, passcode is not provided, private key is not provided, application: undefined, client name: snowflake-sdk, client version: 1.15.0, retry timeout: 300, private key path: undefined, private key pass is not provided, client store temporary credential: false, browser response timeout: 120000"}
{"level":"INFO","message":"[3:14:44.174 PM]: Connection[id: 27db0ddc-5ddd-4cdb-b6ca-04b40daf3d8d] - connection object created successfully."}
{"level":"INFO","message":"[3:14:44.175 PM]: Connection[id: 27db0ddc-5ddd-4cdb-b6ca-04b40daf3d8d] - connecting. Associated Snowflake domain: GLOBAL"}
{"level":"INFO","message":"[3:14:44.175 PM]: Connection[id: 27db0ddc-5ddd-4cdb-b6ca-04b40daf3d8d] - authentication successful using: SNOWFLAKE"}
{"level":"INFO","message":"[3:14:44.176 PM]: Connection[id: 27db0ddc-5ddd-4cdb-b6ca-04b40daf3d8d] - connected successfully after 1.5301999999210238 milliseconds"}
{"level":"INFO","message":"[3:14:44.324 PM]: Creating new connection object"}
{"level":"INFO","message":"[3:14:44.327 PM]: Creating Connection[id: 1e53c920-2748-44ef-847b-3851c17ec6dc] with host: RMCVKYD-LK80402.snowflakecomputing.com, account: RMCVKYD-LK80402, accessUrl: https://RMCVKYD-LK80402.snowflakecomputing.com, user: TULIPRAAJ007, password is provided, role: undefined, database: ASSETERA, schema: PUBLIC, warehouse: COMPUTE_WH, region: undefined, authenticator: SNOWFLAKE, ocsp mode: FAIL_OPEN, os: win32, os version: 10.0.20348"}
{"level":"INFO","message":"[3:14:44.328 PM]: Connection[id: 1e53c920-2748-44ef-847b-3851c17ec6dc] additional details: passcode in password is provided, passcode is not provided, private key is not provided, application: undefined, client name: snowflake-sdk, client version: 1.15.0, retry timeout: 300, private key path: undefined, private key pass is not provided, client store temporary credential: false, browser response timeout: 120000"}
{"level":"INFO","message":"[3:14:44.329 PM]: Connection[id: 1e53c920-2748-44ef-847b-3851c17ec6dc] - connection object created successfully."}
{"level":"INFO","message":"[3:14:44.329 PM]: Connection[id: 1e53c920-2748-44ef-847b-3851c17ec6dc] - connecting. Associated Snowflake domain: GLOBAL"}
{"level":"INFO","message":"[3:14:44.329 PM]: Connection[id: 1e53c920-2748-44ef-847b-3851c17ec6dc] - authentication successful using: SNOWFLAKE"}
{"level":"INFO","message":"[3:14:44.330 PM]: Connection[id: 1e53c920-2748-44ef-847b-3851c17ec6dc] - connected successfully after 0.8425000002607703 milliseconds"}
{"level":"INFO","message":"[3:14:44.377 PM]: Creating new connection object"}
{"level":"INFO","message":"[3:14:44.378 PM]: Creating Connection[id: 59673303-4e93-49b4-b533-41b0a69dce4e] with host: RMCVKYD-LK80402.snowflakecomputing.com, account: RMCVKYD-LK80402, accessUrl: https://RMCVKYD-LK80402.snowflakecomputing.com, user: TULIPRAAJ007, password is provided, role: undefined, database: ASSETERA, schema: PUBLIC, warehouse: COMPUTE_WH, region: undefined, authenticator: SNOWFLAKE, ocsp mode: FAIL_OPEN, os: win32, os version: 10.0.20348"}
{"level":"INFO","message":"[3:14:44.379 PM]: Connection[id: 59673303-4e93-49b4-b533-41b0a69dce4e] additional details: passcode in password is provided, passcode is not provided, private key is not provided, application: undefined, client name: snowflake-sdk, client version: 1.15.0, retry timeout: 300, private key path: undefined, private key pass is not provided, client store temporary credential: false, browser response timeout: 120000"}
{"level":"INFO","message":"[3:14:44.379 PM]: Connection[id: 59673303-4e93-49b4-b533-41b0a69dce4e] - connection object created successfully."}
{"level":"INFO","message":"[3:14:44.380 PM]: Connection[id: 59673303-4e93-49b4-b533-41b0a69dce4e] - connecting. Associated Snowflake domain: GLOBAL"}
{"level":"INFO","message":"[3:14:44.381 PM]: Connection[id: 59673303-4e93-49b4-b533-41b0a69dce4e] - authentication successful using: SNOWFLAKE"}
{"level":"INFO","message":"[3:14:44.382 PM]: Connection[id: 59673303-4e93-49b4-b533-41b0a69dce4e] - connected successfully after 1.2781000002287328 milliseconds"}
{"level":"INFO","message":"[3:14:44.424 PM]: Creating new connection object"}
{"level":"INFO","message":"[3:14:44.425 PM]: Creating Connection[id: 33d61862-2fa6-4291-8ed1-f7e0b596d709] with host: RMCVKYD-LK80402.snowflakecomputing.com, account: RMCVKYD-LK80402, accessUrl: https://RMCVKYD-LK80402.snowflakecomputing.com, user: TULIPRAAJ007, password is provided, role: undefined, database: ASSETERA, schema: PUBLIC, warehouse: COMPUTE_WH, region: undefined, authenticator: SNOWFLAKE, ocsp mode: FAIL_OPEN, os: win32, os version: 10.0.20348"}
{"level":"INFO","message":"[3:14:44.426 PM]: Connection[id: 33d61862-2fa6-4291-8ed1-f7e0b596d709] additional details: passcode in password is provided, passcode is not provided, private key is not provided, application: undefined, client name: snowflake-sdk, client version: 1.15.0, retry timeout: 300, private key path: undefined, private key pass is not provided, client store temporary credential: false, browser response timeout: 120000"}
{"level":"INFO","message":"[3:14:44.426 PM]: Connection[id: 33d61862-2fa6-4291-8ed1-f7e0b596d709] - connection object created successfully."}
{"level":"INFO","message":"[3:14:44.427 PM]: Connection[id: 33d61862-2fa6-4291-8ed1-f7e0b596d709] - connecting. Associated Snowflake domain: GLOBAL"}
{"level":"INFO","message":"[3:14:44.427 PM]: Connection[id: 33d61862-2fa6-4291-8ed1-f7e0b596d709] - authentication successful using: SNOWFLAKE"}
{"level":"INFO","message":"[3:14:44.428 PM]: Connection[id: 33d61862-2fa6-4291-8ed1-f7e0b596d709] - connected successfully after 1.305800000205636 milliseconds"}
{"level":"INFO","message":"[3:14:44.440 PM]: Creating new connection object"}
{"level":"INFO","message":"[3:14:44.440 PM]: Creating Connection[id: 34920e7c-e912-4fb9-b312-b8ebfea6be17] with host: RMCVKYD-LK80402.snowflakecomputing.com, account: RMCVKYD-LK80402, accessUrl: https://RMCVKYD-LK80402.snowflakecomputing.com, user: TULIPRAAJ007, password is provided, role: undefined, database: ASSETERA, schema: PUBLIC, warehouse: COMPUTE_WH, region: undefined, authenticator: SNOWFLAKE, ocsp mode: FAIL_OPEN, os: win32, os version: 10.0.20348"}
{"level":"INFO","message":"[3:14:44.441 PM]: Connection[id: 34920e7c-e912-4fb9-b312-b8ebfea6be17] additional details: passcode in password is provided, passcode is not provided, private key is not provided, application: undefined, client name: snowflake-sdk, client version: 1.15.0, retry timeout: 300, private key path: undefined, private key pass is not provided, client store temporary credential: false, browser response timeout: 120000"}
{"level":"INFO","message":"[3:14:44.441 PM]: Connection[id: 34920e7c-e912-4fb9-b312-b8ebfea6be17] - connection object created successfully."}
{"level":"INFO","message":"[3:14:44.443 PM]: Connection[id: 34920e7c-e912-4fb9-b312-b8ebfea6be17] - connecting. Associated Snowflake domain: GLOBAL"}
{"level":"INFO","message":"[3:14:44.443 PM]: Connection[id: 34920e7c-e912-4fb9-b312-b8ebfea6be17] - authentication successful using: SNOWFLAKE"}
{"level":"INFO","message":"[3:14:44.444 PM]: Connection[id: 34920e7c-e912-4fb9-b312-b8ebfea6be17] - connected successfully after 1.5637000002898276 milliseconds"}
{"level":"INFO","message":"[3:14:44.531 PM]: Creating new connection object"}
{"level":"INFO","message":"[3:14:44.532 PM]: Creating Connection[id: c20e17df-e6db-4d79-b986-6b3f17f2c603] with host: RMCVKYD-LK80402.snowflakecomputing.com, account: RMCVKYD-LK80402, accessUrl: https://RMCVKYD-LK80402.snowflakecomputing.com, user: TULIPRAAJ007, password is provided, role: undefined, database: ASSETERA, schema: PUBLIC, warehouse: COMPUTE_WH, region: undefined, authenticator: SNOWFLAKE, ocsp mode: FAIL_OPEN, os: win32, os version: 10.0.20348"}
{"level":"INFO","message":"[3:14:44.533 PM]: Connection[id: c20e17df-e6db-4d79-b986-6b3f17f2c603] additional details: passcode in password is provided, passcode is not provided, private key is not provided, application: undefined, client name: snowflake-sdk, client version: 1.15.0, retry timeout: 300, private key path: undefined, private key pass is not provided, client store temporary credential: false, browser response timeout: 120000"}
{"level":"INFO","message":"[3:14:44.533 PM]: Connection[id: c20e17df-e6db-4d79-b986-6b3f17f2c603] - connection object created successfully."}
{"level":"INFO","message":"[3:14:44.534 PM]: Connection[id: c20e17df-e6db-4d79-b986-6b3f17f2c603] - connecting. Associated Snowflake domain: GLOBAL"}
{"level":"INFO","message":"[3:14:44.535 PM]: Connection[id: c20e17df-e6db-4d79-b986-6b3f17f2c603] - authentication successful using: SNOWFLAKE"}
{"level":"INFO","message":"[3:14:44.536 PM]: Connection[id: c20e17df-e6db-4d79-b986-6b3f17f2c603] - connected successfully after 1.5835000001825392 milliseconds"}
{"level":"INFO","message":"[3:14:44.658 PM]: Creating new connection object"}
{"level":"INFO","message":"[3:14:44.659 PM]: Creating Connection[id: d4b8009f-0fa7-4cbe-b8c0-d56e435b258e] with host: RMCVKYD-LK80402.snowflakecomputing.com, account: RMCVKYD-LK80402, accessUrl: https://RMCVKYD-LK80402.snowflakecomputing.com, user: TULIPRAAJ007, password is provided, role: undefined, database: ASSETERA, schema: PUBLIC, warehouse: COMPUTE_WH, region: undefined, authenticator: SNOWFLAKE, ocsp mode: FAIL_OPEN, os: win32, os version: 10.0.20348"}
{"level":"INFO","message":"[3:14:44.660 PM]: Connection[id: d4b8009f-0fa7-4cbe-b8c0-d56e435b258e] additional details: passcode in password is provided, passcode is not provided, private key is not provided, application: undefined, client name: snowflake-sdk, client version: 1.15.0, retry timeout: 300, private key path: undefined, private key pass is not provided, client store temporary credential: false, browser response timeout: 120000"}
{"level":"INFO","message":"[3:14:44.660 PM]: Connection[id: d4b8009f-0fa7-4cbe-b8c0-d56e435b258e] - connection object created successfully."}
{"level":"INFO","message":"[3:14:44.661 PM]: Connection[id: d4b8009f-0fa7-4cbe-b8c0-d56e435b258e] - connecting. Associated Snowflake domain: GLOBAL"}
{"level":"INFO","message":"[3:14:44.661 PM]: Connection[id: d4b8009f-0fa7-4cbe-b8c0-d56e435b258e] - authentication successful using: SNOWFLAKE"}
{"level":"INFO","message":"[3:14:44.662 PM]: Connection[id: d4b8009f-0fa7-4cbe-b8c0-d56e435b258e] - connected successfully after 1.371999999973923 milliseconds"}
{"level":"INFO","message":"[3:14:44.669 PM]: Creating new connection object"}
{"level":"INFO","message":"[3:14:44.670 PM]: Creating Connection[id: 6ff4af2b-1ec9-40c0-8326-23d4c8975aa6] with host: RMCVKYD-LK80402.snowflakecomputing.com, account: RMCVKYD-LK80402, accessUrl: https://RMCVKYD-LK80402.snowflakecomputing.com, user: TULIPRAAJ007, password is provided, role: undefined, database: ASSETERA, schema: PUBLIC, warehouse: COMPUTE_WH, region: undefined, authenticator: SNOWFLAKE, ocsp mode: FAIL_OPEN, os: win32, os version: 10.0.20348"}
{"level":"INFO","message":"[3:14:44.670 PM]: Connection[id: 6ff4af2b-1ec9-40c0-8326-23d4c8975aa6] additional details: passcode in password is provided, passcode is not provided, private key is not provided, application: undefined, client name: snowflake-sdk, client version: 1.15.0, retry timeout: 300, private key path: undefined, private key pass is not provided, client store temporary credential: false, browser response timeout: 120000"}
{"level":"INFO","message":"[3:14:44.671 PM]: Connection[id: 6ff4af2b-1ec9-40c0-8326-23d4c8975aa6] - connection object created successfully."}
{"level":"INFO","message":"[3:14:44.671 PM]: Connection[id: 6ff4af2b-1ec9-40c0-8326-23d4c8975aa6] - connecting. Associated Snowflake domain: GLOBAL"}
{"level":"INFO","message":"[3:14:44.671 PM]: Connection[id: 6ff4af2b-1ec9-40c0-8326-23d4c8975aa6] - authentication successful using: SNOWFLAKE"}
{"level":"INFO","message":"[3:14:44.672 PM]: Connection[id: 6ff4af2b-1ec9-40c0-8326-23d4c8975aa6] - connected successfully after 1.143900000024587 milliseconds"}
{"level":"INFO","message":"[3:14:44.743 PM]: Creating new connection object"}
{"level":"INFO","message":"[3:14:44.744 PM]: Creating Connection[id: 6752718e-6d49-45aa-a73e-4620f22ff507] with host: RMCVKYD-LK80402.snowflakecomputing.com, account: RMCVKYD-LK80402, accessUrl: https://RMCVKYD-LK80402.snowflakecomputing.com, user: TULIPRAAJ007, password is provided, role: undefined, database: ASSETERA, schema: PUBLIC, warehouse: COMPUTE_WH, region: undefined, authenticator: SNOWFLAKE, ocsp mode: FAIL_OPEN, os: win32, os version: 10.0.20348"}
{"level":"INFO","message":"[3:14:44.744 PM]: Connection[id: 6752718e-6d49-45aa-a73e-4620f22ff507] additional details: passcode in password is provided, passcode is not provided, private key is not provided, application: undefined, client name: snowflake-sdk, client version: 1.15.0, retry timeout: 300, private key path: undefined, private key pass is not provided, client store temporary credential: false, browser response timeout: 120000"}
{"level":"INFO","message":"[3:14:44.745 PM]: Connection[id: 6752718e-6d49-45aa-a73e-4620f22ff507] - connection object created successfully."}
{"level":"INFO","message":"[3:14:44.745 PM]: Connection[id: 6752718e-6d49-45aa-a73e-4620f22ff507] - connecting. Associated Snowflake domain: GLOBAL"}
{"level":"INFO","message":"[3:14:44.745 PM]: Connection[id: 6752718e-6d49-45aa-a73e-4620f22ff507] - authentication successful using: SNOWFLAKE"}
{"level":"INFO","message":"[3:14:44.746 PM]: Connection[id: 6752718e-6d49-45aa-a73e-4620f22ff507] - connected successfully after 1.1628000000491738 milliseconds"}
{"level":"INFO","message":"[3:14:44.888 PM]: Creating new connection object"}
{"level":"INFO","message":"[3:14:44.890 PM]: Creating Connection[id: 8506dd87-4117-4cc6-9e71-d205d0e8b8ba] with host: RMCVKYD-LK80402.snowflakecomputing.com, account: RMCVKYD-LK80402, accessUrl: https://RMCVKYD-LK80402.snowflakecomputing.com, user: TULIPRAAJ007, password is provided, role: undefined, database: ASSETERA, schema: PUBLIC, warehouse: COMPUTE_WH, region: undefined, authenticator: SNOWFLAKE, ocsp mode: FAIL_OPEN, os: win32, os version: 10.0.20348"}
{"level":"INFO","message":"[3:14:44.890 PM]: Connection[id: 8506dd87-4117-4cc6-9e71-d205d0e8b8ba] additional details: passcode in password is provided, passcode is not provided, private key is not provided, application: undefined, client name: snowflake-sdk, client version: 1.15.0, retry timeout: 300, private key path: undefined, private key pass is not provided, client store temporary credential: false, browser response timeout: 120000"}
{"level":"INFO","message":"[3:14:44.891 PM]: Connection[id: 8506dd87-4117-4cc6-9e71-d205d0e8b8ba] - connection object created successfully."}
{"level":"INFO","message":"[3:14:44.891 PM]: Connection[id: 8506dd87-4117-4cc6-9e71-d205d0e8b8ba] - connecting. Associated Snowflake domain: GLOBAL"}
{"level":"INFO","message":"[3:14:44.892 PM]: Connection[id: 8506dd87-4117-4cc6-9e71-d205d0e8b8ba] - authentication successful using: SNOWFLAKE"}
{"level":"INFO","message":"[3:14:44.893 PM]: Connection[id: 8506dd87-4117-4cc6-9e71-d205d0e8b8ba] - connected successfully after 1.3128999997861683 milliseconds"}
{"level":"INFO","message":"[3:14:45.083 PM]: Creating new connection object"}
{"level":"INFO","message":"[3:14:45.084 PM]: Creating Connection[id: 6e32f721-6d54-4ce6-b290-2f48c1c5728e] with host: RMCVKYD-LK80402.snowflakecomputing.com, account: RMCVKYD-LK80402, accessUrl: https://RMCVKYD-LK80402.snowflakecomputing.com, user: TULIPRAAJ007, password is provided, role: undefined, database: ASSETERA, schema: PUBLIC, warehouse: COMPUTE_WH, region: undefined, authenticator: SNOWFLAKE, ocsp mode: FAIL_OPEN, os: win32, os version: 10.0.20348"}
{"level":"INFO","message":"[3:14:45.085 PM]: Connection[id: 6e32f721-6d54-4ce6-b290-2f48c1c5728e] additional details: passcode in password is provided, passcode is not provided, private key is not provided, application: undefined, client name: snowflake-sdk, client version: 1.15.0, retry timeout: 300, private key path: undefined, private key pass is not provided, client store temporary credential: false, browser response timeout: 120000"}
{"level":"INFO","message":"[3:14:45.086 PM]: Connection[id: 6e32f721-6d54-4ce6-b290-2f48c1c5728e] - connection object created successfully."}
{"level":"INFO","message":"[3:14:45.086 PM]: Connection[id: 6e32f721-6d54-4ce6-b290-2f48c1c5728e] - connecting. Associated Snowflake domain: GLOBAL"}
{"level":"INFO","message":"[3:14:45.087 PM]: Connection[id: 6e32f721-6d54-4ce6-b290-2f48c1c5728e] - authentication successful using: SNOWFLAKE"}
{"level":"INFO","message":"[3:14:45.088 PM]: Connection[id: 6e32f721-6d54-4ce6-b290-2f48c1c5728e] - connected successfully after 1.5648000002838671 milliseconds"}
{"level":"INFO","message":"[3:14:57.656 PM]: Creating new connection object"}
{"level":"INFO","message":"[3:14:57.671 PM]: Creating Connection[id: 6a908fb0-c736-447a-9b1e-f10e54c664a4] with host: RMCVKYD-LK80402.snowflakecomputing.com, account: RMCVKYD-LK80402, accessUrl: https://RMCVKYD-LK80402.snowflakecomputing.com, user: TULIPRAAJ007, password is provided, role: undefined, database: ASSETERA, schema: PUBLIC, warehouse: COMPUTE_WH, region: undefined, authenticator: SNOWFLAKE, ocsp mode: FAIL_OPEN, os: win32, os version: 10.0.20348"}
{"level":"INFO","message":"[3:14:57.672 PM]: Connection[id: 6a908fb0-c736-447a-9b1e-f10e54c664a4] additional details: passcode in password is provided, passcode is not provided, private key is not provided, application: undefined, client name: snowflake-sdk, client version: 1.15.0, retry timeout: 300, private key path: undefined, private key pass is not provided, client store temporary credential: false, browser response timeout: 120000"}
{"level":"INFO","message":"[3:14:57.673 PM]: Connection[id: 6a908fb0-c736-447a-9b1e-f10e54c664a4] - connection object created successfully."}
{"level":"INFO","message":"[3:14:57.675 PM]: Connection[id: 6a908fb0-c736-447a-9b1e-f10e54c664a4] - connecting. Associated Snowflake domain: GLOBAL"}
{"level":"INFO","message":"[3:14:57.675 PM]: Connection[id: 6a908fb0-c736-447a-9b1e-f10e54c664a4] - authentication successful using: SNOWFLAKE"}
{"level":"INFO","message":"[3:14:57.676 PM]: Trying to initialize Easy Logging"}
{"level":"INFO","message":"[3:14:57.680 PM]: No client config detected."}
{"level":"INFO","message":"[3:14:57.692 PM]: No config file path found. Client config will not be used."}
{"level":"INFO","message":"[3:14:57.693 PM]: Easy Logging is disabled as no config has been found"}
{"level":"INFO","message":"[3:14:57.696 PM]: Connection[id: 6a908fb0-c736-447a-9b1e-f10e54c664a4] - connected successfully after 21.338199999649078 milliseconds"}
{"level":"INFO","message":"[3:19:36.629 PM]: Creating new connection object"}
{"level":"INFO","message":"[3:19:36.635 PM]: Creating Connection[id: bb2aaad9-3ad8-4379-8509-2f1cbfad0504] with host: RMCVKYD-LK80402.snowflakecomputing.com, account: RMCVKYD-LK80402, accessUrl: https://RMCVKYD-LK80402.snowflakecomputing.com, user: TULIPRAAJ007, password is provided, role: undefined, database: ASSETERA, schema: PUBLIC, warehouse: COMPUTE_WH, region: undefined, authenticator: SNOWFLAKE, ocsp mode: FAIL_OPEN, os: win32, os version: 10.0.20348"}
{"level":"INFO","message":"[3:19:36.636 PM]: Connection[id: bb2aaad9-3ad8-4379-8509-2f1cbfad0504] additional details: passcode in password is provided, passcode is not provided, private key is not provided, application: undefined, client name: snowflake-sdk, client version: 1.15.0, retry timeout: 300, private key path: undefined, private key pass is not provided, client store temporary credential: false, browser response timeout: 120000"}
{"level":"INFO","message":"[3:19:36.637 PM]: Connection[id: bb2aaad9-3ad8-4379-8509-2f1cbfad0504] - connection object created successfully."}
{"level":"INFO","message":"[3:19:36.638 PM]: Connection[id: bb2aaad9-3ad8-4379-8509-2f1cbfad0504] - connecting. Associated Snowflake domain: GLOBAL"}
{"level":"INFO","message":"[3:19:36.638 PM]: Connection[id: bb2aaad9-3ad8-4379-8509-2f1cbfad0504] - authentication successful using: SNOWFLAKE"}
{"level":"INFO","message":"[3:19:36.639 PM]: Trying to initialize Easy Logging"}
{"level":"INFO","message":"[3:19:36.641 PM]: No client config detected."}
{"level":"INFO","message":"[3:19:36.653 PM]: No config file path found. Client config will not be used."}
{"level":"INFO","message":"[3:19:36.654 PM]: Easy Logging is disabled as no config has been found"}
{"level":"INFO","message":"[3:19:36.656 PM]: Connection[id: bb2aaad9-3ad8-4379-8509-2f1cbfad0504] - connected successfully after 18.130599999800324 milliseconds"}
{"level":"INFO","message":"[3:19:37.235 PM]: Creating new connection object"}
{"level":"INFO","message":"[3:19:37.236 PM]: Creating Connection[id: 5e0a5ff5-955b-454e-93b9-894c37b143e1] with host: RMCVKYD-LK80402.snowflakecomputing.com, account: RMCVKYD-LK80402, accessUrl: https://RMCVKYD-LK80402.snowflakecomputing.com, user: TULIPRAAJ007, password is provided, role: undefined, database: ASSETERA, schema: PUBLIC, warehouse: COMPUTE_WH, region: undefined, authenticator: SNOWFLAKE, ocsp mode: FAIL_OPEN, os: win32, os version: 10.0.20348"}
{"level":"INFO","message":"[3:19:37.237 PM]: Connection[id: 5e0a5ff5-955b-454e-93b9-894c37b143e1] additional details: passcode in password is provided, passcode is not provided, private key is not provided, application: undefined, client name: snowflake-sdk, client version: 1.15.0, retry timeout: 300, private key path: undefined, private key pass is not provided, client store temporary credential: false, browser response timeout: 120000"}
{"level":"INFO","message":"[3:19:37.238 PM]: Connection[id: 5e0a5ff5-955b-454e-93b9-894c37b143e1] - connection object created successfully."}
{"level":"INFO","message":"[3:19:37.238 PM]: Connection[id: 5e0a5ff5-955b-454e-93b9-894c37b143e1] - connecting. Associated Snowflake domain: GLOBAL"}
{"level":"INFO","message":"[3:19:37.239 PM]: Connection[id: 5e0a5ff5-955b-454e-93b9-894c37b143e1] - authentication successful using: SNOWFLAKE"}
{"level":"INFO","message":"[3:19:37.239 PM]: Connection[id: 5e0a5ff5-955b-454e-93b9-894c37b143e1] - connected successfully after 1.3829000000841916 milliseconds"}
{"level":"INFO","message":"[3:19:40.426 PM]: Creating new connection object"}
{"level":"INFO","message":"[3:19:40.441 PM]: Creating Connection[id: d902a3a7-4294-4260-8c5d-eabd67b251df] with host: RMCVKYD-LK80402.snowflakecomputing.com, account: RMCVKYD-LK80402, accessUrl: https://RMCVKYD-LK80402.snowflakecomputing.com, user: TULIPRAAJ007, password is provided, role: undefined, database: ASSETERA, schema: PUBLIC, warehouse: COMPUTE_WH, region: undefined, authenticator: SNOWFLAKE, ocsp mode: FAIL_OPEN, os: win32, os version: 10.0.20348"}
{"level":"INFO","message":"[3:19:40.442 PM]: Connection[id: d902a3a7-4294-4260-8c5d-eabd67b251df] additional details: passcode in password is provided, passcode is not provided, private key is not provided, application: undefined, client name: snowflake-sdk, client version: 1.15.0, retry timeout: 300, private key path: undefined, private key pass is not provided, client store temporary credential: false, browser response timeout: 120000"}
{"level":"INFO","message":"[3:19:40.443 PM]: Connection[id: d902a3a7-4294-4260-8c5d-eabd67b251df] - connection object created successfully."}
{"level":"INFO","message":"[3:19:40.444 PM]: Connection[id: d902a3a7-4294-4260-8c5d-eabd67b251df] - connecting. Associated Snowflake domain: GLOBAL"}
{"level":"INFO","message":"[3:19:40.445 PM]: Connection[id: d902a3a7-4294-4260-8c5d-eabd67b251df] - authentication successful using: SNOWFLAKE"}
{"level":"INFO","message":"[3:19:40.452 PM]: Connection[id: d902a3a7-4294-4260-8c5d-eabd67b251df] - connected successfully after 7.611400000285357 milliseconds"}
{"level":"INFO","message":"[3:19:40.653 PM]: Creating new connection object"}
{"level":"INFO","message":"[3:19:40.654 PM]: Creating Connection[id: 8d2678ff-390c-4e42-a4b0-03c66d283ea9] with host: RMCVKYD-LK80402.snowflakecomputing.com, account: RMCVKYD-LK80402, accessUrl: https://RMCVKYD-LK80402.snowflakecomputing.com, user: TULIPRAAJ007, password is provided, role: undefined, database: ASSETERA, schema: PUBLIC, warehouse: COMPUTE_WH, region: undefined, authenticator: SNOWFLAKE, ocsp mode: FAIL_OPEN, os: win32, os version: 10.0.20348"}
{"level":"INFO","message":"[3:19:40.655 PM]: Connection[id: 8d2678ff-390c-4e42-a4b0-03c66d283ea9] additional details: passcode in password is provided, passcode is not provided, private key is not provided, application: undefined, client name: snowflake-sdk, client version: 1.15.0, retry timeout: 300, private key path: undefined, private key pass is not provided, client store temporary credential: false, browser response timeout: 120000"}
{"level":"INFO","message":"[3:19:40.656 PM]: Connection[id: 8d2678ff-390c-4e42-a4b0-03c66d283ea9] - connection object created successfully."}
{"level":"INFO","message":"[3:19:40.656 PM]: Connection[id: 8d2678ff-390c-4e42-a4b0-03c66d283ea9] - connecting. Associated Snowflake domain: GLOBAL"}
{"level":"INFO","message":"[3:19:40.657 PM]: Connection[id: 8d2678ff-390c-4e42-a4b0-03c66d283ea9] - authentication successful using: SNOWFLAKE"}
{"level":"INFO","message":"[3:19:40.658 PM]: Connection[id: 8d2678ff-390c-4e42-a4b0-03c66d283ea9] - connected successfully after 1.3614000002853572 milliseconds"}
{"level":"INFO","message":"[3:19:40.777 PM]: Creating new connection object"}
{"level":"INFO","message":"[3:19:40.778 PM]: Creating Connection[id: ffbab6fd-60ab-4820-a2a9-ea259ceafffb] with host: RMCVKYD-LK80402.snowflakecomputing.com, account: RMCVKYD-LK80402, accessUrl: https://RMCVKYD-LK80402.snowflakecomputing.com, user: TULIPRAAJ007, password is provided, role: undefined, database: ASSETERA, schema: PUBLIC, warehouse: COMPUTE_WH, region: undefined, authenticator: SNOWFLAKE, ocsp mode: FAIL_OPEN, os: win32, os version: 10.0.20348"}
{"level":"INFO","message":"[3:19:40.778 PM]: Connection[id: ffbab6fd-60ab-4820-a2a9-ea259ceafffb] additional details: passcode in password is provided, passcode is not provided, private key is not provided, application: undefined, client name: snowflake-sdk, client version: 1.15.0, retry timeout: 300, private key path: undefined, private key pass is not provided, client store temporary credential: false, browser response timeout: 120000"}
{"level":"INFO","message":"[3:19:40.779 PM]: Connection[id: ffbab6fd-60ab-4820-a2a9-ea259ceafffb] - connection object created successfully."}
{"level":"INFO","message":"[3:19:40.779 PM]: Connection[id: ffbab6fd-60ab-4820-a2a9-ea259ceafffb] - connecting. Associated Snowflake domain: GLOBAL"}
{"level":"INFO","message":"[3:19:40.779 PM]: Connection[id: ffbab6fd-60ab-4820-a2a9-ea259ceafffb] - authentication successful using: SNOWFLAKE"}
{"level":"INFO","message":"[3:19:40.781 PM]: Connection[id: ffbab6fd-60ab-4820-a2a9-ea259ceafffb] - connected successfully after 1.5134000000543892 milliseconds"}
{"level":"INFO","message":"[3:19:40.895 PM]: Creating new connection object"}
{"level":"INFO","message":"[3:19:40.897 PM]: Creating Connection[id: b822cd11-6f5d-44aa-bb3f-cc94882ce3e4] with host: RMCVKYD-LK80402.snowflakecomputing.com, account: RMCVKYD-LK80402, accessUrl: https://RMCVKYD-LK80402.snowflakecomputing.com, user: TULIPRAAJ007, password is provided, role: undefined, database: ASSETERA, schema: PUBLIC, warehouse: COMPUTE_WH, region: undefined, authenticator: SNOWFLAKE, ocsp mode: FAIL_OPEN, os: win32, os version: 10.0.20348"}
{"level":"INFO","message":"[3:19:40.898 PM]: Connection[id: b822cd11-6f5d-44aa-bb3f-cc94882ce3e4] additional details: passcode in password is provided, passcode is not provided, private key is not provided, application: undefined, client name: snowflake-sdk, client version: 1.15.0, retry timeout: 300, private key path: undefined, private key pass is not provided, client store temporary credential: false, browser response timeout: 120000"}
{"level":"INFO","message":"[3:19:40.898 PM]: Connection[id: b822cd11-6f5d-44aa-bb3f-cc94882ce3e4] - connection object created successfully."}
{"level":"INFO","message":"[3:19:40.899 PM]: Connection[id: b822cd11-6f5d-44aa-bb3f-cc94882ce3e4] - connecting. Associated Snowflake domain: GLOBAL"}
{"level":"INFO","message":"[3:19:40.900 PM]: Connection[id: b822cd11-6f5d-44aa-bb3f-cc94882ce3e4] - authentication successful using: SNOWFLAKE"}
{"level":"INFO","message":"[3:19:40.901 PM]: Connection[id: b822cd11-6f5d-44aa-bb3f-cc94882ce3e4] - connected successfully after 1.8338000001385808 milliseconds"}
{"level":"INFO","message":"[3:19:41.031 PM]: Creating new connection object"}
{"level":"INFO","message":"[3:19:41.032 PM]: Creating Connection[id: e6004682-0f6c-405a-ad59-5f8bee2111ca] with host: RMCVKYD-LK80402.snowflakecomputing.com, account: RMCVKYD-LK80402, accessUrl: https://RMCVKYD-LK80402.snowflakecomputing.com, user: TULIPRAAJ007, password is provided, role: undefined, database: ASSETERA, schema: PUBLIC, warehouse: COMPUTE_WH, region: undefined, authenticator: SNOWFLAKE, ocsp mode: FAIL_OPEN, os: win32, os version: 10.0.20348"}
{"level":"INFO","message":"[3:19:41.033 PM]: Connection[id: e6004682-0f6c-405a-ad59-5f8bee2111ca] additional details: passcode in password is provided, passcode is not provided, private key is not provided, application: undefined, client name: snowflake-sdk, client version: 1.15.0, retry timeout: 300, private key path: undefined, private key pass is not provided, client store temporary credential: false, browser response timeout: 120000"}
{"level":"INFO","message":"[3:19:41.033 PM]: Connection[id: e6004682-0f6c-405a-ad59-5f8bee2111ca] - connection object created successfully."}
{"level":"INFO","message":"[3:19:41.034 PM]: Connection[id: e6004682-0f6c-405a-ad59-5f8bee2111ca] - connecting. Associated Snowflake domain: GLOBAL"}
{"level":"INFO","message":"[3:19:41.036 PM]: Connection[id: e6004682-0f6c-405a-ad59-5f8bee2111ca] - authentication successful using: SNOWFLAKE"}
{"level":"INFO","message":"[3:19:41.036 PM]: Connection[id: e6004682-0f6c-405a-ad59-5f8bee2111ca] - connected successfully after 2.7546999999321997 milliseconds"}
{"level":"INFO","message":"[3:19:41.151 PM]: Creating new connection object"}
{"level":"INFO","message":"[3:19:41.152 PM]: Creating Connection[id: 55edf535-f4af-49d9-9cc0-bb3a030b0de9] with host: RMCVKYD-LK80402.snowflakecomputing.com, account: RMCVKYD-LK80402, accessUrl: https://RMCVKYD-LK80402.snowflakecomputing.com, user: TULIPRAAJ007, password is provided, role: undefined, database: ASSETERA, schema: PUBLIC, warehouse: COMPUTE_WH, region: undefined, authenticator: SNOWFLAKE, ocsp mode: FAIL_OPEN, os: win32, os version: 10.0.20348"}
{"level":"INFO","message":"[3:19:41.153 PM]: Connection[id: 55edf535-f4af-49d9-9cc0-bb3a030b0de9] additional details: passcode in password is provided, passcode is not provided, private key is not provided, application: undefined, client name: snowflake-sdk, client version: 1.15.0, retry timeout: 300, private key path: undefined, private key pass is not provided, client store temporary credential: false, browser response timeout: 120000"}
{"level":"INFO","message":"[3:19:41.154 PM]: Connection[id: 55edf535-f4af-49d9-9cc0-bb3a030b0de9] - connection object created successfully."}
{"level":"INFO","message":"[3:19:41.154 PM]: Connection[id: 55edf535-f4af-49d9-9cc0-bb3a030b0de9] - connecting. Associated Snowflake domain: GLOBAL"}
{"level":"INFO","message":"[3:19:41.155 PM]: Connection[id: 55edf535-f4af-49d9-9cc0-bb3a030b0de9] - authentication successful using: SNOWFLAKE"}
{"level":"INFO","message":"[3:19:41.156 PM]: Connection[id: 55edf535-f4af-49d9-9cc0-bb3a030b0de9] - connected successfully after 1.8845000001601875 milliseconds"}
{"level":"INFO","message":"[3:19:41.259 PM]: Creating new connection object"}
{"level":"INFO","message":"[3:19:41.260 PM]: Creating Connection[id: 357861f8-91eb-4881-8af8-6325e504c6fd] with host: RMCVKYD-LK80402.snowflakecomputing.com, account: RMCVKYD-LK80402, accessUrl: https://RMCVKYD-LK80402.snowflakecomputing.com, user: TULIPRAAJ007, password is provided, role: undefined, database: ASSETERA, schema: PUBLIC, warehouse: COMPUTE_WH, region: undefined, authenticator: SNOWFLAKE, ocsp mode: FAIL_OPEN, os: win32, os version: 10.0.20348"}
{"level":"INFO","message":"[3:19:41.261 PM]: Connection[id: 357861f8-91eb-4881-8af8-6325e504c6fd] additional details: passcode in password is provided, passcode is not provided, private key is not provided, application: undefined, client name: snowflake-sdk, client version: 1.15.0, retry timeout: 300, private key path: undefined, private key pass is not provided, client store temporary credential: false, browser response timeout: 120000"}
{"level":"INFO","message":"[3:19:41.262 PM]: Connection[id: 357861f8-91eb-4881-8af8-6325e504c6fd] - connection object created successfully."}
{"level":"INFO","message":"[3:19:41.262 PM]: Connection[id: 357861f8-91eb-4881-8af8-6325e504c6fd] - connecting. Associated Snowflake domain: GLOBAL"}
{"level":"INFO","message":"[3:19:41.262 PM]: Connection[id: 357861f8-91eb-4881-8af8-6325e504c6fd] - authentication successful using: SNOWFLAKE"}
{"level":"INFO","message":"[3:19:41.264 PM]: Connection[id: 357861f8-91eb-4881-8af8-6325e504c6fd] - connected successfully after 1.5555000002495944 milliseconds"}
{"level":"INFO","message":"[3:19:41.536 PM]: Creating new connection object"}
{"level":"INFO","message":"[3:19:41.538 PM]: Creating Connection[id: 4bf6da0f-6888-42bc-95cc-3c76d85c5b82] with host: RMCVKYD-LK80402.snowflakecomputing.com, account: RMCVKYD-LK80402, accessUrl: https://RMCVKYD-LK80402.snowflakecomputing.com, user: TULIPRAAJ007, password is provided, role: undefined, database: ASSETERA, schema: PUBLIC, warehouse: COMPUTE_WH, region: undefined, authenticator: SNOWFLAKE, ocsp mode: FAIL_OPEN, os: win32, os version: 10.0.20348"}
{"level":"INFO","message":"[3:19:41.538 PM]: Connection[id: 4bf6da0f-6888-42bc-95cc-3c76d85c5b82] additional details: passcode in password is provided, passcode is not provided, private key is not provided, application: undefined, client name: snowflake-sdk, client version: 1.15.0, retry timeout: 300, private key path: undefined, private key pass is not provided, client store temporary credential: false, browser response timeout: 120000"}
{"level":"INFO","message":"[3:19:41.539 PM]: Connection[id: 4bf6da0f-6888-42bc-95cc-3c76d85c5b82] - connection object created successfully."}
{"level":"INFO","message":"[3:19:41.540 PM]: Connection[id: 4bf6da0f-6888-42bc-95cc-3c76d85c5b82] - connecting. Associated Snowflake domain: GLOBAL"}
{"level":"INFO","message":"[3:19:41.540 PM]: Connection[id: 4bf6da0f-6888-42bc-95cc-3c76d85c5b82] - authentication successful using: SNOWFLAKE"}
{"level":"INFO","message":"[3:19:41.541 PM]: Connection[id: 4bf6da0f-6888-42bc-95cc-3c76d85c5b82] - connected successfully after 1.540000000037253 milliseconds"}
{"level":"INFO","message":"[3:21:04.363 PM]: Creating new connection object"}
{"level":"INFO","message":"[3:21:04.365 PM]: Creating Connection[id: 93fb5394-7e43-4d95-8f1c-1227960c78fc] with host: RMCVKYD-LK80402.snowflakecomputing.com, account: RMCVKYD-LK80402, accessUrl: https://RMCVKYD-LK80402.snowflakecomputing.com, user: TULIPRAAJ007, password is provided, role: undefined, database: ASSETERA, schema: PUBLIC, warehouse: COMPUTE_WH, region: undefined, authenticator: SNOWFLAKE, ocsp mode: FAIL_OPEN, os: win32, os version: 10.0.20348"}
{"level":"INFO","message":"[3:21:04.368 PM]: Connection[id: 93fb5394-7e43-4d95-8f1c-1227960c78fc] additional details: passcode in password is provided, passcode is not provided, private key is not provided, application: undefined, client name: snowflake-sdk, client version: 1.15.0, retry timeout: 300, private key path: undefined, private key pass is not provided, client store temporary credential: false, browser response timeout: 120000"}
{"level":"INFO","message":"[3:21:04.369 PM]: Connection[id: 93fb5394-7e43-4d95-8f1c-1227960c78fc] - connection object created successfully."}
{"level":"INFO","message":"[3:21:04.371 PM]: Connection[id: 93fb5394-7e43-4d95-8f1c-1227960c78fc] - connecting. Associated Snowflake domain: GLOBAL"}
{"level":"INFO","message":"[3:21:04.383 PM]: Connection[id: 93fb5394-7e43-4d95-8f1c-1227960c78fc] - authentication successful using: SNOWFLAKE"}
{"level":"INFO","message":"[3:21:04.385 PM]: Connection[id: 93fb5394-7e43-4d95-8f1c-1227960c78fc] - connected successfully after 14.081600000150502 milliseconds"}
{"level":"INFO","message":"[3:21:04.792 PM]: Creating new connection object"}
{"level":"INFO","message":"[3:21:04.793 PM]: Creating Connection[id: f8e7604b-2816-46ed-b008-0ab0e19edd95] with host: RMCVKYD-LK80402.snowflakecomputing.com, account: RMCVKYD-LK80402, accessUrl: https://RMCVKYD-LK80402.snowflakecomputing.com, user: TULIPRAAJ007, password is provided, role: undefined, database: ASSETERA, schema: PUBLIC, warehouse: COMPUTE_WH, region: undefined, authenticator: SNOWFLAKE, ocsp mode: FAIL_OPEN, os: win32, os version: 10.0.20348"}
{"level":"INFO","message":"[3:21:04.794 PM]: Connection[id: f8e7604b-2816-46ed-b008-0ab0e19edd95] additional details: passcode in password is provided, passcode is not provided, private key is not provided, application: undefined, client name: snowflake-sdk, client version: 1.15.0, retry timeout: 300, private key path: undefined, private key pass is not provided, client store temporary credential: false, browser response timeout: 120000"}
{"level":"INFO","message":"[3:21:04.794 PM]: Connection[id: f8e7604b-2816-46ed-b008-0ab0e19edd95] - connection object created successfully."}
{"level":"INFO","message":"[3:21:04.795 PM]: Connection[id: f8e7604b-2816-46ed-b008-0ab0e19edd95] - connecting. Associated Snowflake domain: GLOBAL"}
{"level":"INFO","message":"[3:21:04.795 PM]: Connection[id: f8e7604b-2816-46ed-b008-0ab0e19edd95] - authentication successful using: SNOWFLAKE"}
{"level":"INFO","message":"[3:21:04.796 PM]: Connection[id: f8e7604b-2816-46ed-b008-0ab0e19edd95] - connected successfully after 1.6448999997228384 milliseconds"}
{"level":"INFO","message":"[3:21:09.773 PM]: Creating new connection object"}
{"level":"INFO","message":"[3:21:09.791 PM]: Creating Connection[id: 8328cfa6-73a3-47f9-b7b2-63a0d5a33120] with host: RMCVKYD-LK80402.snowflakecomputing.com, account: RMCVKYD-LK80402, accessUrl: https://RMCVKYD-LK80402.snowflakecomputing.com, user: TULIPRAAJ007, password is provided, role: undefined, database: ASSETERA, schema: PUBLIC, warehouse: COMPUTE_WH, region: undefined, authenticator: SNOWFLAKE, ocsp mode: FAIL_OPEN, os: win32, os version: 10.0.20348"}
{"level":"INFO","message":"[3:21:09.793 PM]: Connection[id: 8328cfa6-73a3-47f9-b7b2-63a0d5a33120] additional details: passcode in password is provided, passcode is not provided, private key is not provided, application: undefined, client name: snowflake-sdk, client version: 1.15.0, retry timeout: 300, private key path: undefined, private key pass is not provided, client store temporary credential: false, browser response timeout: 120000"}
{"level":"INFO","message":"[3:21:09.794 PM]: Connection[id: 8328cfa6-73a3-47f9-b7b2-63a0d5a33120] - connection object created successfully."}
{"level":"INFO","message":"[3:21:09.799 PM]: Connection[id: 8328cfa6-73a3-47f9-b7b2-63a0d5a33120] - connecting. Associated Snowflake domain: GLOBAL"}
{"level":"INFO","message":"[3:21:09.800 PM]: Connection[id: 8328cfa6-73a3-47f9-b7b2-63a0d5a33120] - authentication successful using: SNOWFLAKE"}
{"level":"INFO","message":"[3:21:09.801 PM]: Connection[id: 8328cfa6-73a3-47f9-b7b2-63a0d5a33120] - connected successfully after 2.9627999998629093 milliseconds"}
{"level":"INFO","message":"[3:21:09.987 PM]: Creating new connection object"}
{"level":"INFO","message":"[3:21:09.989 PM]: Creating Connection[id: 0c809e11-cf7d-4359-96e4-2303b665e5a8] with host: RMCVKYD-LK80402.snowflakecomputing.com, account: RMCVKYD-LK80402, accessUrl: https://RMCVKYD-LK80402.snowflakecomputing.com, user: TULIPRAAJ007, password is provided, role: undefined, database: ASSETERA, schema: PUBLIC, warehouse: COMPUTE_WH, region: undefined, authenticator: SNOWFLAKE, ocsp mode: FAIL_OPEN, os: win32, os version: 10.0.20348"}
{"level":"INFO","message":"[3:21:09.989 PM]: Connection[id: 0c809e11-cf7d-4359-96e4-2303b665e5a8] additional details: passcode in password is provided, passcode is not provided, private key is not provided, application: undefined, client name: snowflake-sdk, client version: 1.15.0, retry timeout: 300, private key path: undefined, private key pass is not provided, client store temporary credential: false, browser response timeout: 120000"}
{"level":"INFO","message":"[3:21:09.990 PM]: Connection[id: 0c809e11-cf7d-4359-96e4-2303b665e5a8] - connection object created successfully."}
{"level":"INFO","message":"[3:21:09.990 PM]: Connection[id: 0c809e11-cf7d-4359-96e4-2303b665e5a8] - connecting. Associated Snowflake domain: GLOBAL"}
{"level":"INFO","message":"[3:21:09.991 PM]: Connection[id: 0c809e11-cf7d-4359-96e4-2303b665e5a8] - authentication successful using: SNOWFLAKE"}
{"level":"INFO","message":"[3:21:09.992 PM]: Connection[id: 0c809e11-cf7d-4359-96e4-2303b665e5a8] - connected successfully after 1.8884000000543892 milliseconds"}
{"level":"INFO","message":"[3:21:10.175 PM]: Creating new connection object"}
{"level":"INFO","message":"[3:21:10.176 PM]: Creating Connection[id: f44e9f5b-68ad-4d08-afa6-d5080af9792c] with host: RMCVKYD-LK80402.snowflakecomputing.com, account: RMCVKYD-LK80402, accessUrl: https://RMCVKYD-LK80402.snowflakecomputing.com, user: TULIPRAAJ007, password is provided, role: undefined, database: ASSETERA, schema: PUBLIC, warehouse: COMPUTE_WH, region: undefined, authenticator: SNOWFLAKE, ocsp mode: FAIL_OPEN, os: win32, os version: 10.0.20348"}
{"level":"INFO","message":"[3:21:10.177 PM]: Connection[id: f44e9f5b-68ad-4d08-afa6-d5080af9792c] additional details: passcode in password is provided, passcode is not provided, private key is not provided, application: undefined, client name: snowflake-sdk, client version: 1.15.0, retry timeout: 300, private key path: undefined, private key pass is not provided, client store temporary credential: false, browser response timeout: 120000"}
{"level":"INFO","message":"[3:21:10.178 PM]: Connection[id: f44e9f5b-68ad-4d08-afa6-d5080af9792c] - connection object created successfully."}
{"level":"INFO","message":"[3:21:10.178 PM]: Connection[id: f44e9f5b-68ad-4d08-afa6-d5080af9792c] - connecting. Associated Snowflake domain: GLOBAL"}
{"level":"INFO","message":"[3:21:10.179 PM]: Connection[id: f44e9f5b-68ad-4d08-afa6-d5080af9792c] - authentication successful using: SNOWFLAKE"}
{"level":"INFO","message":"[3:21:10.180 PM]: Connection[id: f44e9f5b-68ad-4d08-afa6-d5080af9792c] - connected successfully after 1.994799999985844 milliseconds"}
{"level":"INFO","message":"[3:21:10.183 PM]: Creating new connection object"}
{"level":"INFO","message":"[3:21:10.184 PM]: Creating Connection[id: c031fb3b-4834-405d-a1b8-1246508c5d81] with host: RMCVKYD-LK80402.snowflakecomputing.com, account: RMCVKYD-LK80402, accessUrl: https://RMCVKYD-LK80402.snowflakecomputing.com, user: TULIPRAAJ007, password is provided, role: undefined, database: ASSETERA, schema: PUBLIC, warehouse: COMPUTE_WH, region: undefined, authenticator: SNOWFLAKE, ocsp mode: FAIL_OPEN, os: win32, os version: 10.0.20348"}
{"level":"INFO","message":"[3:21:10.185 PM]: Connection[id: c031fb3b-4834-405d-a1b8-1246508c5d81] additional details: passcode in password is provided, passcode is not provided, private key is not provided, application: undefined, client name: snowflake-sdk, client version: 1.15.0, retry timeout: 300, private key path: undefined, private key pass is not provided, client store temporary credential: false, browser response timeout: 120000"}
{"level":"INFO","message":"[3:21:10.186 PM]: Connection[id: c031fb3b-4834-405d-a1b8-1246508c5d81] - connection object created successfully."}
{"level":"INFO","message":"[3:21:10.186 PM]: Connection[id: c031fb3b-4834-405d-a1b8-1246508c5d81] - connecting. Associated Snowflake domain: GLOBAL"}
{"level":"INFO","message":"[3:21:10.187 PM]: Connection[id: c031fb3b-4834-405d-a1b8-1246508c5d81] - authentication successful using: SNOWFLAKE"}
{"level":"INFO","message":"[3:21:10.187 PM]: Connection[id: c031fb3b-4834-405d-a1b8-1246508c5d81] - connected successfully after 1.2637999998405576 milliseconds"}
{"level":"INFO","message":"[3:21:10.387 PM]: Creating new connection object"}
{"level":"INFO","message":"[3:21:10.388 PM]: Creating Connection[id: 85db8e30-e5ca-4692-af58-30635acdbb20] with host: RMCVKYD-LK80402.snowflakecomputing.com, account: RMCVKYD-LK80402, accessUrl: https://RMCVKYD-LK80402.snowflakecomputing.com, user: TULIPRAAJ007, password is provided, role: undefined, database: ASSETERA, schema: PUBLIC, warehouse: COMPUTE_WH, region: undefined, authenticator: SNOWFLAKE, ocsp mode: FAIL_OPEN, os: win32, os version: 10.0.20348"}
{"level":"INFO","message":"[3:21:10.389 PM]: Connection[id: 85db8e30-e5ca-4692-af58-30635acdbb20] additional details: passcode in password is provided, passcode is not provided, private key is not provided, application: undefined, client name: snowflake-sdk, client version: 1.15.0, retry timeout: 300, private key path: undefined, private key pass is not provided, client store temporary credential: false, browser response timeout: 120000"}
{"level":"INFO","message":"[3:21:10.390 PM]: Connection[id: 85db8e30-e5ca-4692-af58-30635acdbb20] - connection object created successfully."}
{"level":"INFO","message":"[3:21:10.390 PM]: Connection[id: 85db8e30-e5ca-4692-af58-30635acdbb20] - connecting. Associated Snowflake domain: GLOBAL"}
{"level":"INFO","message":"[3:21:10.390 PM]: Connection[id: 85db8e30-e5ca-4692-af58-30635acdbb20] - authentication successful using: SNOWFLAKE"}
{"level":"INFO","message":"[3:21:10.391 PM]: Connection[id: 85db8e30-e5ca-4692-af58-30635acdbb20] - connected successfully after 1.2467000000178814 milliseconds"}
{"level":"INFO","message":"[3:21:10.596 PM]: Creating new connection object"}
{"level":"INFO","message":"[3:21:10.597 PM]: Creating Connection[id: 7f1ea452-0b44-498c-8d02-f63b3493b993] with host: RMCVKYD-LK80402.snowflakecomputing.com, account: RMCVKYD-LK80402, accessUrl: https://RMCVKYD-LK80402.snowflakecomputing.com, user: TULIPRAAJ007, password is provided, role: undefined, database: ASSETERA, schema: PUBLIC, warehouse: COMPUTE_WH, region: undefined, authenticator: SNOWFLAKE, ocsp mode: FAIL_OPEN, os: win32, os version: 10.0.20348"}
{"level":"INFO","message":"[3:21:10.598 PM]: Connection[id: 7f1ea452-0b44-498c-8d02-f63b3493b993] additional details: passcode in password is provided, passcode is not provided, private key is not provided, application: undefined, client name: snowflake-sdk, client version: 1.15.0, retry timeout: 300, private key path: undefined, private key pass is not provided, client store temporary credential: false, browser response timeout: 120000"}
{"level":"INFO","message":"[3:21:10.598 PM]: Connection[id: 7f1ea452-0b44-498c-8d02-f63b3493b993] - connection object created successfully."}
{"level":"INFO","message":"[3:21:10.599 PM]: Connection[id: 7f1ea452-0b44-498c-8d02-f63b3493b993] - connecting. Associated Snowflake domain: GLOBAL"}
{"level":"INFO","message":"[3:21:10.599 PM]: Connection[id: 7f1ea452-0b44-498c-8d02-f63b3493b993] - authentication successful using: SNOWFLAKE"}
{"level":"INFO","message":"[3:21:10.601 PM]: Connection[id: 7f1ea452-0b44-498c-8d02-f63b3493b993] - connected successfully after 1.8322000000625849 milliseconds"}
{"level":"INFO","message":"[3:21:11.004 PM]: Creating new connection object"}
{"level":"INFO","message":"[3:21:11.005 PM]: Creating Connection[id: a3a4756f-6d3e-4d7c-8d7b-97cf5968bd4c] with host: RMCVKYD-LK80402.snowflakecomputing.com, account: RMCVKYD-LK80402, accessUrl: https://RMCVKYD-LK80402.snowflakecomputing.com, user: TULIPRAAJ007, password is provided, role: undefined, database: ASSETERA, schema: PUBLIC, warehouse: COMPUTE_WH, region: undefined, authenticator: SNOWFLAKE, ocsp mode: FAIL_OPEN, os: win32, os version: 10.0.20348"}
{"level":"INFO","message":"[3:21:11.006 PM]: Connection[id: a3a4756f-6d3e-4d7c-8d7b-97cf5968bd4c] additional details: passcode in password is provided, passcode is not provided, private key is not provided, application: undefined, client name: snowflake-sdk, client version: 1.15.0, retry timeout: 300, private key path: undefined, private key pass is not provided, client store temporary credential: false, browser response timeout: 120000"}
{"level":"INFO","message":"[3:21:11.007 PM]: Connection[id: a3a4756f-6d3e-4d7c-8d7b-97cf5968bd4c] - connection object created successfully."}
{"level":"INFO","message":"[3:21:11.008 PM]: Connection[id: a3a4756f-6d3e-4d7c-8d7b-97cf5968bd4c] - connecting. Associated Snowflake domain: GLOBAL"}
{"level":"INFO","message":"[3:21:11.008 PM]: Connection[id: a3a4756f-6d3e-4d7c-8d7b-97cf5968bd4c] - authentication successful using: SNOWFLAKE"}
{"level":"INFO","message":"[3:21:11.009 PM]: Connection[id: a3a4756f-6d3e-4d7c-8d7b-97cf5968bd4c] - connected successfully after 1.2999999998137355 milliseconds"}
{"level":"INFO","message":"[3:21:11.158 PM]: Creating new connection object"}
{"level":"INFO","message":"[3:21:11.159 PM]: Creating Connection[id: 09bc9ffd-2fb8-4bad-8331-5de560065eda] with host: RMCVKYD-LK80402.snowflakecomputing.com, account: RMCVKYD-LK80402, accessUrl: https://RMCVKYD-LK80402.snowflakecomputing.com, user: TULIPRAAJ007, password is provided, role: undefined, database: ASSETERA, schema: PUBLIC, warehouse: COMPUTE_WH, region: undefined, authenticator: SNOWFLAKE, ocsp mode: FAIL_OPEN, os: win32, os version: 10.0.20348"}
{"level":"INFO","message":"[3:21:11.160 PM]: Connection[id: 09bc9ffd-2fb8-4bad-8331-5de560065eda] additional details: passcode in password is provided, passcode is not provided, private key is not provided, application: undefined, client name: snowflake-sdk, client version: 1.15.0, retry timeout: 300, private key path: undefined, private key pass is not provided, client store temporary credential: false, browser response timeout: 120000"}
{"level":"INFO","message":"[3:21:11.161 PM]: Connection[id: 09bc9ffd-2fb8-4bad-8331-5de560065eda] - connection object created successfully."}
{"level":"INFO","message":"[3:21:11.161 PM]: Connection[id: 09bc9ffd-2fb8-4bad-8331-5de560065eda] - connecting. Associated Snowflake domain: GLOBAL"}
{"level":"INFO","message":"[3:21:11.162 PM]: Connection[id: 09bc9ffd-2fb8-4bad-8331-5de560065eda] - authentication successful using: SNOWFLAKE"}
{"level":"INFO","message":"[3:21:11.163 PM]: Connection[id: 09bc9ffd-2fb8-4bad-8331-5de560065eda] - connected successfully after 1.315500000026077 milliseconds"}
{"level":"INFO","message":"[3:21:15.662 PM]: Creating new connection object"}
{"level":"INFO","message":"[3:21:15.674 PM]: Creating Connection[id: c164cffd-00a1-4e9b-b2de-26fa83f83f8d] with host: RMCVKYD-LK80402.snowflakecomputing.com, account: RMCVKYD-LK80402, accessUrl: https://RMCVKYD-LK80402.snowflakecomputing.com, user: TULIPRAAJ007, password is provided, role: undefined, database: ASSETERA, schema: PUBLIC, warehouse: COMPUTE_WH, region: undefined, authenticator: SNOWFLAKE, ocsp mode: FAIL_OPEN, os: win32, os version: 10.0.20348"}
{"level":"INFO","message":"[3:21:15.676 PM]: Connection[id: c164cffd-00a1-4e9b-b2de-26fa83f83f8d] additional details: passcode in password is provided, passcode is not provided, private key is not provided, application: undefined, client name: snowflake-sdk, client version: 1.15.0, retry timeout: 300, private key path: undefined, private key pass is not provided, client store temporary credential: false, browser response timeout: 120000"}
{"level":"INFO","message":"[3:21:15.681 PM]: Connection[id: c164cffd-00a1-4e9b-b2de-26fa83f83f8d] - connection object created successfully."}
{"level":"INFO","message":"[3:21:15.681 PM]: Connection[id: c164cffd-00a1-4e9b-b2de-26fa83f83f8d] - connecting. Associated Snowflake domain: GLOBAL"}
{"level":"INFO","message":"[3:21:15.682 PM]: Connection[id: c164cffd-00a1-4e9b-b2de-26fa83f83f8d] - authentication successful using: SNOWFLAKE"}
{"level":"INFO","message":"[3:21:15.683 PM]: Trying to initialize Easy Logging"}
{"level":"INFO","message":"[3:21:15.708 PM]: No client config detected."}
{"level":"INFO","message":"[3:21:15.712 PM]: No config file path found. Client config will not be used."}
{"level":"INFO","message":"[3:21:15.713 PM]: Easy Logging is disabled as no config has been found"}
{"level":"INFO","message":"[3:21:15.714 PM]: Connection[id: c164cffd-00a1-4e9b-b2de-26fa83f83f8d] - connected successfully after 33.118300000205636 milliseconds"}
{"level":"INFO","message":"[3:21:35.158 PM]: Creating new connection object"}
{"level":"INFO","message":"[3:21:35.164 PM]: Creating Connection[id: 962a6d6b-e28c-4ddf-9799-3fdd448ce400] with host: RMCVKYD-LK80402.snowflakecomputing.com, account: RMCVKYD-LK80402, accessUrl: https://RMCVKYD-LK80402.snowflakecomputing.com, user: TULIPRAAJ007, password is provided, role: undefined, database: ASSETERA, schema: PUBLIC, warehouse: COMPUTE_WH, region: undefined, authenticator: SNOWFLAKE, ocsp mode: FAIL_OPEN, os: win32, os version: 10.0.20348"}
{"level":"INFO","message":"[3:21:35.183 PM]: Connection[id: 962a6d6b-e28c-4ddf-9799-3fdd448ce400] additional details: passcode in password is provided, passcode is not provided, private key is not provided, application: undefined, client name: snowflake-sdk, client version: 1.15.0, retry timeout: 300, private key path: undefined, private key pass is not provided, client store temporary credential: false, browser response timeout: 120000"}
{"level":"INFO","message":"[3:21:35.186 PM]: Connection[id: 962a6d6b-e28c-4ddf-9799-3fdd448ce400] - connection object created successfully."}
{"level":"INFO","message":"[3:21:35.188 PM]: Connection[id: 962a6d6b-e28c-4ddf-9799-3fdd448ce400] - connecting. Associated Snowflake domain: GLOBAL"}
{"level":"INFO","message":"[3:21:35.189 PM]: Connection[id: 962a6d6b-e28c-4ddf-9799-3fdd448ce400] - authentication successful using: SNOWFLAKE"}
{"level":"INFO","message":"[3:21:35.192 PM]: Connection[id: 962a6d6b-e28c-4ddf-9799-3fdd448ce400] - connected successfully after 3.849400000181049 milliseconds"}
{"level":"INFO","message":"[3:21:43.419 PM]: Creating new connection object"}
{"level":"INFO","message":"[3:21:43.421 PM]: Creating Connection[id: 3b7f966c-5ac4-4ce9-b7b8-bc2d493c7932] with host: RMCVKYD-LK80402.snowflakecomputing.com, account: RMCVKYD-LK80402, accessUrl: https://RMCVKYD-LK80402.snowflakecomputing.com, user: TULIPRAAJ007, password is provided, role: undefined, database: ASSETERA, schema: PUBLIC, warehouse: COMPUTE_WH, region: undefined, authenticator: SNOWFLAKE, ocsp mode: FAIL_OPEN, os: win32, os version: 10.0.20348"}
{"level":"INFO","message":"[3:21:43.422 PM]: Connection[id: 3b7f966c-5ac4-4ce9-b7b8-bc2d493c7932] additional details: passcode in password is provided, passcode is not provided, private key is not provided, application: undefined, client name: snowflake-sdk, client version: 1.15.0, retry timeout: 300, private key path: undefined, private key pass is not provided, client store temporary credential: false, browser response timeout: 120000"}
{"level":"INFO","message":"[3:21:43.423 PM]: Connection[id: 3b7f966c-5ac4-4ce9-b7b8-bc2d493c7932] - connection object created successfully."}
{"level":"INFO","message":"[3:21:43.428 PM]: Connection[id: 3b7f966c-5ac4-4ce9-b7b8-bc2d493c7932] - connecting. Associated Snowflake domain: GLOBAL"}
{"level":"INFO","message":"[3:21:43.443 PM]: Connection[id: 3b7f966c-5ac4-4ce9-b7b8-bc2d493c7932] - authentication successful using: SNOWFLAKE"}
{"level":"INFO","message":"[3:21:43.444 PM]: Connection[id: 3b7f966c-5ac4-4ce9-b7b8-bc2d493c7932] - connected successfully after 15.989399999845773 milliseconds"}
{"level":"INFO","message":"[3:22:38.046 PM]: Creating new connection object"}
{"level":"INFO","message":"[3:22:38.054 PM]: Creating Connection[id: a9f37ac4-e72a-42e6-bb7c-6396d865882e] with host: RMCVKYD-LK80402.snowflakecomputing.com, account: RMCVKYD-LK80402, accessUrl: https://RMCVKYD-LK80402.snowflakecomputing.com, user: TULIPRAAJ007, password is provided, role: undefined, database: ASSETERA, schema: PUBLIC, warehouse: COMPUTE_WH, region: undefined, authenticator: SNOWFLAKE, ocsp mode: FAIL_OPEN, os: win32, os version: 10.0.20348"}
{"level":"INFO","message":"[3:22:38.055 PM]: Connection[id: a9f37ac4-e72a-42e6-bb7c-6396d865882e] additional details: passcode in password is provided, passcode is not provided, private key is not provided, application: undefined, client name: snowflake-sdk, client version: 1.15.0, retry timeout: 300, private key path: undefined, private key pass is not provided, client store temporary credential: false, browser response timeout: 120000"}
{"level":"INFO","message":"[3:22:38.057 PM]: Connection[id: a9f37ac4-e72a-42e6-bb7c-6396d865882e] - connection object created successfully."}
{"level":"INFO","message":"[3:22:38.059 PM]: Connection[id: a9f37ac4-e72a-42e6-bb7c-6396d865882e] - connecting. Associated Snowflake domain: GLOBAL"}
{"level":"INFO","message":"[3:22:38.066 PM]: Connection[id: a9f37ac4-e72a-42e6-bb7c-6396d865882e] - authentication successful using: SNOWFLAKE"}
{"level":"INFO","message":"[3:22:38.067 PM]: Trying to initialize Easy Logging"}
{"level":"INFO","message":"[3:22:38.070 PM]: No client config detected."}
{"level":"INFO","message":"[3:22:38.070 PM]: No config file path found. Client config will not be used."}
{"level":"INFO","message":"[3:22:38.071 PM]: Easy Logging is disabled as no config has been found"}
{"level":"INFO","message":"[3:22:38.073 PM]: Connection[id: a9f37ac4-e72a-42e6-bb7c-6396d865882e] - connected successfully after 14.301500000059605 milliseconds"}
{"level":"INFO","message":"[3:22:39.041 PM]: Creating new connection object"}
{"level":"INFO","message":"[3:22:39.042 PM]: Creating Connection[id: 840a2bf6-bd4c-4c22-8368-6dfa0faaf267] with host: RMCVKYD-LK80402.snowflakecomputing.com, account: RMCVKYD-LK80402, accessUrl: https://RMCVKYD-LK80402.snowflakecomputing.com, user: TULIPRAAJ007, password is provided, role: undefined, database: ASSETERA, schema: PUBLIC, warehouse: COMPUTE_WH, region: undefined, authenticator: SNOWFLAKE, ocsp mode: FAIL_OPEN, os: win32, os version: 10.0.20348"}
{"level":"INFO","message":"[3:22:39.042 PM]: Connection[id: 840a2bf6-bd4c-4c22-8368-6dfa0faaf267] additional details: passcode in password is provided, passcode is not provided, private key is not provided, application: undefined, client name: snowflake-sdk, client version: 1.15.0, retry timeout: 300, private key path: undefined, private key pass is not provided, client store temporary credential: false, browser response timeout: 120000"}
{"level":"INFO","message":"[3:22:39.043 PM]: Connection[id: 840a2bf6-bd4c-4c22-8368-6dfa0faaf267] - connection object created successfully."}
{"level":"INFO","message":"[3:22:39.043 PM]: Connection[id: 840a2bf6-bd4c-4c22-8368-6dfa0faaf267] - connecting. Associated Snowflake domain: GLOBAL"}
{"level":"INFO","message":"[3:22:39.044 PM]: Connection[id: 840a2bf6-bd4c-4c22-8368-6dfa0faaf267] - authentication successful using: SNOWFLAKE"}
{"level":"INFO","message":"[3:22:39.045 PM]: Connection[id: 840a2bf6-bd4c-4c22-8368-6dfa0faaf267] - connected successfully after 1.4983000000938773 milliseconds"}
{"level":"INFO","message":"[3:22:52.793 PM]: Creating new connection object"}
{"level":"INFO","message":"[3:22:52.795 PM]: Creating Connection[id: ea18446a-c978-4b9c-85c2-7a1b1749ff45] with host: RMCVKYD-LK80402.snowflakecomputing.com, account: RMCVKYD-LK80402, accessUrl: https://RMCVKYD-LK80402.snowflakecomputing.com, user: TULIPRAAJ007, password is provided, role: undefined, database: ASSETERA, schema: PUBLIC, warehouse: COMPUTE_WH, region: undefined, authenticator: SNOWFLAKE, ocsp mode: FAIL_OPEN, os: win32, os version: 10.0.20348"}
{"level":"INFO","message":"[3:22:52.795 PM]: Connection[id: ea18446a-c978-4b9c-85c2-7a1b1749ff45] additional details: passcode in password is provided, passcode is not provided, private key is not provided, application: undefined, client name: snowflake-sdk, client version: 1.15.0, retry timeout: 300, private key path: undefined, private key pass is not provided, client store temporary credential: false, browser response timeout: 120000"}
{"level":"INFO","message":"[3:22:52.796 PM]: Connection[id: ea18446a-c978-4b9c-85c2-7a1b1749ff45] - connection object created successfully."}
{"level":"INFO","message":"[3:22:52.796 PM]: Connection[id: ea18446a-c978-4b9c-85c2-7a1b1749ff45] - connecting. Associated Snowflake domain: GLOBAL"}
{"level":"INFO","message":"[3:22:52.797 PM]: Connection[id: ea18446a-c978-4b9c-85c2-7a1b1749ff45] - authentication successful using: SNOWFLAKE"}
{"level":"INFO","message":"[3:22:52.797 PM]: Connection[id: ea18446a-c978-4b9c-85c2-7a1b1749ff45] - connected successfully after 1.3102000001817942 milliseconds"}
{"level":"INFO","message":"[3:22:52.983 PM]: Creating new connection object"}
{"level":"INFO","message":"[3:22:52.992 PM]: Creating Connection[id: d5312a65-9562-4e94-b976-ac56182c82b1] with host: RMCVKYD-LK80402.snowflakecomputing.com, account: RMCVKYD-LK80402, accessUrl: https://RMCVKYD-LK80402.snowflakecomputing.com, user: TULIPRAAJ007, password is provided, role: undefined, database: ASSETERA, schema: PUBLIC, warehouse: COMPUTE_WH, region: undefined, authenticator: SNOWFLAKE, ocsp mode: FAIL_OPEN, os: win32, os version: 10.0.20348"}
{"level":"INFO","message":"[3:22:52.993 PM]: Connection[id: d5312a65-9562-4e94-b976-ac56182c82b1] additional details: passcode in password is provided, passcode is not provided, private key is not provided, application: undefined, client name: snowflake-sdk, client version: 1.15.0, retry timeout: 300, private key path: undefined, private key pass is not provided, client store temporary credential: false, browser response timeout: 120000"}
{"level":"INFO","message":"[3:22:52.993 PM]: Connection[id: d5312a65-9562-4e94-b976-ac56182c82b1] - connection object created successfully."}
{"level":"INFO","message":"[3:22:52.995 PM]: Connection[id: d5312a65-9562-4e94-b976-ac56182c82b1] - connecting. Associated Snowflake domain: GLOBAL"}
{"level":"INFO","message":"[3:22:52.995 PM]: Connection[id: d5312a65-9562-4e94-b976-ac56182c82b1] - authentication successful using: SNOWFLAKE"}
{"level":"INFO","message":"[3:22:52.997 PM]: Connection[id: d5312a65-9562-4e94-b976-ac56182c82b1] - connected successfully after 1.5915999999269843 milliseconds"}
{"level":"INFO","message":"[3:22:53.049 PM]: Creating new connection object"}
{"level":"INFO","message":"[3:22:53.061 PM]: Creating Connection[id: f39d1d58-2ff3-4622-a290-c86714cc7519] with host: RMCVKYD-LK80402.snowflakecomputing.com, account: RMCVKYD-LK80402, accessUrl: https://RMCVKYD-LK80402.snowflakecomputing.com, user: TULIPRAAJ007, password is provided, role: undefined, database: ASSETERA, schema: PUBLIC, warehouse: COMPUTE_WH, region: undefined, authenticator: SNOWFLAKE, ocsp mode: FAIL_OPEN, os: win32, os version: 10.0.20348"}
{"level":"INFO","message":"[3:22:53.062 PM]: Connection[id: f39d1d58-2ff3-4622-a290-c86714cc7519] additional details: passcode in password is provided, passcode is not provided, private key is not provided, application: undefined, client name: snowflake-sdk, client version: 1.15.0, retry timeout: 300, private key path: undefined, private key pass is not provided, client store temporary credential: false, browser response timeout: 120000"}
{"level":"INFO","message":"[3:22:53.062 PM]: Connection[id: f39d1d58-2ff3-4622-a290-c86714cc7519] - connection object created successfully."}
{"level":"INFO","message":"[3:22:53.063 PM]: Connection[id: f39d1d58-2ff3-4622-a290-c86714cc7519] - connecting. Associated Snowflake domain: GLOBAL"}
{"level":"INFO","message":"[3:22:53.063 PM]: Connection[id: f39d1d58-2ff3-4622-a290-c86714cc7519] - authentication successful using: SNOWFLAKE"}
{"level":"INFO","message":"[3:22:53.064 PM]: Connection[id: f39d1d58-2ff3-4622-a290-c86714cc7519] - connected successfully after 0.9993000002577901 milliseconds"}
{"level":"INFO","message":"[3:22:53.210 PM]: Creating new connection object"}
{"level":"INFO","message":"[3:22:53.211 PM]: Creating Connection[id: 4e997232-9156-4158-9071-1dc48ef52539] with host: RMCVKYD-LK80402.snowflakecomputing.com, account: RMCVKYD-LK80402, accessUrl: https://RMCVKYD-LK80402.snowflakecomputing.com, user: TULIPRAAJ007, password is provided, role: undefined, database: ASSETERA, schema: PUBLIC, warehouse: COMPUTE_WH, region: undefined, authenticator: SNOWFLAKE, ocsp mode: FAIL_OPEN, os: win32, os version: 10.0.20348"}
{"level":"INFO","message":"[3:22:53.212 PM]: Connection[id: 4e997232-9156-4158-9071-1dc48ef52539] additional details: passcode in password is provided, passcode is not provided, private key is not provided, application: undefined, client name: snowflake-sdk, client version: 1.15.0, retry timeout: 300, private key path: undefined, private key pass is not provided, client store temporary credential: false, browser response timeout: 120000"}
{"level":"INFO","message":"[3:22:53.212 PM]: Connection[id: 4e997232-9156-4158-9071-1dc48ef52539] - connection object created successfully."}
{"level":"INFO","message":"[3:22:53.213 PM]: Connection[id: 4e997232-9156-4158-9071-1dc48ef52539] - connecting. Associated Snowflake domain: GLOBAL"}
{"level":"INFO","message":"[3:22:53.213 PM]: Connection[id: 4e997232-9156-4158-9071-1dc48ef52539] - authentication successful using: SNOWFLAKE"}
{"level":"INFO","message":"[3:22:53.214 PM]: Connection[id: 4e997232-9156-4158-9071-1dc48ef52539] - connected successfully after 1.1293999999761581 milliseconds"}
{"level":"INFO","message":"[3:22:53.471 PM]: Creating new connection object"}
{"level":"INFO","message":"[3:22:53.472 PM]: Creating Connection[id: 7b6ed619-f340-4501-82f7-f9a366930960] with host: RMCVKYD-LK80402.snowflakecomputing.com, account: RMCVKYD-LK80402, accessUrl: https://RMCVKYD-LK80402.snowflakecomputing.com, user: TULIPRAAJ007, password is provided, role: undefined, database: ASSETERA, schema: PUBLIC, warehouse: COMPUTE_WH, region: undefined, authenticator: SNOWFLAKE, ocsp mode: FAIL_OPEN, os: win32, os version: 10.0.20348"}
{"level":"INFO","message":"[3:22:53.473 PM]: Connection[id: 7b6ed619-f340-4501-82f7-f9a366930960] additional details: passcode in password is provided, passcode is not provided, private key is not provided, application: undefined, client name: snowflake-sdk, client version: 1.15.0, retry timeout: 300, private key path: undefined, private key pass is not provided, client store temporary credential: false, browser response timeout: 120000"}
{"level":"INFO","message":"[3:22:53.473 PM]: Connection[id: 7b6ed619-f340-4501-82f7-f9a366930960] - connection object created successfully."}
{"level":"INFO","message":"[3:22:53.474 PM]: Connection[id: 7b6ed619-f340-4501-82f7-f9a366930960] - connecting. Associated Snowflake domain: GLOBAL"}
{"level":"INFO","message":"[3:22:53.474 PM]: Connection[id: 7b6ed619-f340-4501-82f7-f9a366930960] - authentication successful using: SNOWFLAKE"}
{"level":"INFO","message":"[3:22:53.475 PM]: Connection[id: 7b6ed619-f340-4501-82f7-f9a366930960] - connected successfully after 0.9166000001132488 milliseconds"}
{"level":"INFO","message":"[3:22:53.773 PM]: Creating new connection object"}
{"level":"INFO","message":"[3:22:53.775 PM]: Creating Connection[id: 6bd2cf21-e04e-4fce-a71c-f1e455354d5c] with host: RMCVKYD-LK80402.snowflakecomputing.com, account: RMCVKYD-LK80402, accessUrl: https://RMCVKYD-LK80402.snowflakecomputing.com, user: TULIPRAAJ007, password is provided, role: undefined, database: ASSETERA, schema: PUBLIC, warehouse: COMPUTE_WH, region: undefined, authenticator: SNOWFLAKE, ocsp mode: FAIL_OPEN, os: win32, os version: 10.0.20348"}
{"level":"INFO","message":"[3:22:53.776 PM]: Connection[id: 6bd2cf21-e04e-4fce-a71c-f1e455354d5c] additional details: passcode in password is provided, passcode is not provided, private key is not provided, application: undefined, client name: snowflake-sdk, client version: 1.15.0, retry timeout: 300, private key path: undefined, private key pass is not provided, client store temporary credential: false, browser response timeout: 120000"}
{"level":"INFO","message":"[3:22:53.776 PM]: Connection[id: 6bd2cf21-e04e-4fce-a71c-f1e455354d5c] - connection object created successfully."}
{"level":"INFO","message":"[3:22:53.777 PM]: Connection[id: 6bd2cf21-e04e-4fce-a71c-f1e455354d5c] - connecting. Associated Snowflake domain: GLOBAL"}
{"level":"INFO","message":"[3:22:53.777 PM]: Connection[id: 6bd2cf21-e04e-4fce-a71c-f1e455354d5c] - authentication successful using: SNOWFLAKE"}
{"level":"INFO","message":"[3:22:53.778 PM]: Connection[id: 6bd2cf21-e04e-4fce-a71c-f1e455354d5c] - connected successfully after 1.0553999999538064 milliseconds"}
{"level":"INFO","message":"[3:22:53.897 PM]: Creating new connection object"}
{"level":"INFO","message":"[3:22:53.898 PM]: Creating Connection[id: 4a2f662c-9cd6-4b6e-948d-6ca2c709e667] with host: RMCVKYD-LK80402.snowflakecomputing.com, account: RMCVKYD-LK80402, accessUrl: https://RMCVKYD-LK80402.snowflakecomputing.com, user: TULIPRAAJ007, password is provided, role: undefined, database: ASSETERA, schema: PUBLIC, warehouse: COMPUTE_WH, region: undefined, authenticator: SNOWFLAKE, ocsp mode: FAIL_OPEN, os: win32, os version: 10.0.20348"}
{"level":"INFO","message":"[3:22:53.899 PM]: Connection[id: 4a2f662c-9cd6-4b6e-948d-6ca2c709e667] additional details: passcode in password is provided, passcode is not provided, private key is not provided, application: undefined, client name: snowflake-sdk, client version: 1.15.0, retry timeout: 300, private key path: undefined, private key pass is not provided, client store temporary credential: false, browser response timeout: 120000"}
{"level":"INFO","message":"[3:22:53.900 PM]: Connection[id: 4a2f662c-9cd6-4b6e-948d-6ca2c709e667] - connection object created successfully."}
{"level":"INFO","message":"[3:22:53.900 PM]: Connection[id: 4a2f662c-9cd6-4b6e-948d-6ca2c709e667] - connecting. Associated Snowflake domain: GLOBAL"}
{"level":"INFO","message":"[3:22:53.901 PM]: Connection[id: 4a2f662c-9cd6-4b6e-948d-6ca2c709e667] - authentication successful using: SNOWFLAKE"}
{"level":"INFO","message":"[3:22:53.902 PM]: Connection[id: 4a2f662c-9cd6-4b6e-948d-6ca2c709e667] - connected successfully after 1.7472000000998378 milliseconds"}
{"level":"INFO","message":"[3:22:54.045 PM]: Creating new connection object"}
{"level":"INFO","message":"[3:22:54.047 PM]: Creating Connection[id: 8a70a205-56a3-41d7-8208-439ba540aa1e] with host: RMCVKYD-LK80402.snowflakecomputing.com, account: RMCVKYD-LK80402, accessUrl: https://RMCVKYD-LK80402.snowflakecomputing.com, user: TULIPRAAJ007, password is provided, role: undefined, database: ASSETERA, schema: PUBLIC, warehouse: COMPUTE_WH, region: undefined, authenticator: SNOWFLAKE, ocsp mode: FAIL_OPEN, os: win32, os version: 10.0.20348"}
{"level":"INFO","message":"[3:22:54.047 PM]: Connection[id: 8a70a205-56a3-41d7-8208-439ba540aa1e] additional details: passcode in password is provided, passcode is not provided, private key is not provided, application: undefined, client name: snowflake-sdk, client version: 1.15.0, retry timeout: 300, private key path: undefined, private key pass is not provided, client store temporary credential: false, browser response timeout: 120000"}
{"level":"INFO","message":"[3:22:54.048 PM]: Connection[id: 8a70a205-56a3-41d7-8208-439ba540aa1e] - connection object created successfully."}
{"level":"INFO","message":"[3:22:54.049 PM]: Connection[id: 8a70a205-56a3-41d7-8208-439ba540aa1e] - connecting. Associated Snowflake domain: GLOBAL"}
{"level":"INFO","message":"[3:22:54.049 PM]: Connection[id: 8a70a205-56a3-41d7-8208-439ba540aa1e] - authentication successful using: SNOWFLAKE"}
{"level":"INFO","message":"[3:22:54.050 PM]: Connection[id: 8a70a205-56a3-41d7-8208-439ba540aa1e] - connected successfully after 1.4062999999150634 milliseconds"}
{"level":"INFO","message":"[3:24:25.184 PM]: Creating new connection object"}
{"level":"INFO","message":"[3:24:25.202 PM]: Creating Connection[id: b7c1ff16-ecb6-4337-8789-9cb9c44fca35] with host: RMCVKYD-LK80402.snowflakecomputing.com, account: RMCVKYD-LK80402, accessUrl: https://RMCVKYD-LK80402.snowflakecomputing.com, user: TULIPRAAJ007, password is provided, role: undefined, database: ASSETERA, schema: PUBLIC, warehouse: COMPUTE_WH, region: undefined, authenticator: SNOWFLAKE, ocsp mode: FAIL_OPEN, os: win32, os version: 10.0.20348"}
{"level":"INFO","message":"[3:24:25.204 PM]: Connection[id: b7c1ff16-ecb6-4337-8789-9cb9c44fca35] additional details: passcode in password is provided, passcode is not provided, private key is not provided, application: undefined, client name: snowflake-sdk, client version: 1.15.0, retry timeout: 300, private key path: undefined, private key pass is not provided, client store temporary credential: false, browser response timeout: 120000"}
{"level":"INFO","message":"[3:24:25.205 PM]: Connection[id: b7c1ff16-ecb6-4337-8789-9cb9c44fca35] - connection object created successfully."}
{"level":"INFO","message":"[3:24:25.233 PM]: Connection[id: b7c1ff16-ecb6-4337-8789-9cb9c44fca35] - connecting. Associated Snowflake domain: GLOBAL"}
{"level":"INFO","message":"[3:24:25.234 PM]: Connection[id: b7c1ff16-ecb6-4337-8789-9cb9c44fca35] - authentication successful using: SNOWFLAKE"}
{"level":"INFO","message":"[3:24:25.236 PM]: Connection[id: b7c1ff16-ecb6-4337-8789-9cb9c44fca35] - connected successfully after 3.5208000000566244 milliseconds"}
{"level":"INFO","message":"[3:24:25.602 PM]: Creating new connection object"}
{"level":"INFO","message":"[3:24:25.604 PM]: Creating Connection[id: 57e75c44-be90-4272-abd4-ec7b8ee721d6] with host: RMCVKYD-LK80402.snowflakecomputing.com, account: RMCVKYD-LK80402, accessUrl: https://RMCVKYD-LK80402.snowflakecomputing.com, user: TULIPRAAJ007, password is provided, role: undefined, database: ASSETERA, schema: PUBLIC, warehouse: COMPUTE_WH, region: undefined, authenticator: SNOWFLAKE, ocsp mode: FAIL_OPEN, os: win32, os version: 10.0.20348"}
{"level":"INFO","message":"[3:24:25.604 PM]: Connection[id: 57e75c44-be90-4272-abd4-ec7b8ee721d6] additional details: passcode in password is provided, passcode is not provided, private key is not provided, application: undefined, client name: snowflake-sdk, client version: 1.15.0, retry timeout: 300, private key path: undefined, private key pass is not provided, client store temporary credential: false, browser response timeout: 120000"}
{"level":"INFO","message":"[3:24:25.604 PM]: Connection[id: 57e75c44-be90-4272-abd4-ec7b8ee721d6] - connection object created successfully."}
{"level":"INFO","message":"[3:24:25.605 PM]: Connection[id: 57e75c44-be90-4272-abd4-ec7b8ee721d6] - connecting. Associated Snowflake domain: GLOBAL"}
{"level":"INFO","message":"[3:24:25.605 PM]: Connection[id: 57e75c44-be90-4272-abd4-ec7b8ee721d6] - authentication successful using: SNOWFLAKE"}
{"level":"INFO","message":"[3:24:25.607 PM]: Connection[id: 57e75c44-be90-4272-abd4-ec7b8ee721d6] - connected successfully after 1.5457999999634922 milliseconds"}
{"level":"INFO","message":"[3:26:41.939 PM]: Creating new connection object"}
{"level":"INFO","message":"[3:26:41.945 PM]: Creating Connection[id: 1899d2ac-5216-416b-8a61-bdcf0ee2cec6] with host: RMCVKYD-LK80402.snowflakecomputing.com, account: RMCVKYD-LK80402, accessUrl: https://RMCVKYD-LK80402.snowflakecomputing.com, user: TULIPRAAJ007, password is provided, role: undefined, database: ASSETERA, schema: PUBLIC, warehouse: COMPUTE_WH, region: undefined, authenticator: SNOWFLAKE, ocsp mode: FAIL_OPEN, os: win32, os version: 10.0.20348"}
{"level":"INFO","message":"[3:26:41.946 PM]: Connection[id: 1899d2ac-5216-416b-8a61-bdcf0ee2cec6] additional details: passcode in password is provided, passcode is not provided, private key is not provided, application: undefined, client name: snowflake-sdk, client version: 1.15.0, retry timeout: 300, private key path: undefined, private key pass is not provided, client store temporary credential: false, browser response timeout: 120000"}
{"level":"INFO","message":"[3:26:41.946 PM]: Connection[id: 1899d2ac-5216-416b-8a61-bdcf0ee2cec6] - connection object created successfully."}
{"level":"INFO","message":"[3:26:41.947 PM]: Connection[id: 1899d2ac-5216-416b-8a61-bdcf0ee2cec6] - connecting. Associated Snowflake domain: GLOBAL"}
{"level":"INFO","message":"[3:26:41.948 PM]: Connection[id: 1899d2ac-5216-416b-8a61-bdcf0ee2cec6] - authentication successful using: SNOWFLAKE"}
{"level":"INFO","message":"[3:26:41.948 PM]: Trying to initialize Easy Logging"}
{"level":"INFO","message":"[3:26:41.949 PM]: No client config detected."}
{"level":"INFO","message":"[3:26:41.950 PM]: No config file path found. Client config will not be used."}
{"level":"INFO","message":"[3:26:41.951 PM]: Easy Logging is disabled as no config has been found"}
{"level":"INFO","message":"[3:26:41.953 PM]: Connection[id: 1899d2ac-5216-416b-8a61-bdcf0ee2cec6] - connected successfully after 5.537300000432879 milliseconds"}
{"level":"INFO","message":"[3:26:42.529 PM]: Creating new connection object"}
{"level":"INFO","message":"[3:26:42.531 PM]: Creating Connection[id: debc5f13-701c-4998-b0c3-611cf1f9e568] with host: RMCVKYD-LK80402.snowflakecomputing.com, account: RMCVKYD-LK80402, accessUrl: https://RMCVKYD-LK80402.snowflakecomputing.com, user: TULIPRAAJ007, password is provided, role: undefined, database: ASSETERA, schema: PUBLIC, warehouse: COMPUTE_WH, region: undefined, authenticator: SNOWFLAKE, ocsp mode: FAIL_OPEN, os: win32, os version: 10.0.20348"}
{"level":"INFO","message":"[3:26:42.531 PM]: Connection[id: debc5f13-701c-4998-b0c3-611cf1f9e568] additional details: passcode in password is provided, passcode is not provided, private key is not provided, application: undefined, client name: snowflake-sdk, client version: 1.15.0, retry timeout: 300, private key path: undefined, private key pass is not provided, client store temporary credential: false, browser response timeout: 120000"}
{"level":"INFO","message":"[3:26:42.532 PM]: Connection[id: debc5f13-701c-4998-b0c3-611cf1f9e568] - connection object created successfully."}
{"level":"INFO","message":"[3:26:42.532 PM]: Connection[id: debc5f13-701c-4998-b0c3-611cf1f9e568] - connecting. Associated Snowflake domain: GLOBAL"}
{"level":"INFO","message":"[3:26:42.533 PM]: Connection[id: debc5f13-701c-4998-b0c3-611cf1f9e568] - authentication successful using: SNOWFLAKE"}
{"level":"INFO","message":"[3:26:42.534 PM]: Connection[id: debc5f13-701c-4998-b0c3-611cf1f9e568] - connected successfully after 1.5455000000074506 milliseconds"}
{"level":"INFO","message":"[3:26:56.642 PM]: Creating new connection object"}
{"level":"INFO","message":"[3:26:56.644 PM]: Creating Connection[id: 6c321b1d-eba3-416d-b252-1d3d50eebaac] with host: RMCVKYD-LK80402.snowflakecomputing.com, account: RMCVKYD-LK80402, accessUrl: https://RMCVKYD-LK80402.snowflakecomputing.com, user: TULIPRAAJ007, password is provided, role: undefined, database: ASSETERA, schema: PUBLIC, warehouse: COMPUTE_WH, region: undefined, authenticator: SNOWFLAKE, ocsp mode: FAIL_OPEN, os: win32, os version: 10.0.20348"}
{"level":"INFO","message":"[3:26:56.645 PM]: Connection[id: 6c321b1d-eba3-416d-b252-1d3d50eebaac] additional details: passcode in password is provided, passcode is not provided, private key is not provided, application: undefined, client name: snowflake-sdk, client version: 1.15.0, retry timeout: 300, private key path: undefined, private key pass is not provided, client store temporary credential: false, browser response timeout: 120000"}
{"level":"INFO","message":"[3:26:56.645 PM]: Connection[id: 6c321b1d-eba3-416d-b252-1d3d50eebaac] - connection object created successfully."}
{"level":"INFO","message":"[3:26:56.646 PM]: Connection[id: 6c321b1d-eba3-416d-b252-1d3d50eebaac] - connecting. Associated Snowflake domain: GLOBAL"}
{"level":"INFO","message":"[3:26:56.647 PM]: Connection[id: 6c321b1d-eba3-416d-b252-1d3d50eebaac] - authentication successful using: SNOWFLAKE"}
{"level":"INFO","message":"[3:26:56.648 PM]: Connection[id: 6c321b1d-eba3-416d-b252-1d3d50eebaac] - connected successfully after 2.2759000002406538 milliseconds"}
{"level":"INFO","message":"[3:26:57.455 PM]: Creating new connection object"}
{"level":"INFO","message":"[3:26:57.457 PM]: Creating Connection[id: 7b8404b3-b103-4e29-bf68-970af5590ddf] with host: RMCVKYD-LK80402.snowflakecomputing.com, account: RMCVKYD-LK80402, accessUrl: https://RMCVKYD-LK80402.snowflakecomputing.com, user: TULIPRAAJ007, password is provided, role: undefined, database: ASSETERA, schema: PUBLIC, warehouse: COMPUTE_WH, region: undefined, authenticator: SNOWFLAKE, ocsp mode: FAIL_OPEN, os: win32, os version: 10.0.20348"}
{"level":"INFO","message":"[3:26:57.457 PM]: Connection[id: 7b8404b3-b103-4e29-bf68-970af5590ddf] additional details: passcode in password is provided, passcode is not provided, private key is not provided, application: undefined, client name: snowflake-sdk, client version: 1.15.0, retry timeout: 300, private key path: undefined, private key pass is not provided, client store temporary credential: false, browser response timeout: 120000"}
{"level":"INFO","message":"[3:26:57.458 PM]: Connection[id: 7b8404b3-b103-4e29-bf68-970af5590ddf] - connection object created successfully."}
{"level":"INFO","message":"[3:26:57.458 PM]: Connection[id: 7b8404b3-b103-4e29-bf68-970af5590ddf] - connecting. Associated Snowflake domain: GLOBAL"}
{"level":"INFO","message":"[3:26:57.458 PM]: Connection[id: 7b8404b3-b103-4e29-bf68-970af5590ddf] - authentication successful using: SNOWFLAKE"}
{"level":"INFO","message":"[3:26:57.459 PM]: Connection[id: 7b8404b3-b103-4e29-bf68-970af5590ddf] - connected successfully after 1.4169000000692904 milliseconds"}
{"level":"INFO","message":"[3:27:04.297 PM]: Creating new connection object"}
{"level":"INFO","message":"[3:27:04.367 PM]: Creating Connection[id: 817ffd5a-140d-44c3-8b0b-59a9b7d919da] with host: RMCVKYD-LK80402.snowflakecomputing.com, account: RMCVKYD-LK80402, accessUrl: https://RMCVKYD-LK80402.snowflakecomputing.com, user: TULIPRAAJ007, password is provided, role: undefined, database: ASSETERA, schema: PUBLIC, warehouse: COMPUTE_WH, region: undefined, authenticator: SNOWFLAKE, ocsp mode: FAIL_OPEN, os: win32, os version: 10.0.20348"}
{"level":"INFO","message":"[3:27:04.369 PM]: Connection[id: 817ffd5a-140d-44c3-8b0b-59a9b7d919da] additional details: passcode in password is provided, passcode is not provided, private key is not provided, application: undefined, client name: snowflake-sdk, client version: 1.15.0, retry timeout: 300, private key path: undefined, private key pass is not provided, client store temporary credential: false, browser response timeout: 120000"}
{"level":"INFO","message":"[3:27:04.370 PM]: Connection[id: 817ffd5a-140d-44c3-8b0b-59a9b7d919da] - connection object created successfully."}
{"level":"INFO","message":"[3:27:04.371 PM]: Connection[id: 817ffd5a-140d-44c3-8b0b-59a9b7d919da] - connecting. Associated Snowflake domain: GLOBAL"}
{"level":"INFO","message":"[3:27:04.371 PM]: Connection[id: 817ffd5a-140d-44c3-8b0b-59a9b7d919da] - authentication successful using: SNOWFLAKE"}
{"level":"INFO","message":"[3:27:04.373 PM]: Connection[id: 817ffd5a-140d-44c3-8b0b-59a9b7d919da] - connected successfully after 2.662000000011176 milliseconds"}
{"level":"INFO","message":"[3:27:04.741 PM]: Creating new connection object"}
{"level":"INFO","message":"[3:27:04.743 PM]: Creating Connection[id: 3bbed16c-3a0d-468a-a06d-2e393ad78546] with host: RMCVKYD-LK80402.snowflakecomputing.com, account: RMCVKYD-LK80402, accessUrl: https://RMCVKYD-LK80402.snowflakecomputing.com, user: TULIPRAAJ007, password is provided, role: undefined, database: ASSETERA, schema: PUBLIC, warehouse: COMPUTE_WH, region: undefined, authenticator: SNOWFLAKE, ocsp mode: FAIL_OPEN, os: win32, os version: 10.0.20348"}
{"level":"INFO","message":"[3:27:04.743 PM]: Connection[id: 3bbed16c-3a0d-468a-a06d-2e393ad78546] additional details: passcode in password is provided, passcode is not provided, private key is not provided, application: undefined, client name: snowflake-sdk, client version: 1.15.0, retry timeout: 300, private key path: undefined, private key pass is not provided, client store temporary credential: false, browser response timeout: 120000"}
{"level":"INFO","message":"[3:27:04.744 PM]: Connection[id: 3bbed16c-3a0d-468a-a06d-2e393ad78546] - connection object created successfully."}
{"level":"INFO","message":"[3:27:04.744 PM]: Connection[id: 3bbed16c-3a0d-468a-a06d-2e393ad78546] - connecting. Associated Snowflake domain: GLOBAL"}
{"level":"INFO","message":"[3:27:04.745 PM]: Connection[id: 3bbed16c-3a0d-468a-a06d-2e393ad78546] - authentication successful using: SNOWFLAKE"}
{"level":"INFO","message":"[3:27:04.746 PM]: Connection[id: 3bbed16c-3a0d-468a-a06d-2e393ad78546] - connected successfully after 1.566300000064075 milliseconds"}
{"level":"INFO","message":"[3:27:13.331 PM]: Creating new connection object"}
{"level":"INFO","message":"[3:27:13.334 PM]: Creating Connection[id: 07c04fc3-2a71-4f37-b893-b444e44266e5] with host: RMCVKYD-LK80402.snowflakecomputing.com, account: RMCVKYD-LK80402, accessUrl: https://RMCVKYD-LK80402.snowflakecomputing.com, user: TULIPRAAJ007, password is provided, role: undefined, database: ASSETERA, schema: PUBLIC, warehouse: COMPUTE_WH, region: undefined, authenticator: SNOWFLAKE, ocsp mode: FAIL_OPEN, os: win32, os version: 10.0.20348"}
{"level":"INFO","message":"[3:27:13.335 PM]: Connection[id: 07c04fc3-2a71-4f37-b893-b444e44266e5] additional details: passcode in password is provided, passcode is not provided, private key is not provided, application: undefined, client name: snowflake-sdk, client version: 1.15.0, retry timeout: 300, private key path: undefined, private key pass is not provided, client store temporary credential: false, browser response timeout: 120000"}
{"level":"INFO","message":"[3:27:13.336 PM]: Connection[id: 07c04fc3-2a71-4f37-b893-b444e44266e5] - connection object created successfully."}
{"level":"INFO","message":"[3:27:13.336 PM]: Connection[id: 07c04fc3-2a71-4f37-b893-b444e44266e5] - connecting. Associated Snowflake domain: GLOBAL"}
{"level":"INFO","message":"[3:27:13.337 PM]: Connection[id: 07c04fc3-2a71-4f37-b893-b444e44266e5] - authentication successful using: SNOWFLAKE"}
{"level":"INFO","message":"[3:27:13.338 PM]: Connection[id: 07c04fc3-2a71-4f37-b893-b444e44266e5] - connected successfully after 1.4840000001713634 milliseconds"}
{"level":"INFO","message":"[3:27:13.695 PM]: Creating new connection object"}
{"level":"INFO","message":"[3:27:13.697 PM]: Creating Connection[id: 62ca1ace-7966-4b15-a415-d77128224880] with host: RMCVKYD-LK80402.snowflakecomputing.com, account: RMCVKYD-LK80402, accessUrl: https://RMCVKYD-LK80402.snowflakecomputing.com, user: TULIPRAAJ007, password is provided, role: undefined, database: ASSETERA, schema: PUBLIC, warehouse: COMPUTE_WH, region: undefined, authenticator: SNOWFLAKE, ocsp mode: FAIL_OPEN, os: win32, os version: 10.0.20348"}
{"level":"INFO","message":"[3:27:13.697 PM]: Connection[id: 62ca1ace-7966-4b15-a415-d77128224880] additional details: passcode in password is provided, passcode is not provided, private key is not provided, application: undefined, client name: snowflake-sdk, client version: 1.15.0, retry timeout: 300, private key path: undefined, private key pass is not provided, client store temporary credential: false, browser response timeout: 120000"}
{"level":"INFO","message":"[3:27:13.698 PM]: Connection[id: 62ca1ace-7966-4b15-a415-d77128224880] - connection object created successfully."}
{"level":"INFO","message":"[3:27:13.698 PM]: Connection[id: 62ca1ace-7966-4b15-a415-d77128224880] - connecting. Associated Snowflake domain: GLOBAL"}
{"level":"INFO","message":"[3:27:13.698 PM]: Connection[id: 62ca1ace-7966-4b15-a415-d77128224880] - authentication successful using: SNOWFLAKE"}
{"level":"INFO","message":"[3:27:13.699 PM]: Connection[id: 62ca1ace-7966-4b15-a415-d77128224880] - connected successfully after 1.55489999987185 milliseconds"}
{"level":"INFO","message":"[3:28:20.418 PM]: Creating new connection object"}
{"level":"INFO","message":"[3:28:20.424 PM]: Creating Connection[id: 31dadae8-441a-4241-9325-c324b9b23104] with host: RMCVKYD-LK80402.snowflakecomputing.com, account: RMCVKYD-LK80402, accessUrl: https://RMCVKYD-LK80402.snowflakecomputing.com, user: TULIPRAAJ007, password is provided, role: undefined, database: ASSETERA, schema: PUBLIC, warehouse: COMPUTE_WH, region: undefined, authenticator: SNOWFLAKE, ocsp mode: FAIL_OPEN, os: win32, os version: 10.0.20348"}
{"level":"INFO","message":"[3:28:20.425 PM]: Connection[id: 31dadae8-441a-4241-9325-c324b9b23104] additional details: passcode in password is provided, passcode is not provided, private key is not provided, application: undefined, client name: snowflake-sdk, client version: 1.15.0, retry timeout: 300, private key path: undefined, private key pass is not provided, client store temporary credential: false, browser response timeout: 120000"}
{"level":"INFO","message":"[3:28:20.426 PM]: Connection[id: 31dadae8-441a-4241-9325-c324b9b23104] - connection object created successfully."}
{"level":"INFO","message":"[3:28:20.426 PM]: Connection[id: 31dadae8-441a-4241-9325-c324b9b23104] - connecting. Associated Snowflake domain: GLOBAL"}
{"level":"INFO","message":"[3:28:20.427 PM]: Connection[id: 31dadae8-441a-4241-9325-c324b9b23104] - authentication successful using: SNOWFLAKE"}
{"level":"INFO","message":"[3:28:20.427 PM]: Trying to initialize Easy Logging"}
{"level":"INFO","message":"[3:28:20.429 PM]: No client config detected."}
{"level":"INFO","message":"[3:28:20.430 PM]: No config file path found. Client config will not be used."}
{"level":"INFO","message":"[3:28:20.430 PM]: Easy Logging is disabled as no config has been found"}
{"level":"INFO","message":"[3:28:20.432 PM]: Connection[id: 31dadae8-441a-4241-9325-c324b9b23104] - connected successfully after 5.92629999993369 milliseconds"}
{"level":"INFO","message":"[3:28:20.992 PM]: Creating new connection object"}
{"level":"INFO","message":"[3:28:20.993 PM]: Creating Connection[id: c73266ae-c542-4f0f-b7f7-0c4af4f9aee4] with host: RMCVKYD-LK80402.snowflakecomputing.com, account: RMCVKYD-LK80402, accessUrl: https://RMCVKYD-LK80402.snowflakecomputing.com, user: TULIPRAAJ007, password is provided, role: undefined, database: ASSETERA, schema: PUBLIC, warehouse: COMPUTE_WH, region: undefined, authenticator: SNOWFLAKE, ocsp mode: FAIL_OPEN, os: win32, os version: 10.0.20348"}
{"level":"INFO","message":"[3:28:20.994 PM]: Connection[id: c73266ae-c542-4f0f-b7f7-0c4af4f9aee4] additional details: passcode in password is provided, passcode is not provided, private key is not provided, application: undefined, client name: snowflake-sdk, client version: 1.15.0, retry timeout: 300, private key path: undefined, private key pass is not provided, client store temporary credential: false, browser response timeout: 120000"}
{"level":"INFO","message":"[3:28:20.994 PM]: Connection[id: c73266ae-c542-4f0f-b7f7-0c4af4f9aee4] - connection object created successfully."}
{"level":"INFO","message":"[3:28:20.995 PM]: Connection[id: c73266ae-c542-4f0f-b7f7-0c4af4f9aee4] - connecting. Associated Snowflake domain: GLOBAL"}
{"level":"INFO","message":"[3:28:20.995 PM]: Connection[id: c73266ae-c542-4f0f-b7f7-0c4af4f9aee4] - authentication successful using: SNOWFLAKE"}
{"level":"INFO","message":"[3:28:20.996 PM]: Connection[id: c73266ae-c542-4f0f-b7f7-0c4af4f9aee4] - connected successfully after 1.5148000000044703 milliseconds"}
{"level":"INFO","message":"[3:28:31.564 PM]: Creating new connection object"}
{"level":"INFO","message":"[3:28:31.566 PM]: Creating Connection[id: 4bbda3bd-6041-4731-bda4-5524e79ae85c] with host: RMCVKYD-LK80402.snowflakecomputing.com, account: RMCVKYD-LK80402, accessUrl: https://RMCVKYD-LK80402.snowflakecomputing.com, user: TULIPRAAJ007, password is provided, role: undefined, database: ASSETERA, schema: PUBLIC, warehouse: COMPUTE_WH, region: undefined, authenticator: SNOWFLAKE, ocsp mode: FAIL_OPEN, os: win32, os version: 10.0.20348"}
{"level":"INFO","message":"[3:28:31.567 PM]: Connection[id: 4bbda3bd-6041-4731-bda4-5524e79ae85c] additional details: passcode in password is provided, passcode is not provided, private key is not provided, application: undefined, client name: snowflake-sdk, client version: 1.15.0, retry timeout: 300, private key path: undefined, private key pass is not provided, client store temporary credential: false, browser response timeout: 120000"}
{"level":"INFO","message":"[3:28:31.568 PM]: Connection[id: 4bbda3bd-6041-4731-bda4-5524e79ae85c] - connection object created successfully."}
{"level":"INFO","message":"[3:28:31.569 PM]: Connection[id: 4bbda3bd-6041-4731-bda4-5524e79ae85c] - connecting. Associated Snowflake domain: GLOBAL"}
{"level":"INFO","message":"[3:28:31.569 PM]: Connection[id: 4bbda3bd-6041-4731-bda4-5524e79ae85c] - authentication successful using: SNOWFLAKE"}
{"level":"INFO","message":"[3:28:31.571 PM]: Connection[id: 4bbda3bd-6041-4731-bda4-5524e79ae85c] - connected successfully after 1.8442999999970198 milliseconds"}
{"level":"INFO","message":"[3:28:32.164 PM]: Creating new connection object"}
{"level":"INFO","message":"[3:28:32.167 PM]: Creating Connection[id: ba937d3c-b8db-4934-b7d9-2260bf59b2a0] with host: RMCVKYD-LK80402.snowflakecomputing.com, account: RMCVKYD-LK80402, accessUrl: https://RMCVKYD-LK80402.snowflakecomputing.com, user: TULIPRAAJ007, password is provided, role: undefined, database: ASSETERA, schema: PUBLIC, warehouse: COMPUTE_WH, region: undefined, authenticator: SNOWFLAKE, ocsp mode: FAIL_OPEN, os: win32, os version: 10.0.20348"}
{"level":"INFO","message":"[3:28:32.167 PM]: Connection[id: ba937d3c-b8db-4934-b7d9-2260bf59b2a0] additional details: passcode in password is provided, passcode is not provided, private key is not provided, application: undefined, client name: snowflake-sdk, client version: 1.15.0, retry timeout: 300, private key path: undefined, private key pass is not provided, client store temporary credential: false, browser response timeout: 120000"}
{"level":"INFO","message":"[3:28:32.168 PM]: Connection[id: ba937d3c-b8db-4934-b7d9-2260bf59b2a0] - connection object created successfully."}
{"level":"INFO","message":"[3:28:32.168 PM]: Connection[id: ba937d3c-b8db-4934-b7d9-2260bf59b2a0] - connecting. Associated Snowflake domain: GLOBAL"}
{"level":"INFO","message":"[3:28:32.169 PM]: Connection[id: ba937d3c-b8db-4934-b7d9-2260bf59b2a0] - authentication successful using: SNOWFLAKE"}
{"level":"INFO","message":"[3:28:32.170 PM]: Connection[id: ba937d3c-b8db-4934-b7d9-2260bf59b2a0] - connected successfully after 1.8533999999053776 milliseconds"}
{"level":"INFO","message":"[3:28:53.951 PM]: Creating new connection object"}
{"level":"INFO","message":"[3:28:53.953 PM]: Creating Connection[id: d450fc40-7bf8-405f-a069-24db56761763] with host: RMCVKYD-LK80402.snowflakecomputing.com, account: RMCVKYD-LK80402, accessUrl: https://RMCVKYD-LK80402.snowflakecomputing.com, user: TULIPRAAJ007, password is provided, role: undefined, database: ASSETERA, schema: PUBLIC, warehouse: COMPUTE_WH, region: undefined, authenticator: SNOWFLAKE, ocsp mode: FAIL_OPEN, os: win32, os version: 10.0.20348"}
{"level":"INFO","message":"[3:28:53.954 PM]: Connection[id: d450fc40-7bf8-405f-a069-24db56761763] additional details: passcode in password is provided, passcode is not provided, private key is not provided, application: undefined, client name: snowflake-sdk, client version: 1.15.0, retry timeout: 300, private key path: undefined, private key pass is not provided, client store temporary credential: false, browser response timeout: 120000"}
{"level":"INFO","message":"[3:28:53.955 PM]: Connection[id: d450fc40-7bf8-405f-a069-24db56761763] - connection object created successfully."}
{"level":"INFO","message":"[3:28:53.955 PM]: Connection[id: d450fc40-7bf8-405f-a069-24db56761763] - connecting. Associated Snowflake domain: GLOBAL"}
{"level":"INFO","message":"[3:28:53.955 PM]: Connection[id: d450fc40-7bf8-405f-a069-24db56761763] - authentication successful using: SNOWFLAKE"}
{"level":"INFO","message":"[3:28:53.956 PM]: Connection[id: d450fc40-7bf8-405f-a069-24db56761763] - connected successfully after 1.0228999997489154 milliseconds"}
{"level":"INFO","message":"[3:28:54.279 PM]: Creating new connection object"}
{"level":"INFO","message":"[3:28:54.280 PM]: Creating Connection[id: 6dd20c42-7d59-4335-bbff-68ae3ce07e45] with host: RMCVKYD-LK80402.snowflakecomputing.com, account: RMCVKYD-LK80402, accessUrl: https://RMCVKYD-LK80402.snowflakecomputing.com, user: TULIPRAAJ007, password is provided, role: undefined, database: ASSETERA, schema: PUBLIC, warehouse: COMPUTE_WH, region: undefined, authenticator: SNOWFLAKE, ocsp mode: FAIL_OPEN, os: win32, os version: 10.0.20348"}
{"level":"INFO","message":"[3:28:54.281 PM]: Connection[id: 6dd20c42-7d59-4335-bbff-68ae3ce07e45] additional details: passcode in password is provided, passcode is not provided, private key is not provided, application: undefined, client name: snowflake-sdk, client version: 1.15.0, retry timeout: 300, private key path: undefined, private key pass is not provided, client store temporary credential: false, browser response timeout: 120000"}
{"level":"INFO","message":"[3:28:54.282 PM]: Connection[id: 6dd20c42-7d59-4335-bbff-68ae3ce07e45] - connection object created successfully."}
{"level":"INFO","message":"[3:28:54.283 PM]: Connection[id: 6dd20c42-7d59-4335-bbff-68ae3ce07e45] - connecting. Associated Snowflake domain: GLOBAL"}
{"level":"INFO","message":"[3:28:54.283 PM]: Connection[id: 6dd20c42-7d59-4335-bbff-68ae3ce07e45] - authentication successful using: SNOWFLAKE"}
{"level":"INFO","message":"[3:28:54.284 PM]: Connection[id: 6dd20c42-7d59-4335-bbff-68ae3ce07e45] - connected successfully after 1.5350000001490116 milliseconds"}
{"level":"INFO","message":"[3:29:00.310 PM]: Creating new connection object"}
{"level":"INFO","message":"[3:29:00.321 PM]: Creating Connection[id: c0247256-36f9-46a7-ad3d-13ced578e6ec] with host: RMCVKYD-LK80402.snowflakecomputing.com, account: RMCVKYD-LK80402, accessUrl: https://RMCVKYD-LK80402.snowflakecomputing.com, user: TULIPRAAJ007, password is provided, role: undefined, database: ASSETERA, schema: PUBLIC, warehouse: COMPUTE_WH, region: undefined, authenticator: SNOWFLAKE, ocsp mode: FAIL_OPEN, os: win32, os version: 10.0.20348"}
{"level":"INFO","message":"[3:29:00.323 PM]: Connection[id: c0247256-36f9-46a7-ad3d-13ced578e6ec] additional details: passcode in password is provided, passcode is not provided, private key is not provided, application: undefined, client name: snowflake-sdk, client version: 1.15.0, retry timeout: 300, private key path: undefined, private key pass is not provided, client store temporary credential: false, browser response timeout: 120000"}
{"level":"INFO","message":"[3:29:00.324 PM]: Connection[id: c0247256-36f9-46a7-ad3d-13ced578e6ec] - connection object created successfully."}
{"level":"INFO","message":"[3:29:00.324 PM]: Connection[id: c0247256-36f9-46a7-ad3d-13ced578e6ec] - connecting. Associated Snowflake domain: GLOBAL"}
{"level":"INFO","message":"[3:29:00.325 PM]: Connection[id: c0247256-36f9-46a7-ad3d-13ced578e6ec] - authentication successful using: SNOWFLAKE"}
{"level":"INFO","message":"[3:29:00.348 PM]: Connection[id: c0247256-36f9-46a7-ad3d-13ced578e6ec] - connected successfully after 23.486099999863654 milliseconds"}
{"level":"INFO","message":"[3:29:00.687 PM]: Creating new connection object"}
{"level":"INFO","message":"[3:29:00.688 PM]: Creating Connection[id: d10bf6ab-79bb-4f2a-9b89-13cff437cb3c] with host: RMCVKYD-LK80402.snowflakecomputing.com, account: RMCVKYD-LK80402, accessUrl: https://RMCVKYD-LK80402.snowflakecomputing.com, user: TULIPRAAJ007, password is provided, role: undefined, database: ASSETERA, schema: PUBLIC, warehouse: COMPUTE_WH, region: undefined, authenticator: SNOWFLAKE, ocsp mode: FAIL_OPEN, os: win32, os version: 10.0.20348"}
{"level":"INFO","message":"[3:29:00.689 PM]: Connection[id: d10bf6ab-79bb-4f2a-9b89-13cff437cb3c] additional details: passcode in password is provided, passcode is not provided, private key is not provided, application: undefined, client name: snowflake-sdk, client version: 1.15.0, retry timeout: 300, private key path: undefined, private key pass is not provided, client store temporary credential: false, browser response timeout: 120000"}
{"level":"INFO","message":"[3:29:00.690 PM]: Connection[id: d10bf6ab-79bb-4f2a-9b89-13cff437cb3c] - connection object created successfully."}
{"level":"INFO","message":"[3:29:00.690 PM]: Connection[id: d10bf6ab-79bb-4f2a-9b89-13cff437cb3c] - connecting. Associated Snowflake domain: GLOBAL"}
{"level":"INFO","message":"[3:29:00.691 PM]: Connection[id: d10bf6ab-79bb-4f2a-9b89-13cff437cb3c] - authentication successful using: SNOWFLAKE"}
{"level":"INFO","message":"[3:29:00.692 PM]: Connection[id: d10bf6ab-79bb-4f2a-9b89-13cff437cb3c] - connected successfully after 1.6014000000432134 milliseconds"}
{"level":"INFO","message":"[3:29:04.283 PM]: Creating new connection object"}
{"level":"INFO","message":"[3:29:04.284 PM]: Creating Connection[id: 21ba9b04-44a7-4362-afe0-81105dac5b33] with host: RMCVKYD-LK80402.snowflakecomputing.com, account: RMCVKYD-LK80402, accessUrl: https://RMCVKYD-LK80402.snowflakecomputing.com, user: TULIPRAAJ007, password is provided, role: undefined, database: ASSETERA, schema: PUBLIC, warehouse: COMPUTE_WH, region: undefined, authenticator: SNOWFLAKE, ocsp mode: FAIL_OPEN, os: win32, os version: 10.0.20348"}
{"level":"INFO","message":"[3:29:04.285 PM]: Connection[id: 21ba9b04-44a7-4362-afe0-81105dac5b33] additional details: passcode in password is provided, passcode is not provided, private key is not provided, application: undefined, client name: snowflake-sdk, client version: 1.15.0, retry timeout: 300, private key path: undefined, private key pass is not provided, client store temporary credential: false, browser response timeout: 120000"}
{"level":"INFO","message":"[3:29:04.286 PM]: Connection[id: 21ba9b04-44a7-4362-afe0-81105dac5b33] - connection object created successfully."}
{"level":"INFO","message":"[3:29:04.286 PM]: Connection[id: 21ba9b04-44a7-4362-afe0-81105dac5b33] - connecting. Associated Snowflake domain: GLOBAL"}
{"level":"INFO","message":"[3:29:04.287 PM]: Connection[id: 21ba9b04-44a7-4362-afe0-81105dac5b33] - authentication successful using: SNOWFLAKE"}
{"level":"INFO","message":"[3:29:04.288 PM]: Connection[id: 21ba9b04-44a7-4362-afe0-81105dac5b33] - connected successfully after 1.861600000411272 milliseconds"}
{"level":"INFO","message":"[3:29:04.410 PM]: Creating new connection object"}
{"level":"INFO","message":"[3:29:04.412 PM]: Creating Connection[id: 4a100ae7-f9d0-44e9-8a70-2e21ee0ff801] with host: RMCVKYD-LK80402.snowflakecomputing.com, account: RMCVKYD-LK80402, accessUrl: https://RMCVKYD-LK80402.snowflakecomputing.com, user: TULIPRAAJ007, password is provided, role: undefined, database: ASSETERA, schema: PUBLIC, warehouse: COMPUTE_WH, region: undefined, authenticator: SNOWFLAKE, ocsp mode: FAIL_OPEN, os: win32, os version: 10.0.20348"}
{"level":"INFO","message":"[3:29:04.413 PM]: Connection[id: 4a100ae7-f9d0-44e9-8a70-2e21ee0ff801] additional details: passcode in password is provided, passcode is not provided, private key is not provided, application: undefined, client name: snowflake-sdk, client version: 1.15.0, retry timeout: 300, private key path: undefined, private key pass is not provided, client store temporary credential: false, browser response timeout: 120000"}
{"level":"INFO","message":"[3:29:04.414 PM]: Connection[id: 4a100ae7-f9d0-44e9-8a70-2e21ee0ff801] - connection object created successfully."}
{"level":"INFO","message":"[3:29:04.415 PM]: Connection[id: 4a100ae7-f9d0-44e9-8a70-2e21ee0ff801] - connecting. Associated Snowflake domain: GLOBAL"}
{"level":"INFO","message":"[3:29:04.415 PM]: Connection[id: 4a100ae7-f9d0-44e9-8a70-2e21ee0ff801] - authentication successful using: SNOWFLAKE"}
{"level":"INFO","message":"[3:29:04.416 PM]: Connection[id: 4a100ae7-f9d0-44e9-8a70-2e21ee0ff801] - connected successfully after 1.5403999998234212 milliseconds"}
{"level":"INFO","message":"[3:29:42.041 PM]: Creating new connection object"}
{"level":"INFO","message":"[3:29:42.049 PM]: Creating Connection[id: e70668e0-dbb8-468e-997e-4d25c41631b0] with host: RMCVKYD-LK80402.snowflakecomputing.com, account: RMCVKYD-LK80402, accessUrl: https://RMCVKYD-LK80402.snowflakecomputing.com, user: TULIPRAAJ007, password is provided, role: undefined, database: ASSETERA, schema: PUBLIC, warehouse: COMPUTE_WH, region: undefined, authenticator: SNOWFLAKE, ocsp mode: FAIL_OPEN, os: win32, os version: 10.0.20348"}
{"level":"INFO","message":"[3:29:42.052 PM]: Connection[id: e70668e0-dbb8-468e-997e-4d25c41631b0] additional details: passcode in password is provided, passcode is not provided, private key is not provided, application: undefined, client name: snowflake-sdk, client version: 1.15.0, retry timeout: 300, private key path: undefined, private key pass is not provided, client store temporary credential: false, browser response timeout: 120000"}
{"level":"INFO","message":"[3:29:42.053 PM]: Connection[id: e70668e0-dbb8-468e-997e-4d25c41631b0] - connection object created successfully."}
{"level":"INFO","message":"[3:29:42.053 PM]: Connection[id: e70668e0-dbb8-468e-997e-4d25c41631b0] - connecting. Associated Snowflake domain: GLOBAL"}
{"level":"INFO","message":"[3:29:42.054 PM]: Connection[id: e70668e0-dbb8-468e-997e-4d25c41631b0] - authentication successful using: SNOWFLAKE"}
{"level":"INFO","message":"[3:29:42.054 PM]: Trying to initialize Easy Logging"}
{"level":"INFO","message":"[3:29:42.065 PM]: No client config detected."}
{"level":"INFO","message":"[3:29:42.066 PM]: No config file path found. Client config will not be used."}
{"level":"INFO","message":"[3:29:42.066 PM]: Easy Logging is disabled as no config has been found"}
{"level":"INFO","message":"[3:29:42.068 PM]: Connection[id: e70668e0-dbb8-468e-997e-4d25c41631b0] - connected successfully after 14.898399999830872 milliseconds"}
{"level":"INFO","message":"[3:29:42.645 PM]: Creating new connection object"}
{"level":"INFO","message":"[3:29:42.647 PM]: Creating Connection[id: 51430547-769f-4fee-a3b1-89d427e60fb9] with host: RMCVKYD-LK80402.snowflakecomputing.com, account: RMCVKYD-LK80402, accessUrl: https://RMCVKYD-LK80402.snowflakecomputing.com, user: TULIPRAAJ007, password is provided, role: undefined, database: ASSETERA, schema: PUBLIC, warehouse: COMPUTE_WH, region: undefined, authenticator: SNOWFLAKE, ocsp mode: FAIL_OPEN, os: win32, os version: 10.0.20348"}
{"level":"INFO","message":"[3:29:42.648 PM]: Connection[id: 51430547-769f-4fee-a3b1-89d427e60fb9] additional details: passcode in password is provided, passcode is not provided, private key is not provided, application: undefined, client name: snowflake-sdk, client version: 1.15.0, retry timeout: 300, private key path: undefined, private key pass is not provided, client store temporary credential: false, browser response timeout: 120000"}
{"level":"INFO","message":"[3:29:42.648 PM]: Connection[id: 51430547-769f-4fee-a3b1-89d427e60fb9] - connection object created successfully."}
{"level":"INFO","message":"[3:29:42.649 PM]: Connection[id: 51430547-769f-4fee-a3b1-89d427e60fb9] - connecting. Associated Snowflake domain: GLOBAL"}
{"level":"INFO","message":"[3:29:42.649 PM]: Connection[id: 51430547-769f-4fee-a3b1-89d427e60fb9] - authentication successful using: SNOWFLAKE"}
{"level":"INFO","message":"[3:29:42.650 PM]: Connection[id: 51430547-769f-4fee-a3b1-89d427e60fb9] - connected successfully after 0.9947999999858439 milliseconds"}
{"level":"INFO","message":"[3:30:25.298 PM]: Creating new connection object"}
{"level":"INFO","message":"[3:30:25.302 PM]: Creating Connection[id: fbbe2ff4-fbd1-484a-b886-abe61483def3] with host: RMCVKYD-LK80402.snowflakecomputing.com, account: RMCVKYD-LK80402, accessUrl: https://RMCVKYD-LK80402.snowflakecomputing.com, user: TULIPRAAJ007, password is provided, role: undefined, database: ASSETERA, schema: PUBLIC, warehouse: COMPUTE_WH, region: undefined, authenticator: SNOWFLAKE, ocsp mode: FAIL_OPEN, os: win32, os version: 10.0.20348"}
{"level":"INFO","message":"[3:30:25.303 PM]: Connection[id: fbbe2ff4-fbd1-484a-b886-abe61483def3] additional details: passcode in password is provided, passcode is not provided, private key is not provided, application: undefined, client name: snowflake-sdk, client version: 1.15.0, retry timeout: 300, private key path: undefined, private key pass is not provided, client store temporary credential: false, browser response timeout: 120000"}
{"level":"INFO","message":"[3:30:25.304 PM]: Connection[id: fbbe2ff4-fbd1-484a-b886-abe61483def3] - connection object created successfully."}
{"level":"INFO","message":"[3:30:25.304 PM]: Connection[id: fbbe2ff4-fbd1-484a-b886-abe61483def3] - connecting. Associated Snowflake domain: GLOBAL"}
{"level":"INFO","message":"[3:30:25.305 PM]: Connection[id: fbbe2ff4-fbd1-484a-b886-abe61483def3] - authentication successful using: SNOWFLAKE"}
{"level":"INFO","message":"[3:30:25.306 PM]: Trying to initialize Easy Logging"}
{"level":"INFO","message":"[3:30:25.314 PM]: No client config detected."}
{"level":"INFO","message":"[3:30:25.323 PM]: No config file path found. Client config will not be used."}
{"level":"INFO","message":"[3:30:25.323 PM]: Easy Logging is disabled as no config has been found"}
{"level":"INFO","message":"[3:30:25.325 PM]: Connection[id: fbbe2ff4-fbd1-484a-b886-abe61483def3] - connected successfully after 20.545399999711663 milliseconds"}
{"level":"INFO","message":"[3:30:26.245 PM]: Creating new connection object"}
{"level":"INFO","message":"[3:30:26.247 PM]: Creating Connection[id: 88d1911b-10a5-429c-a166-9d43c5a31b07] with host: RMCVKYD-LK80402.snowflakecomputing.com, account: RMCVKYD-LK80402, accessUrl: https://RMCVKYD-LK80402.snowflakecomputing.com, user: TULIPRAAJ007, password is provided, role: undefined, database: ASSETERA, schema: PUBLIC, warehouse: COMPUTE_WH, region: undefined, authenticator: SNOWFLAKE, ocsp mode: FAIL_OPEN, os: win32, os version: 10.0.20348"}
{"level":"INFO","message":"[3:30:26.248 PM]: Connection[id: 88d1911b-10a5-429c-a166-9d43c5a31b07] additional details: passcode in password is provided, passcode is not provided, private key is not provided, application: undefined, client name: snowflake-sdk, client version: 1.15.0, retry timeout: 300, private key path: undefined, private key pass is not provided, client store temporary credential: false, browser response timeout: 120000"}
{"level":"INFO","message":"[3:30:26.249 PM]: Connection[id: 88d1911b-10a5-429c-a166-9d43c5a31b07] - connection object created successfully."}
{"level":"INFO","message":"[3:30:26.249 PM]: Connection[id: 88d1911b-10a5-429c-a166-9d43c5a31b07] - connecting. Associated Snowflake domain: GLOBAL"}
{"level":"INFO","message":"[3:30:26.250 PM]: Connection[id: 88d1911b-10a5-429c-a166-9d43c5a31b07] - authentication successful using: SNOWFLAKE"}
{"level":"INFO","message":"[3:30:26.251 PM]: Connection[id: 88d1911b-10a5-429c-a166-9d43c5a31b07] - connected successfully after 1.8045999999158084 milliseconds"}
{"level":"INFO","message":"[3:30:30.143 PM]: Creating new connection object"}
{"level":"INFO","message":"[3:30:30.144 PM]: Creating Connection[id: 1c0fe83b-5672-44cd-b181-d800a2427c5d] with host: RMCVKYD-LK80402.snowflakecomputing.com, account: RMCVKYD-LK80402, accessUrl: https://RMCVKYD-LK80402.snowflakecomputing.com, user: TULIPRAAJ007, password is provided, role: undefined, database: ASSETERA, schema: PUBLIC, warehouse: COMPUTE_WH, region: undefined, authenticator: SNOWFLAKE, ocsp mode: FAIL_OPEN, os: win32, os version: 10.0.20348"}
{"level":"INFO","message":"[3:30:30.145 PM]: Connection[id: 1c0fe83b-5672-44cd-b181-d800a2427c5d] additional details: passcode in password is provided, passcode is not provided, private key is not provided, application: undefined, client name: snowflake-sdk, client version: 1.15.0, retry timeout: 300, private key path: undefined, private key pass is not provided, client store temporary credential: false, browser response timeout: 120000"}
{"level":"INFO","message":"[3:30:30.146 PM]: Connection[id: 1c0fe83b-5672-44cd-b181-d800a2427c5d] - connection object created successfully."}
{"level":"INFO","message":"[3:30:30.146 PM]: Connection[id: 1c0fe83b-5672-44cd-b181-d800a2427c5d] - connecting. Associated Snowflake domain: GLOBAL"}
{"level":"INFO","message":"[3:30:30.147 PM]: Connection[id: 1c0fe83b-5672-44cd-b181-d800a2427c5d] - authentication successful using: SNOWFLAKE"}
{"level":"INFO","message":"[3:30:30.148 PM]: Connection[id: 1c0fe83b-5672-44cd-b181-d800a2427c5d] - connected successfully after 1.5135000003501773 milliseconds"}
{"level":"INFO","message":"[3:30:30.789 PM]: Creating new connection object"}
{"level":"INFO","message":"[3:30:30.790 PM]: Creating Connection[id: 11e75297-9999-4472-b881-4e653461d308] with host: RMCVKYD-LK80402.snowflakecomputing.com, account: RMCVKYD-LK80402, accessUrl: https://RMCVKYD-LK80402.snowflakecomputing.com, user: TULIPRAAJ007, password is provided, role: undefined, database: ASSETERA, schema: PUBLIC, warehouse: COMPUTE_WH, region: undefined, authenticator: SNOWFLAKE, ocsp mode: FAIL_OPEN, os: win32, os version: 10.0.20348"}
{"level":"INFO","message":"[3:30:30.791 PM]: Connection[id: 11e75297-9999-4472-b881-4e653461d308] additional details: passcode in password is provided, passcode is not provided, private key is not provided, application: undefined, client name: snowflake-sdk, client version: 1.15.0, retry timeout: 300, private key path: undefined, private key pass is not provided, client store temporary credential: false, browser response timeout: 120000"}
{"level":"INFO","message":"[3:30:30.791 PM]: Connection[id: 11e75297-9999-4472-b881-4e653461d308] - connection object created successfully."}
{"level":"INFO","message":"[3:30:30.792 PM]: Connection[id: 11e75297-9999-4472-b881-4e653461d308] - connecting. Associated Snowflake domain: GLOBAL"}
{"level":"INFO","message":"[3:30:30.792 PM]: Connection[id: 11e75297-9999-4472-b881-4e653461d308] - authentication successful using: SNOWFLAKE"}
{"level":"INFO","message":"[3:30:30.793 PM]: Connection[id: 11e75297-9999-4472-b881-4e653461d308] - connected successfully after 1.2727999999187887 milliseconds"}
{"level":"INFO","message":"[3:30:45.047 PM]: Creating new connection object"}
{"level":"INFO","message":"[3:30:45.049 PM]: Creating Connection[id: 00542371-3292-444f-88eb-1bd97b4406ea] with host: RMCVKYD-LK80402.snowflakecomputing.com, account: RMCVKYD-LK80402, accessUrl: https://RMCVKYD-LK80402.snowflakecomputing.com, user: TULIPRAAJ007, password is provided, role: undefined, database: ASSETERA, schema: PUBLIC, warehouse: COMPUTE_WH, region: undefined, authenticator: SNOWFLAKE, ocsp mode: FAIL_OPEN, os: win32, os version: 10.0.20348"}
{"level":"INFO","message":"[3:30:45.049 PM]: Connection[id: 00542371-3292-444f-88eb-1bd97b4406ea] additional details: passcode in password is provided, passcode is not provided, private key is not provided, application: undefined, client name: snowflake-sdk, client version: 1.15.0, retry timeout: 300, private key path: undefined, private key pass is not provided, client store temporary credential: false, browser response timeout: 120000"}
{"level":"INFO","message":"[3:30:45.050 PM]: Connection[id: 00542371-3292-444f-88eb-1bd97b4406ea] - connection object created successfully."}
{"level":"INFO","message":"[3:30:45.050 PM]: Connection[id: 00542371-3292-444f-88eb-1bd97b4406ea] - connecting. Associated Snowflake domain: GLOBAL"}
{"level":"INFO","message":"[3:30:45.051 PM]: Connection[id: 00542371-3292-444f-88eb-1bd97b4406ea] - authentication successful using: SNOWFLAKE"}
{"level":"INFO","message":"[3:30:45.052 PM]: Connection[id: 00542371-3292-444f-88eb-1bd97b4406ea] - connected successfully after 1.6124999998137355 milliseconds"}
{"level":"INFO","message":"[3:30:45.735 PM]: Creating new connection object"}
{"level":"INFO","message":"[3:30:45.737 PM]: Creating Connection[id: 5afea73e-082c-4645-adae-7afbc991d327] with host: RMCVKYD-LK80402.snowflakecomputing.com, account: RMCVKYD-LK80402, accessUrl: https://RMCVKYD-LK80402.snowflakecomputing.com, user: TULIPRAAJ007, password is provided, role: undefined, database: ASSETERA, schema: PUBLIC, warehouse: COMPUTE_WH, region: undefined, authenticator: SNOWFLAKE, ocsp mode: FAIL_OPEN, os: win32, os version: 10.0.20348"}
{"level":"INFO","message":"[3:30:45.738 PM]: Connection[id: 5afea73e-082c-4645-adae-7afbc991d327] additional details: passcode in password is provided, passcode is not provided, private key is not provided, application: undefined, client name: snowflake-sdk, client version: 1.15.0, retry timeout: 300, private key path: undefined, private key pass is not provided, client store temporary credential: false, browser response timeout: 120000"}
{"level":"INFO","message":"[3:30:45.739 PM]: Connection[id: 5afea73e-082c-4645-adae-7afbc991d327] - connection object created successfully."}
{"level":"INFO","message":"[3:30:45.739 PM]: Connection[id: 5afea73e-082c-4645-adae-7afbc991d327] - connecting. Associated Snowflake domain: GLOBAL"}
{"level":"INFO","message":"[3:30:45.740 PM]: Connection[id: 5afea73e-082c-4645-adae-7afbc991d327] - authentication successful using: SNOWFLAKE"}
{"level":"INFO","message":"[3:30:45.741 PM]: Connection[id: 5afea73e-082c-4645-adae-7afbc991d327] - connected successfully after 1.7195999999530613 milliseconds"}
{"level":"INFO","message":"[3:30:47.803 PM]: Creating new connection object"}
{"level":"INFO","message":"[3:30:47.804 PM]: Creating Connection[id: 46c201ef-954a-4d45-8cac-cf1d44645bc5] with host: RMCVKYD-LK80402.snowflakecomputing.com, account: RMCVKYD-LK80402, accessUrl: https://RMCVKYD-LK80402.snowflakecomputing.com, user: TULIPRAAJ007, password is provided, role: undefined, database: ASSETERA, schema: PUBLIC, warehouse: COMPUTE_WH, region: undefined, authenticator: SNOWFLAKE, ocsp mode: FAIL_OPEN, os: win32, os version: 10.0.20348"}
{"level":"INFO","message":"[3:30:47.805 PM]: Connection[id: 46c201ef-954a-4d45-8cac-cf1d44645bc5] additional details: passcode in password is provided, passcode is not provided, private key is not provided, application: undefined, client name: snowflake-sdk, client version: 1.15.0, retry timeout: 300, private key path: undefined, private key pass is not provided, client store temporary credential: false, browser response timeout: 120000"}
{"level":"INFO","message":"[3:30:47.805 PM]: Connection[id: 46c201ef-954a-4d45-8cac-cf1d44645bc5] - connection object created successfully."}
{"level":"INFO","message":"[3:30:47.805 PM]: Connection[id: 46c201ef-954a-4d45-8cac-cf1d44645bc5] - connecting. Associated Snowflake domain: GLOBAL"}
{"level":"INFO","message":"[3:30:47.806 PM]: Connection[id: 46c201ef-954a-4d45-8cac-cf1d44645bc5] - authentication successful using: SNOWFLAKE"}
{"level":"INFO","message":"[3:30:47.806 PM]: Connection[id: 46c201ef-954a-4d45-8cac-cf1d44645bc5] - connected successfully after 1.0541999996639788 milliseconds"}
{"level":"INFO","message":"[3:30:48.252 PM]: Creating new connection object"}
{"level":"INFO","message":"[3:30:48.253 PM]: Creating Connection[id: ad4e53cb-60c6-47a8-a652-e90ca03dc4a6] with host: RMCVKYD-LK80402.snowflakecomputing.com, account: RMCVKYD-LK80402, accessUrl: https://RMCVKYD-LK80402.snowflakecomputing.com, user: TULIPRAAJ007, password is provided, role: undefined, database: ASSETERA, schema: PUBLIC, warehouse: COMPUTE_WH, region: undefined, authenticator: SNOWFLAKE, ocsp mode: FAIL_OPEN, os: win32, os version: 10.0.20348"}
{"level":"INFO","message":"[3:30:48.254 PM]: Connection[id: ad4e53cb-60c6-47a8-a652-e90ca03dc4a6] additional details: passcode in password is provided, passcode is not provided, private key is not provided, application: undefined, client name: snowflake-sdk, client version: 1.15.0, retry timeout: 300, private key path: undefined, private key pass is not provided, client store temporary credential: false, browser response timeout: 120000"}
{"level":"INFO","message":"[3:30:48.254 PM]: Connection[id: ad4e53cb-60c6-47a8-a652-e90ca03dc4a6] - connection object created successfully."}
{"level":"INFO","message":"[3:30:48.255 PM]: Connection[id: ad4e53cb-60c6-47a8-a652-e90ca03dc4a6] - connecting. Associated Snowflake domain: GLOBAL"}
{"level":"INFO","message":"[3:30:48.255 PM]: Connection[id: ad4e53cb-60c6-47a8-a652-e90ca03dc4a6] - authentication successful using: SNOWFLAKE"}
{"level":"INFO","message":"[3:30:48.256 PM]: Connection[id: ad4e53cb-60c6-47a8-a652-e90ca03dc4a6] - connected successfully after 1.410999999847263 milliseconds"}
{"level":"INFO","message":"[3:31:02.430 PM]: Creating new connection object"}
{"level":"INFO","message":"[3:31:02.432 PM]: Creating Connection[id: 671f6528-cc83-4b64-8bd6-d5c508131961] with host: RMCVKYD-LK80402.snowflakecomputing.com, account: RMCVKYD-LK80402, accessUrl: https://RMCVKYD-LK80402.snowflakecomputing.com, user: TULIPRAAJ007, password is provided, role: undefined, database: ASSETERA, schema: PUBLIC, warehouse: COMPUTE_WH, region: undefined, authenticator: SNOWFLAKE, ocsp mode: FAIL_OPEN, os: win32, os version: 10.0.20348"}
{"level":"INFO","message":"[3:31:02.433 PM]: Connection[id: 671f6528-cc83-4b64-8bd6-d5c508131961] additional details: passcode in password is provided, passcode is not provided, private key is not provided, application: undefined, client name: snowflake-sdk, client version: 1.15.0, retry timeout: 300, private key path: undefined, private key pass is not provided, client store temporary credential: false, browser response timeout: 120000"}
{"level":"INFO","message":"[3:31:02.434 PM]: Connection[id: 671f6528-cc83-4b64-8bd6-d5c508131961] - connection object created successfully."}
{"level":"INFO","message":"[3:31:02.434 PM]: Connection[id: 671f6528-cc83-4b64-8bd6-d5c508131961] - connecting. Associated Snowflake domain: GLOBAL"}
{"level":"INFO","message":"[3:31:02.435 PM]: Connection[id: 671f6528-cc83-4b64-8bd6-d5c508131961] - authentication successful using: SNOWFLAKE"}
{"level":"INFO","message":"[3:31:02.437 PM]: Connection[id: 671f6528-cc83-4b64-8bd6-d5c508131961] - connected successfully after 2.1574999997392297 milliseconds"}
{"level":"INFO","message":"[3:31:02.891 PM]: Creating new connection object"}
{"level":"INFO","message":"[3:31:02.892 PM]: Creating Connection[id: 7280af58-d68c-4b78-8f2a-bad5d5e0957e] with host: RMCVKYD-LK80402.snowflakecomputing.com, account: RMCVKYD-LK80402, accessUrl: https://RMCVKYD-LK80402.snowflakecomputing.com, user: TULIPRAAJ007, password is provided, role: undefined, database: ASSETERA, schema: PUBLIC, warehouse: COMPUTE_WH, region: undefined, authenticator: SNOWFLAKE, ocsp mode: FAIL_OPEN, os: win32, os version: 10.0.20348"}
{"level":"INFO","message":"[3:31:02.893 PM]: Connection[id: 7280af58-d68c-4b78-8f2a-bad5d5e0957e] additional details: passcode in password is provided, passcode is not provided, private key is not provided, application: undefined, client name: snowflake-sdk, client version: 1.15.0, retry timeout: 300, private key path: undefined, private key pass is not provided, client store temporary credential: false, browser response timeout: 120000"}
{"level":"INFO","message":"[3:31:02.893 PM]: Connection[id: 7280af58-d68c-4b78-8f2a-bad5d5e0957e] - connection object created successfully."}
{"level":"INFO","message":"[3:31:02.894 PM]: Connection[id: 7280af58-d68c-4b78-8f2a-bad5d5e0957e] - connecting. Associated Snowflake domain: GLOBAL"}
{"level":"INFO","message":"[3:31:02.894 PM]: Connection[id: 7280af58-d68c-4b78-8f2a-bad5d5e0957e] - authentication successful using: SNOWFLAKE"}
{"level":"INFO","message":"[3:31:02.895 PM]: Connection[id: 7280af58-d68c-4b78-8f2a-bad5d5e0957e] - connected successfully after 1.4897000002674758 milliseconds"}
{"level":"INFO","message":"[3:32:19.399 PM]: Creating new connection object"}
{"level":"INFO","message":"[3:32:19.405 PM]: Creating Connection[id: 2d4589cc-7b39-40ac-aa2e-8137b3cb3864] with host: RMCVKYD-LK80402.snowflakecomputing.com, account: RMCVKYD-LK80402, accessUrl: https://RMCVKYD-LK80402.snowflakecomputing.com, user: TULIPRAAJ007, password is provided, role: undefined, database: ASSETERA, schema: PUBLIC, warehouse: COMPUTE_WH, region: undefined, authenticator: SNOWFLAKE, ocsp mode: FAIL_OPEN, os: win32, os version: 10.0.20348"}
{"level":"INFO","message":"[3:32:19.406 PM]: Connection[id: 2d4589cc-7b39-40ac-aa2e-8137b3cb3864] additional details: passcode in password is provided, passcode is not provided, private key is not provided, application: undefined, client name: snowflake-sdk, client version: 1.15.0, retry timeout: 300, private key path: undefined, private key pass is not provided, client store temporary credential: false, browser response timeout: 120000"}
{"level":"INFO","message":"[3:32:19.406 PM]: Connection[id: 2d4589cc-7b39-40ac-aa2e-8137b3cb3864] - connection object created successfully."}
{"level":"INFO","message":"[3:32:19.407 PM]: Connection[id: 2d4589cc-7b39-40ac-aa2e-8137b3cb3864] - connecting. Associated Snowflake domain: GLOBAL"}
{"level":"INFO","message":"[3:32:19.407 PM]: Connection[id: 2d4589cc-7b39-40ac-aa2e-8137b3cb3864] - authentication successful using: SNOWFLAKE"}
{"level":"INFO","message":"[3:32:19.408 PM]: Trying to initialize Easy Logging"}
{"level":"INFO","message":"[3:32:19.410 PM]: No client config detected."}
{"level":"INFO","message":"[3:32:19.410 PM]: No config file path found. Client config will not be used."}
{"level":"INFO","message":"[3:32:19.420 PM]: Easy Logging is disabled as no config has been found"}
{"level":"INFO","message":"[3:32:19.423 PM]: Connection[id: 2d4589cc-7b39-40ac-aa2e-8137b3cb3864] - connected successfully after 15.975500000175089 milliseconds"}
{"level":"INFO","message":"[3:32:20.037 PM]: Creating new connection object"}
{"level":"INFO","message":"[3:32:20.039 PM]: Creating Connection[id: d7bc1ffd-2c66-453b-bf04-eb659140226b] with host: RMCVKYD-LK80402.snowflakecomputing.com, account: RMCVKYD-LK80402, accessUrl: https://RMCVKYD-LK80402.snowflakecomputing.com, user: TULIPRAAJ007, password is provided, role: undefined, database: ASSETERA, schema: PUBLIC, warehouse: COMPUTE_WH, region: undefined, authenticator: SNOWFLAKE, ocsp mode: FAIL_OPEN, os: win32, os version: 10.0.20348"}
{"level":"INFO","message":"[3:32:20.039 PM]: Connection[id: d7bc1ffd-2c66-453b-bf04-eb659140226b] additional details: passcode in password is provided, passcode is not provided, private key is not provided, application: undefined, client name: snowflake-sdk, client version: 1.15.0, retry timeout: 300, private key path: undefined, private key pass is not provided, client store temporary credential: false, browser response timeout: 120000"}
{"level":"INFO","message":"[3:32:20.040 PM]: Connection[id: d7bc1ffd-2c66-453b-bf04-eb659140226b] - connection object created successfully."}
{"level":"INFO","message":"[3:32:20.040 PM]: Connection[id: d7bc1ffd-2c66-453b-bf04-eb659140226b] - connecting. Associated Snowflake domain: GLOBAL"}
{"level":"INFO","message":"[3:32:20.041 PM]: Connection[id: d7bc1ffd-2c66-453b-bf04-eb659140226b] - authentication successful using: SNOWFLAKE"}
{"level":"INFO","message":"[3:32:20.042 PM]: Connection[id: d7bc1ffd-2c66-453b-bf04-eb659140226b] - connected successfully after 1.3410000000149012 milliseconds"}
{"level":"INFO","message":"[3:32:30.668 PM]: Creating new connection object"}
{"level":"INFO","message":"[3:32:30.670 PM]: Creating Connection[id: 379edaf3-91c5-4d74-b5bb-ae68f725d7c2] with host: RMCVKYD-LK80402.snowflakecomputing.com, account: RMCVKYD-LK80402, accessUrl: https://RMCVKYD-LK80402.snowflakecomputing.com, user: TULIPRAAJ007, password is provided, role: undefined, database: ASSETERA, schema: PUBLIC, warehouse: COMPUTE_WH, region: undefined, authenticator: SNOWFLAKE, ocsp mode: FAIL_OPEN, os: win32, os version: 10.0.20348"}
{"level":"INFO","message":"[3:32:30.670 PM]: Connection[id: 379edaf3-91c5-4d74-b5bb-ae68f725d7c2] additional details: passcode in password is provided, passcode is not provided, private key is not provided, application: undefined, client name: snowflake-sdk, client version: 1.15.0, retry timeout: 300, private key path: undefined, private key pass is not provided, client store temporary credential: false, browser response timeout: 120000"}
{"level":"INFO","message":"[3:32:30.671 PM]: Connection[id: 379edaf3-91c5-4d74-b5bb-ae68f725d7c2] - connection object created successfully."}
{"level":"INFO","message":"[3:32:30.671 PM]: Connection[id: 379edaf3-91c5-4d74-b5bb-ae68f725d7c2] - connecting. Associated Snowflake domain: GLOBAL"}
{"level":"INFO","message":"[3:32:30.672 PM]: Connection[id: 379edaf3-91c5-4d74-b5bb-ae68f725d7c2] - authentication successful using: SNOWFLAKE"}
{"level":"INFO","message":"[3:32:30.673 PM]: Connection[id: 379edaf3-91c5-4d74-b5bb-ae68f725d7c2] - connected successfully after 1.47289999993518 milliseconds"}
{"level":"INFO","message":"[3:32:31.374 PM]: Creating new connection object"}
{"level":"INFO","message":"[3:32:31.376 PM]: Creating Connection[id: 9841d3b7-dcff-4ef8-809f-59ae9ab2a8d4] with host: RMCVKYD-LK80402.snowflakecomputing.com, account: RMCVKYD-LK80402, accessUrl: https://RMCVKYD-LK80402.snowflakecomputing.com, user: TULIPRAAJ007, password is provided, role: undefined, database: ASSETERA, schema: PUBLIC, warehouse: COMPUTE_WH, region: undefined, authenticator: SNOWFLAKE, ocsp mode: FAIL_OPEN, os: win32, os version: 10.0.20348"}
{"level":"INFO","message":"[3:32:31.377 PM]: Connection[id: 9841d3b7-dcff-4ef8-809f-59ae9ab2a8d4] additional details: passcode in password is provided, passcode is not provided, private key is not provided, application: undefined, client name: snowflake-sdk, client version: 1.15.0, retry timeout: 300, private key path: undefined, private key pass is not provided, client store temporary credential: false, browser response timeout: 120000"}
{"level":"INFO","message":"[3:32:31.377 PM]: Connection[id: 9841d3b7-dcff-4ef8-809f-59ae9ab2a8d4] - connection object created successfully."}
{"level":"INFO","message":"[3:32:31.378 PM]: Connection[id: 9841d3b7-dcff-4ef8-809f-59ae9ab2a8d4] - connecting. Associated Snowflake domain: GLOBAL"}
{"level":"INFO","message":"[3:32:31.378 PM]: Connection[id: 9841d3b7-dcff-4ef8-809f-59ae9ab2a8d4] - authentication successful using: SNOWFLAKE"}
{"level":"INFO","message":"[3:32:31.379 PM]: Connection[id: 9841d3b7-dcff-4ef8-809f-59ae9ab2a8d4] - connected successfully after 1.2937999996356666 milliseconds"}
{"level":"INFO","message":"[3:32:53.830 PM]: Creating new connection object"}
{"level":"INFO","message":"[3:32:53.910 PM]: Creating Connection[id: 770d99c5-5718-4d79-8ccb-b4c790a445cd] with host: RMCVKYD-LK80402.snowflakecomputing.com, account: RMCVKYD-LK80402, accessUrl: https://RMCVKYD-LK80402.snowflakecomputing.com, user: TULIPRAAJ007, password is provided, role: undefined, database: ASSETERA, schema: PUBLIC, warehouse: COMPUTE_WH, region: undefined, authenticator: SNOWFLAKE, ocsp mode: FAIL_OPEN, os: win32, os version: 10.0.20348"}
{"level":"INFO","message":"[3:32:53.913 PM]: Connection[id: 770d99c5-5718-4d79-8ccb-b4c790a445cd] additional details: passcode in password is provided, passcode is not provided, private key is not provided, application: undefined, client name: snowflake-sdk, client version: 1.15.0, retry timeout: 300, private key path: undefined, private key pass is not provided, client store temporary credential: false, browser response timeout: 120000"}
{"level":"INFO","message":"[3:32:53.915 PM]: Connection[id: 770d99c5-5718-4d79-8ccb-b4c790a445cd] - connection object created successfully."}
{"level":"INFO","message":"[3:32:53.915 PM]: Connection[id: 770d99c5-5718-4d79-8ccb-b4c790a445cd] - connecting. Associated Snowflake domain: GLOBAL"}
{"level":"INFO","message":"[3:32:53.916 PM]: Connection[id: 770d99c5-5718-4d79-8ccb-b4c790a445cd] - authentication successful using: SNOWFLAKE"}
{"level":"INFO","message":"[3:32:53.917 PM]: Connection[id: 770d99c5-5718-4d79-8ccb-b4c790a445cd] - connected successfully after 2.0768999997526407 milliseconds"}
{"level":"INFO","message":"[3:32:54.276 PM]: Creating new connection object"}
{"level":"INFO","message":"[3:32:54.278 PM]: Creating Connection[id: 2995a028-13e3-4b1a-bd89-d2621d42daa0] with host: RMCVKYD-LK80402.snowflakecomputing.com, account: RMCVKYD-LK80402, accessUrl: https://RMCVKYD-LK80402.snowflakecomputing.com, user: TULIPRAAJ007, password is provided, role: undefined, database: ASSETERA, schema: PUBLIC, warehouse: COMPUTE_WH, region: undefined, authenticator: SNOWFLAKE, ocsp mode: FAIL_OPEN, os: win32, os version: 10.0.20348"}
{"level":"INFO","message":"[3:32:54.278 PM]: Connection[id: 2995a028-13e3-4b1a-bd89-d2621d42daa0] additional details: passcode in password is provided, passcode is not provided, private key is not provided, application: undefined, client name: snowflake-sdk, client version: 1.15.0, retry timeout: 300, private key path: undefined, private key pass is not provided, client store temporary credential: false, browser response timeout: 120000"}
{"level":"INFO","message":"[3:32:54.279 PM]: Connection[id: 2995a028-13e3-4b1a-bd89-d2621d42daa0] - connection object created successfully."}
{"level":"INFO","message":"[3:32:54.279 PM]: Connection[id: 2995a028-13e3-4b1a-bd89-d2621d42daa0] - connecting. Associated Snowflake domain: GLOBAL"}
{"level":"INFO","message":"[3:32:54.280 PM]: Connection[id: 2995a028-13e3-4b1a-bd89-d2621d42daa0] - authentication successful using: SNOWFLAKE"}
{"level":"INFO","message":"[3:32:54.281 PM]: Connection[id: 2995a028-13e3-4b1a-bd89-d2621d42daa0] - connected successfully after 1.11670000012964 milliseconds"}
{"level":"INFO","message":"[3:33:08.069 PM]: Creating new connection object"}
{"level":"INFO","message":"[3:33:08.076 PM]: Creating Connection[id: 85e504f2-8929-4cb9-9410-7c57531f91b9] with host: RMCVKYD-LK80402.snowflakecomputing.com, account: RMCVKYD-LK80402, accessUrl: https://RMCVKYD-LK80402.snowflakecomputing.com, user: TULIPRAAJ007, password is provided, role: undefined, database: ASSETERA, schema: PUBLIC, warehouse: COMPUTE_WH, region: undefined, authenticator: SNOWFLAKE, ocsp mode: FAIL_OPEN, os: win32, os version: 10.0.20348"}
{"level":"INFO","message":"[3:33:08.082 PM]: Connection[id: 85e504f2-8929-4cb9-9410-7c57531f91b9] additional details: passcode in password is provided, passcode is not provided, private key is not provided, application: undefined, client name: snowflake-sdk, client version: 1.15.0, retry timeout: 300, private key path: undefined, private key pass is not provided, client store temporary credential: false, browser response timeout: 120000"}
{"level":"INFO","message":"[3:33:08.083 PM]: Connection[id: 85e504f2-8929-4cb9-9410-7c57531f91b9] - connection object created successfully."}
{"level":"INFO","message":"[3:33:08.084 PM]: Connection[id: 85e504f2-8929-4cb9-9410-7c57531f91b9] - connecting. Associated Snowflake domain: GLOBAL"}
{"level":"INFO","message":"[3:33:08.084 PM]: Connection[id: 85e504f2-8929-4cb9-9410-7c57531f91b9] - authentication successful using: SNOWFLAKE"}
{"level":"INFO","message":"[3:33:08.085 PM]: Trying to initialize Easy Logging"}
{"level":"INFO","message":"[3:33:08.087 PM]: No client config detected."}
{"level":"INFO","message":"[3:33:08.092 PM]: No config file path found. Client config will not be used."}
{"level":"INFO","message":"[3:33:08.100 PM]: Easy Logging is disabled as no config has been found"}
{"level":"INFO","message":"[3:33:08.102 PM]: Connection[id: 85e504f2-8929-4cb9-9410-7c57531f91b9] - connected successfully after 18.14419999998063 milliseconds"}
{"level":"INFO","message":"[3:33:41.427 PM]: Creating new connection object"}
{"level":"INFO","message":"[3:33:41.445 PM]: Creating Connection[id: b59aaadc-d808-40e1-ad94-16d55500d2a7] with host: RMCVKYD-LK80402.snowflakecomputing.com, account: RMCVKYD-LK80402, accessUrl: https://RMCVKYD-LK80402.snowflakecomputing.com, user: TULIPRAAJ007, password is provided, role: undefined, database: ASSETERA, schema: PUBLIC, warehouse: COMPUTE_WH, region: undefined, authenticator: SNOWFLAKE, ocsp mode: FAIL_OPEN, os: win32, os version: 10.0.20348"}
{"level":"INFO","message":"[3:33:41.452 PM]: Connection[id: b59aaadc-d808-40e1-ad94-16d55500d2a7] additional details: passcode in password is provided, passcode is not provided, private key is not provided, application: undefined, client name: snowflake-sdk, client version: 1.15.0, retry timeout: 300, private key path: undefined, private key pass is not provided, client store temporary credential: false, browser response timeout: 120000"}
{"level":"INFO","message":"[3:33:41.471 PM]: Connection[id: b59aaadc-d808-40e1-ad94-16d55500d2a7] - connection object created successfully."}
{"level":"INFO","message":"[3:33:41.473 PM]: Connection[id: b59aaadc-d808-40e1-ad94-16d55500d2a7] - connecting. Associated Snowflake domain: GLOBAL"}
{"level":"INFO","message":"[3:33:41.474 PM]: Connection[id: b59aaadc-d808-40e1-ad94-16d55500d2a7] - authentication successful using: SNOWFLAKE"}
{"level":"INFO","message":"[3:33:41.513 PM]: Connection[id: b59aaadc-d808-40e1-ad94-16d55500d2a7] - connected successfully after 40.06510000023991 milliseconds"}
{"level":"INFO","message":"[3:55:42.904 PM]: Creating new connection object"}
{"level":"INFO","message":"[3:55:42.906 PM]: Creating Connection[id: bb302e72-0c69-406a-8e90-15a4d6aa771f] with host: RMCVKYD-LK80402.snowflakecomputing.com, account: RMCVKYD-LK80402, accessUrl: https://RMCVKYD-LK80402.snowflakecomputing.com, user: TULIPRAAJ007, password is provided, role: undefined, database: ASSETERA, schema: PUBLIC, warehouse: COMPUTE_WH, region: undefined, authenticator: SNOWFLAKE, ocsp mode: FAIL_OPEN, os: win32, os version: 10.0.20348"}
{"level":"INFO","message":"[3:55:42.909 PM]: Connection[id: bb302e72-0c69-406a-8e90-15a4d6aa771f] additional details: passcode in password is provided, passcode is not provided, private key is not provided, application: undefined, client name: snowflake-sdk, client version: 1.15.0, retry timeout: 300, private key path: undefined, private key pass is not provided, client store temporary credential: false, browser response timeout: 120000"}
{"level":"INFO","message":"[3:55:42.915 PM]: Connection[id: bb302e72-0c69-406a-8e90-15a4d6aa771f] - connection object created successfully."}
{"level":"INFO","message":"[3:55:42.916 PM]: Connection[id: bb302e72-0c69-406a-8e90-15a4d6aa771f] - connecting. Associated Snowflake domain: GLOBAL"}
{"level":"INFO","message":"[3:55:42.917 PM]: Connection[id: bb302e72-0c69-406a-8e90-15a4d6aa771f] - authentication successful using: SNOWFLAKE"}
{"level":"INFO","message":"[3:55:42.918 PM]: Connection[id: bb302e72-0c69-406a-8e90-15a4d6aa771f] - connected successfully after 2.1286000004038215 milliseconds"}
{"level":"INFO","message":"[3:57:25.537 PM]: Creating new connection object"}
{"level":"INFO","message":"[3:57:25.546 PM]: Creating Connection[id: 0c11a356-6e15-4759-94b0-aecedfb55dd4] with host: RMCVKYD-LK80402.snowflakecomputing.com, account: RMCVKYD-LK80402, accessUrl: https://RMCVKYD-LK80402.snowflakecomputing.com, user: TULIPRAAJ007, password is provided, role: undefined, database: ASSETERA, schema: PUBLIC, warehouse: COMPUTE_WH, region: undefined, authenticator: SNOWFLAKE, ocsp mode: FAIL_OPEN, os: win32, os version: 10.0.20348"}
{"level":"INFO","message":"[3:57:25.552 PM]: Connection[id: 0c11a356-6e15-4759-94b0-aecedfb55dd4] additional details: passcode in password is provided, passcode is not provided, private key is not provided, application: undefined, client name: snowflake-sdk, client version: 1.15.0, retry timeout: 300, private key path: undefined, private key pass is not provided, client store temporary credential: false, browser response timeout: 120000"}
{"level":"INFO","message":"[3:57:25.553 PM]: Connection[id: 0c11a356-6e15-4759-94b0-aecedfb55dd4] - connection object created successfully."}
{"level":"INFO","message":"[3:57:25.558 PM]: Connection[id: 0c11a356-6e15-4759-94b0-aecedfb55dd4] - connecting. Associated Snowflake domain: GLOBAL"}
{"level":"INFO","message":"[3:57:25.560 PM]: Connection[id: 0c11a356-6e15-4759-94b0-aecedfb55dd4] - authentication successful using: SNOWFLAKE"}
{"level":"INFO","message":"[3:57:25.562 PM]: Connection[id: 0c11a356-6e15-4759-94b0-aecedfb55dd4] - connected successfully after 3.63880000077188 milliseconds"}
{"level":"INFO","message":"[3:58:02.126 PM]: Creating new connection object"}
{"level":"INFO","message":"[3:58:02.140 PM]: Creating Connection[id: be5e8f90-dc59-427d-b256-3b3ad3847e17] with host: RMCVKYD-LK80402.snowflakecomputing.com, account: RMCVKYD-LK80402, accessUrl: https://RMCVKYD-LK80402.snowflakecomputing.com, user: TULIPRAAJ007, password is provided, role: undefined, database: ASSETERA, schema: PUBLIC, warehouse: COMPUTE_WH, region: undefined, authenticator: SNOWFLAKE, ocsp mode: FAIL_OPEN, os: win32, os version: 10.0.20348"}
{"level":"INFO","message":"[3:58:02.143 PM]: Connection[id: be5e8f90-dc59-427d-b256-3b3ad3847e17] additional details: passcode in password is provided, passcode is not provided, private key is not provided, application: undefined, client name: snowflake-sdk, client version: 1.15.0, retry timeout: 300, private key path: undefined, private key pass is not provided, client store temporary credential: false, browser response timeout: 120000"}
{"level":"INFO","message":"[3:58:02.144 PM]: Connection[id: be5e8f90-dc59-427d-b256-3b3ad3847e17] - connection object created successfully."}
{"level":"INFO","message":"[3:58:02.145 PM]: Connection[id: be5e8f90-dc59-427d-b256-3b3ad3847e17] - connecting. Associated Snowflake domain: GLOBAL"}
{"level":"INFO","message":"[3:58:02.146 PM]: Connection[id: be5e8f90-dc59-427d-b256-3b3ad3847e17] - authentication successful using: SNOWFLAKE"}
{"level":"INFO","message":"[3:58:02.147 PM]: Trying to initialize Easy Logging"}
{"level":"INFO","message":"[3:58:02.174 PM]: No client config detected."}
{"level":"INFO","message":"[3:58:02.174 PM]: No config file path found. Client config will not be used."}
{"level":"INFO","message":"[3:58:02.187 PM]: Easy Logging is disabled as no config has been found"}
{"level":"INFO","message":"[3:58:02.190 PM]: Connection[id: be5e8f90-dc59-427d-b256-3b3ad3847e17] - connected successfully after 45.49920000042766 milliseconds"}
{"level":"INFO","message":"[4:02:55.557 PM]: Creating new connection object"}
{"level":"INFO","message":"[4:02:55.570 PM]: Creating Connection[id: 9920f81b-9e17-44c0-9df0-0fb84e6549fe] with host: RMCVKYD-LK80402.snowflakecomputing.com, account: RMCVKYD-LK80402, accessUrl: https://RMCVKYD-LK80402.snowflakecomputing.com, user: TULIPRAAJ007, password is provided, role: undefined, database: ASSETERA, schema: PUBLIC, warehouse: COMPUTE_WH, region: undefined, authenticator: SNOWFLAKE, ocsp mode: FAIL_OPEN, os: win32, os version: 10.0.20348"}
{"level":"INFO","message":"[4:02:55.572 PM]: Connection[id: 9920f81b-9e17-44c0-9df0-0fb84e6549fe] additional details: passcode in password is provided, passcode is not provided, private key is not provided, application: undefined, client name: snowflake-sdk, client version: 1.15.0, retry timeout: 300, private key path: undefined, private key pass is not provided, client store temporary credential: false, browser response timeout: 120000"}
{"level":"INFO","message":"[4:02:55.573 PM]: Connection[id: 9920f81b-9e17-44c0-9df0-0fb84e6549fe] - connection object created successfully."}
{"level":"INFO","message":"[4:02:55.574 PM]: Connection[id: 9920f81b-9e17-44c0-9df0-0fb84e6549fe] - connecting. Associated Snowflake domain: GLOBAL"}
{"level":"INFO","message":"[4:02:55.576 PM]: Connection[id: 9920f81b-9e17-44c0-9df0-0fb84e6549fe] - authentication successful using: SNOWFLAKE"}
{"level":"INFO","message":"[4:02:55.583 PM]: Trying to initialize Easy Logging"}
{"level":"INFO","message":"[4:02:55.586 PM]: No client config detected."}
{"level":"INFO","message":"[4:02:55.587 PM]: No config file path found. Client config will not be used."}
{"level":"INFO","message":"[4:02:55.588 PM]: Easy Logging is disabled as no config has been found"}
{"level":"INFO","message":"[4:02:55.591 PM]: Connection[id: 9920f81b-9e17-44c0-9df0-0fb84e6549fe] - connected successfully after 17.10149999987334 milliseconds"}
{"level":"INFO","message":"[4:04:44.471 PM]: Creating new connection object"}
{"level":"INFO","message":"[4:04:44.478 PM]: Creating Connection[id: e377001d-2192-495f-9d25-4f6e02fce81d] with host: RMCVKYD-LK80402.snowflakecomputing.com, account: RMCVKYD-LK80402, accessUrl: https://RMCVKYD-LK80402.snowflakecomputing.com, user: TULIPRAAJ007, password is provided, role: undefined, database: ASSETERA, schema: PUBLIC, warehouse: COMPUTE_WH, region: undefined, authenticator: SNOWFLAKE, ocsp mode: FAIL_OPEN, os: win32, os version: 10.0.20348"}
{"level":"INFO","message":"[4:04:44.480 PM]: Connection[id: e377001d-2192-495f-9d25-4f6e02fce81d] additional details: passcode in password is provided, passcode is not provided, private key is not provided, application: undefined, client name: snowflake-sdk, client version: 1.15.0, retry timeout: 300, private key path: undefined, private key pass is not provided, client store temporary credential: false, browser response timeout: 120000"}
{"level":"INFO","message":"[4:04:44.487 PM]: Connection[id: e377001d-2192-495f-9d25-4f6e02fce81d] - connection object created successfully."}
{"level":"INFO","message":"[4:04:44.489 PM]: Connection[id: e377001d-2192-495f-9d25-4f6e02fce81d] - connecting. Associated Snowflake domain: GLOBAL"}
{"level":"INFO","message":"[4:04:44.491 PM]: Connection[id: e377001d-2192-495f-9d25-4f6e02fce81d] - authentication successful using: SNOWFLAKE"}
{"level":"INFO","message":"[4:04:44.491 PM]: Trying to initialize Easy Logging"}
{"level":"INFO","message":"[4:04:44.493 PM]: No client config detected."}
{"level":"INFO","message":"[4:04:44.493 PM]: No config file path found. Client config will not be used."}
{"level":"INFO","message":"[4:04:44.495 PM]: Easy Logging is disabled as no config has been found"}
{"level":"INFO","message":"[4:04:44.510 PM]: Connection[id: e377001d-2192-495f-9d25-4f6e02fce81d] - connected successfully after 21.162399999797344 milliseconds"}
{"level":"INFO","message":"[4:05:00.327 PM]: Creating new connection object"}
{"level":"INFO","message":"[4:05:00.332 PM]: Creating Connection[id: 03d80917-cb87-4bf4-93d6-29cec4f2fab7] with host: RMCVKYD-LK80402.snowflakecomputing.com, account: RMCVKYD-LK80402, accessUrl: https://RMCVKYD-LK80402.snowflakecomputing.com, user: TULIPRAAJ007, password is provided, role: undefined, database: ASSETERA, schema: PUBLIC, warehouse: COMPUTE_WH, region: undefined, authenticator: SNOWFLAKE, ocsp mode: FAIL_OPEN, os: win32, os version: 10.0.20348"}
{"level":"INFO","message":"[4:05:00.332 PM]: Connection[id: 03d80917-cb87-4bf4-93d6-29cec4f2fab7] additional details: passcode in password is provided, passcode is not provided, private key is not provided, application: undefined, client name: snowflake-sdk, client version: 1.15.0, retry timeout: 300, private key path: undefined, private key pass is not provided, client store temporary credential: false, browser response timeout: 120000"}
{"level":"INFO","message":"[4:05:00.333 PM]: Connection[id: 03d80917-cb87-4bf4-93d6-29cec4f2fab7] - connection object created successfully."}
{"level":"INFO","message":"[4:05:00.334 PM]: Connection[id: 03d80917-cb87-4bf4-93d6-29cec4f2fab7] - connecting. Associated Snowflake domain: GLOBAL"}
{"level":"INFO","message":"[4:05:00.335 PM]: Connection[id: 03d80917-cb87-4bf4-93d6-29cec4f2fab7] - authentication successful using: SNOWFLAKE"}
{"level":"INFO","message":"[4:05:00.336 PM]: Trying to initialize Easy Logging"}
{"level":"INFO","message":"[4:05:00.337 PM]: No client config detected."}
{"level":"INFO","message":"[4:05:00.338 PM]: No config file path found. Client config will not be used."}
{"level":"INFO","message":"[4:05:00.340 PM]: Easy Logging is disabled as no config has been found"}
{"level":"INFO","message":"[4:05:00.349 PM]: Connection[id: 03d80917-cb87-4bf4-93d6-29cec4f2fab7] - connected successfully after 14.775100000202656 milliseconds"}
{"level":"INFO","message":"[4:05:00.893 PM]: Creating new connection object"}
{"level":"INFO","message":"[4:05:00.895 PM]: Creating Connection[id: cea0e375-d90c-4060-b60a-35a68344aa95] with host: RMCVKYD-LK80402.snowflakecomputing.com, account: RMCVKYD-LK80402, accessUrl: https://RMCVKYD-LK80402.snowflakecomputing.com, user: TULIPRAAJ007, password is provided, role: undefined, database: ASSETERA, schema: PUBLIC, warehouse: COMPUTE_WH, region: undefined, authenticator: SNOWFLAKE, ocsp mode: FAIL_OPEN, os: win32, os version: 10.0.20348"}
{"level":"INFO","message":"[4:05:00.896 PM]: Connection[id: cea0e375-d90c-4060-b60a-35a68344aa95] additional details: passcode in password is provided, passcode is not provided, private key is not provided, application: undefined, client name: snowflake-sdk, client version: 1.15.0, retry timeout: 300, private key path: undefined, private key pass is not provided, client store temporary credential: false, browser response timeout: 120000"}
{"level":"INFO","message":"[4:05:00.896 PM]: Connection[id: cea0e375-d90c-4060-b60a-35a68344aa95] - connection object created successfully."}
{"level":"INFO","message":"[4:05:00.897 PM]: Connection[id: cea0e375-d90c-4060-b60a-35a68344aa95] - connecting. Associated Snowflake domain: GLOBAL"}
{"level":"INFO","message":"[4:05:00.897 PM]: Connection[id: cea0e375-d90c-4060-b60a-35a68344aa95] - authentication successful using: SNOWFLAKE"}
{"level":"INFO","message":"[4:05:00.898 PM]: Connection[id: cea0e375-d90c-4060-b60a-35a68344aa95] - connected successfully after 1.415000000037253 milliseconds"}
{"level":"INFO","message":"[4:06:26.398 PM]: Creating new connection object"}
{"level":"INFO","message":"[4:06:26.403 PM]: Creating Connection[id: 52a6981e-2e1f-4132-b82c-3fb6033cd224] with host: RMCVKYD-LK80402.snowflakecomputing.com, account: RMCVKYD-LK80402, accessUrl: https://RMCVKYD-LK80402.snowflakecomputing.com, user: TULIPRAAJ007, password is provided, role: undefined, database: ASSETERA, schema: PUBLIC, warehouse: COMPUTE_WH, region: undefined, authenticator: SNOWFLAKE, ocsp mode: FAIL_OPEN, os: win32, os version: 10.0.20348"}
{"level":"INFO","message":"[4:06:26.404 PM]: Connection[id: 52a6981e-2e1f-4132-b82c-3fb6033cd224] additional details: passcode in password is provided, passcode is not provided, private key is not provided, application: undefined, client name: snowflake-sdk, client version: 1.15.0, retry timeout: 300, private key path: undefined, private key pass is not provided, client store temporary credential: false, browser response timeout: 120000"}
{"level":"INFO","message":"[4:06:26.405 PM]: Connection[id: 52a6981e-2e1f-4132-b82c-3fb6033cd224] - connection object created successfully."}
{"level":"INFO","message":"[4:06:26.405 PM]: Connection[id: 52a6981e-2e1f-4132-b82c-3fb6033cd224] - connecting. Associated Snowflake domain: GLOBAL"}
{"level":"INFO","message":"[4:06:26.405 PM]: Connection[id: 52a6981e-2e1f-4132-b82c-3fb6033cd224] - authentication successful using: SNOWFLAKE"}
{"level":"INFO","message":"[4:06:26.406 PM]: Trying to initialize Easy Logging"}
{"level":"INFO","message":"[4:06:26.408 PM]: No client config detected."}
{"level":"INFO","message":"[4:06:26.414 PM]: No config file path found. Client config will not be used."}
{"level":"INFO","message":"[4:06:26.420 PM]: Easy Logging is disabled as no config has been found"}
{"level":"INFO","message":"[4:06:26.421 PM]: Connection[id: 52a6981e-2e1f-4132-b82c-3fb6033cd224] - connected successfully after 16.239700000733137 milliseconds"}
{"level":"INFO","message":"[4:06:27.838 PM]: Creating new connection object"}
{"level":"INFO","message":"[4:06:27.839 PM]: Creating Connection[id: b8e5cd6e-85ea-43ae-8e17-f3adbdad6368] with host: RMCVKYD-LK80402.snowflakecomputing.com, account: RMCVKYD-LK80402, accessUrl: https://RMCVKYD-LK80402.snowflakecomputing.com, user: TULIPRAAJ007, password is provided, role: undefined, database: ASSETERA, schema: PUBLIC, warehouse: COMPUTE_WH, region: undefined, authenticator: SNOWFLAKE, ocsp mode: FAIL_OPEN, os: win32, os version: 10.0.20348"}
{"level":"INFO","message":"[4:06:27.840 PM]: Connection[id: b8e5cd6e-85ea-43ae-8e17-f3adbdad6368] additional details: passcode in password is provided, passcode is not provided, private key is not provided, application: undefined, client name: snowflake-sdk, client version: 1.15.0, retry timeout: 300, private key path: undefined, private key pass is not provided, client store temporary credential: false, browser response timeout: 120000"}
{"level":"INFO","message":"[4:06:27.840 PM]: Connection[id: b8e5cd6e-85ea-43ae-8e17-f3adbdad6368] - connection object created successfully."}
{"level":"INFO","message":"[4:06:27.841 PM]: Connection[id: b8e5cd6e-85ea-43ae-8e17-f3adbdad6368] - connecting. Associated Snowflake domain: GLOBAL"}
{"level":"INFO","message":"[4:06:27.841 PM]: Connection[id: b8e5cd6e-85ea-43ae-8e17-f3adbdad6368] - authentication successful using: SNOWFLAKE"}
{"level":"INFO","message":"[4:06:27.842 PM]: Connection[id: b8e5cd6e-85ea-43ae-8e17-f3adbdad6368] - connected successfully after 1.183000000193715 milliseconds"}
{"level":"INFO","message":"[4:08:48.278 PM]: Creating new connection object"}
{"level":"INFO","message":"[4:08:48.293 PM]: Creating Connection[id: fedc84ed-8718-4d63-9809-b8773379d45d] with host: RMCVKYD-LK80402.snowflakecomputing.com, account: RMCVKYD-LK80402, accessUrl: https://RMCVKYD-LK80402.snowflakecomputing.com, user: TULIPRAAJ007, password is provided, role: undefined, database: ASSETERA, schema: PUBLIC, warehouse: COMPUTE_WH, region: undefined, authenticator: SNOWFLAKE, ocsp mode: FAIL_OPEN, os: win32, os version: 10.0.20348"}
{"level":"INFO","message":"[4:08:48.294 PM]: Connection[id: fedc84ed-8718-4d63-9809-b8773379d45d] additional details: passcode in password is provided, passcode is not provided, private key is not provided, application: undefined, client name: snowflake-sdk, client version: 1.15.0, retry timeout: 300, private key path: undefined, private key pass is not provided, client store temporary credential: false, browser response timeout: 120000"}
{"level":"INFO","message":"[4:08:48.295 PM]: Connection[id: fedc84ed-8718-4d63-9809-b8773379d45d] - connection object created successfully."}
{"level":"INFO","message":"[4:08:48.297 PM]: Connection[id: fedc84ed-8718-4d63-9809-b8773379d45d] - connecting. Associated Snowflake domain: GLOBAL"}
{"level":"INFO","message":"[4:08:48.305 PM]: Connection[id: fedc84ed-8718-4d63-9809-b8773379d45d] - authentication successful using: SNOWFLAKE"}
{"level":"INFO","message":"[4:08:48.307 PM]: Trying to initialize Easy Logging"}
{"level":"INFO","message":"[4:08:48.310 PM]: No client config detected."}
{"level":"INFO","message":"[4:08:48.310 PM]: No config file path found. Client config will not be used."}
{"level":"INFO","message":"[4:08:48.312 PM]: Easy Logging is disabled as no config has been found"}
{"level":"INFO","message":"[4:08:48.314 PM]: Connection[id: fedc84ed-8718-4d63-9809-b8773379d45d] - connected successfully after 17.232100000604987 milliseconds"}
{"level":"INFO","message":"[4:10:56.025 PM]: Creating new connection object"}
{"level":"INFO","message":"[4:10:56.041 PM]: Creating Connection[id: 1f507a4d-4421-4bec-9f28-7b0c5ef9e659] with host: RMCVKYD-LK80402.snowflakecomputing.com, account: RMCVKYD-LK80402, accessUrl: https://RMCVKYD-LK80402.snowflakecomputing.com, user: TULIPRAAJ007, password is provided, role: undefined, database: ASSETERA, schema: PUBLIC, warehouse: COMPUTE_WH, region: undefined, authenticator: SNOWFLAKE, ocsp mode: FAIL_OPEN, os: win32, os version: 10.0.20348"}
{"level":"INFO","message":"[4:10:56.043 PM]: Connection[id: 1f507a4d-4421-4bec-9f28-7b0c5ef9e659] additional details: passcode in password is provided, passcode is not provided, private key is not provided, application: undefined, client name: snowflake-sdk, client version: 1.15.0, retry timeout: 300, private key path: undefined, private key pass is not provided, client store temporary credential: false, browser response timeout: 120000"}
{"level":"INFO","message":"[4:10:56.045 PM]: Connection[id: 1f507a4d-4421-4bec-9f28-7b0c5ef9e659] - connection object created successfully."}
{"level":"INFO","message":"[4:10:56.045 PM]: Connection[id: 1f507a4d-4421-4bec-9f28-7b0c5ef9e659] - connecting. Associated Snowflake domain: GLOBAL"}
{"level":"INFO","message":"[4:10:56.046 PM]: Connection[id: 1f507a4d-4421-4bec-9f28-7b0c5ef9e659] - authentication successful using: SNOWFLAKE"}
{"level":"INFO","message":"[4:10:56.047 PM]: Trying to initialize Easy Logging"}
{"level":"INFO","message":"[4:10:56.052 PM]: No client config detected."}
{"level":"INFO","message":"[4:10:56.053 PM]: No config file path found. Client config will not be used."}
{"level":"INFO","message":"[4:10:56.055 PM]: Easy Logging is disabled as no config has been found"}
{"level":"INFO","message":"[4:10:56.059 PM]: Connection[id: 1f507a4d-4421-4bec-9f28-7b0c5ef9e659] - connected successfully after 13.493999999947846 milliseconds"}
{"level":"INFO","message":"[4:11:04.290 PM]: Creating new connection object"}
{"level":"INFO","message":"[4:11:04.295 PM]: Creating Connection[id: bf3549f3-0b09-420e-83ec-18ce4f68073b] with host: RMCVKYD-LK80402.snowflakecomputing.com, account: RMCVKYD-LK80402, accessUrl: https://RMCVKYD-LK80402.snowflakecomputing.com, user: TULIPRAAJ007, password is provided, role: undefined, database: ASSETERA, schema: PUBLIC, warehouse: COMPUTE_WH, region: undefined, authenticator: SNOWFLAKE, ocsp mode: FAIL_OPEN, os: win32, os version: 10.0.20348"}
{"level":"INFO","message":"[4:11:04.296 PM]: Connection[id: bf3549f3-0b09-420e-83ec-18ce4f68073b] additional details: passcode in password is provided, passcode is not provided, private key is not provided, application: undefined, client name: snowflake-sdk, client version: 1.15.0, retry timeout: 300, private key path: undefined, private key pass is not provided, client store temporary credential: false, browser response timeout: 120000"}
{"level":"INFO","message":"[4:11:04.297 PM]: Connection[id: bf3549f3-0b09-420e-83ec-18ce4f68073b] - connection object created successfully."}
{"level":"INFO","message":"[4:11:04.297 PM]: Connection[id: bf3549f3-0b09-420e-83ec-18ce4f68073b] - connecting. Associated Snowflake domain: GLOBAL"}
{"level":"INFO","message":"[4:11:04.298 PM]: Connection[id: bf3549f3-0b09-420e-83ec-18ce4f68073b] - authentication successful using: SNOWFLAKE"}
{"level":"INFO","message":"[4:11:04.298 PM]: Trying to initialize Easy Logging"}
{"level":"INFO","message":"[4:11:04.315 PM]: No client config detected."}
{"level":"INFO","message":"[4:11:04.316 PM]: No config file path found. Client config will not be used."}
{"level":"INFO","message":"[4:11:04.316 PM]: Easy Logging is disabled as no config has been found"}
{"level":"INFO","message":"[4:11:04.318 PM]: Connection[id: bf3549f3-0b09-420e-83ec-18ce4f68073b] - connected successfully after 20.585199999623 milliseconds"}
{"level":"INFO","message":"[4:11:04.915 PM]: Creating new connection object"}
{"level":"INFO","message":"[4:11:04.917 PM]: Creating Connection[id: 8fd0f3b4-29e6-42ea-8739-3685a17ab8e7] with host: RMCVKYD-LK80402.snowflakecomputing.com, account: RMCVKYD-LK80402, accessUrl: https://RMCVKYD-LK80402.snowflakecomputing.com, user: TULIPRAAJ007, password is provided, role: undefined, database: ASSETERA, schema: PUBLIC, warehouse: COMPUTE_WH, region: undefined, authenticator: SNOWFLAKE, ocsp mode: FAIL_OPEN, os: win32, os version: 10.0.20348"}
{"level":"INFO","message":"[4:11:04.918 PM]: Connection[id: 8fd0f3b4-29e6-42ea-8739-3685a17ab8e7] additional details: passcode in password is provided, passcode is not provided, private key is not provided, application: undefined, client name: snowflake-sdk, client version: 1.15.0, retry timeout: 300, private key path: undefined, private key pass is not provided, client store temporary credential: false, browser response timeout: 120000"}
{"level":"INFO","message":"[4:11:04.918 PM]: Connection[id: 8fd0f3b4-29e6-42ea-8739-3685a17ab8e7] - connection object created successfully."}
{"level":"INFO","message":"[4:11:04.919 PM]: Connection[id: 8fd0f3b4-29e6-42ea-8739-3685a17ab8e7] - connecting. Associated Snowflake domain: GLOBAL"}
{"level":"INFO","message":"[4:11:04.920 PM]: Connection[id: 8fd0f3b4-29e6-42ea-8739-3685a17ab8e7] - authentication successful using: SNOWFLAKE"}
{"level":"INFO","message":"[4:11:04.921 PM]: Connection[id: 8fd0f3b4-29e6-42ea-8739-3685a17ab8e7] - connected successfully after 1.6677999999374151 milliseconds"}
{"level":"INFO","message":"[4:11:07.855 PM]: Creating new connection object"}
{"level":"INFO","message":"[4:11:07.856 PM]: Creating Connection[id: 9d30c422-3a13-4642-994f-fb3d78a5823e] with host: RMCVKYD-LK80402.snowflakecomputing.com, account: RMCVKYD-LK80402, accessUrl: https://RMCVKYD-LK80402.snowflakecomputing.com, user: TULIPRAAJ007, password is provided, role: undefined, database: ASSETERA, schema: PUBLIC, warehouse: COMPUTE_WH, region: undefined, authenticator: SNOWFLAKE, ocsp mode: FAIL_OPEN, os: win32, os version: 10.0.20348"}
{"level":"INFO","message":"[4:11:07.857 PM]: Connection[id: 9d30c422-3a13-4642-994f-fb3d78a5823e] additional details: passcode in password is provided, passcode is not provided, private key is not provided, application: undefined, client name: snowflake-sdk, client version: 1.15.0, retry timeout: 300, private key path: undefined, private key pass is not provided, client store temporary credential: false, browser response timeout: 120000"}
{"level":"INFO","message":"[4:11:07.857 PM]: Connection[id: 9d30c422-3a13-4642-994f-fb3d78a5823e] - connection object created successfully."}
{"level":"INFO","message":"[4:11:07.858 PM]: Connection[id: 9d30c422-3a13-4642-994f-fb3d78a5823e] - connecting. Associated Snowflake domain: GLOBAL"}
{"level":"INFO","message":"[4:11:07.859 PM]: Connection[id: 9d30c422-3a13-4642-994f-fb3d78a5823e] - authentication successful using: SNOWFLAKE"}
{"level":"INFO","message":"[4:11:07.860 PM]: Connection[id: 9d30c422-3a13-4642-994f-fb3d78a5823e] - connected successfully after 1.8399999998509884 milliseconds"}
{"level":"INFO","message":"[4:11:08.233 PM]: Creating new connection object"}
{"level":"INFO","message":"[4:11:08.235 PM]: Creating Connection[id: e5d7ed20-7fd2-4c81-b1f6-8806dd8b4019] with host: RMCVKYD-LK80402.snowflakecomputing.com, account: RMCVKYD-LK80402, accessUrl: https://RMCVKYD-LK80402.snowflakecomputing.com, user: TULIPRAAJ007, password is provided, role: undefined, database: ASSETERA, schema: PUBLIC, warehouse: COMPUTE_WH, region: undefined, authenticator: SNOWFLAKE, ocsp mode: FAIL_OPEN, os: win32, os version: 10.0.20348"}
{"level":"INFO","message":"[4:11:08.235 PM]: Connection[id: e5d7ed20-7fd2-4c81-b1f6-8806dd8b4019] additional details: passcode in password is provided, passcode is not provided, private key is not provided, application: undefined, client name: snowflake-sdk, client version: 1.15.0, retry timeout: 300, private key path: undefined, private key pass is not provided, client store temporary credential: false, browser response timeout: 120000"}
{"level":"INFO","message":"[4:11:08.236 PM]: Connection[id: e5d7ed20-7fd2-4c81-b1f6-8806dd8b4019] - connection object created successfully."}
{"level":"INFO","message":"[4:11:08.237 PM]: Connection[id: e5d7ed20-7fd2-4c81-b1f6-8806dd8b4019] - connecting. Associated Snowflake domain: GLOBAL"}
{"level":"INFO","message":"[4:11:08.238 PM]: Connection[id: e5d7ed20-7fd2-4c81-b1f6-8806dd8b4019] - authentication successful using: SNOWFLAKE"}
{"level":"INFO","message":"[4:11:08.239 PM]: Connection[id: e5d7ed20-7fd2-4c81-b1f6-8806dd8b4019] - connected successfully after 2.078099999576807 milliseconds"}
{"level":"INFO","message":"[4:11:13.776 PM]: Creating new connection object"}
{"level":"INFO","message":"[4:11:13.778 PM]: Creating Connection[id: 353ca008-0472-48b5-a71e-cde69308d30e] with host: RMCVKYD-LK80402.snowflakecomputing.com, account: RMCVKYD-LK80402, accessUrl: https://RMCVKYD-LK80402.snowflakecomputing.com, user: TULIPRAAJ007, password is provided, role: undefined, database: ASSETERA, schema: PUBLIC, warehouse: COMPUTE_WH, region: undefined, authenticator: SNOWFLAKE, ocsp mode: FAIL_OPEN, os: win32, os version: 10.0.20348"}
{"level":"INFO","message":"[4:11:13.781 PM]: Connection[id: 353ca008-0472-48b5-a71e-cde69308d30e] additional details: passcode in password is provided, passcode is not provided, private key is not provided, application: undefined, client name: snowflake-sdk, client version: 1.15.0, retry timeout: 300, private key path: undefined, private key pass is not provided, client store temporary credential: false, browser response timeout: 120000"}
{"level":"INFO","message":"[4:11:13.782 PM]: Connection[id: 353ca008-0472-48b5-a71e-cde69308d30e] - connection object created successfully."}
{"level":"INFO","message":"[4:11:13.787 PM]: Connection[id: 353ca008-0472-48b5-a71e-cde69308d30e] - connecting. Associated Snowflake domain: GLOBAL"}
{"level":"INFO","message":"[4:11:13.789 PM]: Connection[id: 353ca008-0472-48b5-a71e-cde69308d30e] - authentication successful using: SNOWFLAKE"}
{"level":"INFO","message":"[4:11:13.790 PM]: Connection[id: 353ca008-0472-48b5-a71e-cde69308d30e] - connected successfully after 3.589499999769032 milliseconds"}
{"level":"INFO","message":"[4:11:53.788 PM]: Creating new connection object"}
{"level":"INFO","message":"[4:11:53.801 PM]: Creating Connection[id: ac6e608d-fb07-4d9a-b7bf-2a38d7318a12] with host: RMCVKYD-LK80402.snowflakecomputing.com, account: RMCVKYD-LK80402, accessUrl: https://RMCVKYD-LK80402.snowflakecomputing.com, user: TULIPRAAJ007, password is provided, role: undefined, database: ASSETERA, schema: PUBLIC, warehouse: COMPUTE_WH, region: undefined, authenticator: SNOWFLAKE, ocsp mode: FAIL_OPEN, os: win32, os version: 10.0.20348"}
{"level":"INFO","message":"[4:11:53.802 PM]: Connection[id: ac6e608d-fb07-4d9a-b7bf-2a38d7318a12] additional details: passcode in password is provided, passcode is not provided, private key is not provided, application: undefined, client name: snowflake-sdk, client version: 1.15.0, retry timeout: 300, private key path: undefined, private key pass is not provided, client store temporary credential: false, browser response timeout: 120000"}
{"level":"INFO","message":"[4:11:53.804 PM]: Connection[id: ac6e608d-fb07-4d9a-b7bf-2a38d7318a12] - connection object created successfully."}
{"level":"INFO","message":"[4:11:53.804 PM]: Connection[id: ac6e608d-fb07-4d9a-b7bf-2a38d7318a12] - connecting. Associated Snowflake domain: GLOBAL"}
{"level":"INFO","message":"[4:11:53.805 PM]: Connection[id: ac6e608d-fb07-4d9a-b7bf-2a38d7318a12] - authentication successful using: SNOWFLAKE"}
{"level":"INFO","message":"[4:11:53.806 PM]: Trying to initialize Easy Logging"}
{"level":"INFO","message":"[4:11:53.840 PM]: No client config detected."}
{"level":"INFO","message":"[4:11:53.841 PM]: No config file path found. Client config will not be used."}
{"level":"INFO","message":"[4:11:53.842 PM]: Easy Logging is disabled as no config has been found"}
{"level":"INFO","message":"[4:11:53.844 PM]: Connection[id: ac6e608d-fb07-4d9a-b7bf-2a38d7318a12] - connected successfully after 39.104199999943376 milliseconds"}
{"level":"INFO","message":"[4:12:07.863 PM]: Creating new connection object"}
{"level":"INFO","message":"[4:12:07.870 PM]: Creating Connection[id: f94ae730-5da9-4ecb-8e5a-31542d6c2183] with host: RMCVKYD-LK80402.snowflakecomputing.com, account: RMCVKYD-LK80402, accessUrl: https://RMCVKYD-LK80402.snowflakecomputing.com, user: TULIPRAAJ007, password is provided, role: undefined, database: ASSETERA, schema: PUBLIC, warehouse: COMPUTE_WH, region: undefined, authenticator: SNOWFLAKE, ocsp mode: FAIL_OPEN, os: win32, os version: 10.0.20348"}
{"level":"INFO","message":"[4:12:07.871 PM]: Connection[id: f94ae730-5da9-4ecb-8e5a-31542d6c2183] additional details: passcode in password is provided, passcode is not provided, private key is not provided, application: undefined, client name: snowflake-sdk, client version: 1.15.0, retry timeout: 300, private key path: undefined, private key pass is not provided, client store temporary credential: false, browser response timeout: 120000"}
{"level":"INFO","message":"[4:12:07.872 PM]: Connection[id: f94ae730-5da9-4ecb-8e5a-31542d6c2183] - connection object created successfully."}
{"level":"INFO","message":"[4:12:07.873 PM]: Connection[id: f94ae730-5da9-4ecb-8e5a-31542d6c2183] - connecting. Associated Snowflake domain: GLOBAL"}
{"level":"INFO","message":"[4:12:07.878 PM]: Connection[id: f94ae730-5da9-4ecb-8e5a-31542d6c2183] - authentication successful using: SNOWFLAKE"}
{"level":"INFO","message":"[4:12:07.879 PM]: Trying to initialize Easy Logging"}
{"level":"INFO","message":"[4:12:07.881 PM]: No client config detected."}
{"level":"INFO","message":"[4:12:07.881 PM]: No config file path found. Client config will not be used."}
{"level":"INFO","message":"[4:12:07.895 PM]: Easy Logging is disabled as no config has been found"}
{"level":"INFO","message":"[4:12:07.897 PM]: Connection[id: f94ae730-5da9-4ecb-8e5a-31542d6c2183] - connected successfully after 23.631899999454618 milliseconds"}
{"level":"INFO","message":"[4:12:31.829 PM]: Creating new connection object"}
{"level":"INFO","message":"[4:12:31.831 PM]: Creating Connection[id: d1262dc9-d37c-4f22-9d88-ed67e80aa9a3] with host: RMCVKYD-LK80402.snowflakecomputing.com, account: RMCVKYD-LK80402, accessUrl: https://RMCVKYD-LK80402.snowflakecomputing.com, user: TULIPRAAJ007, password is provided, role: undefined, database: ASSETERA, schema: PUBLIC, warehouse: COMPUTE_WH, region: undefined, authenticator: SNOWFLAKE, ocsp mode: FAIL_OPEN, os: win32, os version: 10.0.20348"}
{"level":"INFO","message":"[4:12:31.832 PM]: Connection[id: d1262dc9-d37c-4f22-9d88-ed67e80aa9a3] additional details: passcode in password is provided, passcode is not provided, private key is not provided, application: undefined, client name: snowflake-sdk, client version: 1.15.0, retry timeout: 300, private key path: undefined, private key pass is not provided, client store temporary credential: false, browser response timeout: 120000"}
{"level":"INFO","message":"[4:12:31.832 PM]: Connection[id: d1262dc9-d37c-4f22-9d88-ed67e80aa9a3] - connection object created successfully."}
{"level":"INFO","message":"[4:12:31.833 PM]: Connection[id: d1262dc9-d37c-4f22-9d88-ed67e80aa9a3] - connecting. Associated Snowflake domain: GLOBAL"}
{"level":"INFO","message":"[4:12:31.833 PM]: Connection[id: d1262dc9-d37c-4f22-9d88-ed67e80aa9a3] - authentication successful using: SNOWFLAKE"}
{"level":"INFO","message":"[4:12:31.834 PM]: Connection[id: d1262dc9-d37c-4f22-9d88-ed67e80aa9a3] - connected successfully after 1.296200000680983 milliseconds"}
{"level":"INFO","message":"[4:12:32.647 PM]: Creating new connection object"}
{"level":"INFO","message":"[4:12:32.649 PM]: Creating Connection[id: 0a9d2af6-3a8e-4ee5-80ff-ced4b528b271] with host: RMCVKYD-LK80402.snowflakecomputing.com, account: RMCVKYD-LK80402, accessUrl: https://RMCVKYD-LK80402.snowflakecomputing.com, user: TULIPRAAJ007, password is provided, role: undefined, database: ASSETERA, schema: PUBLIC, warehouse: COMPUTE_WH, region: undefined, authenticator: SNOWFLAKE, ocsp mode: FAIL_OPEN, os: win32, os version: 10.0.20348"}
{"level":"INFO","message":"[4:12:32.649 PM]: Connection[id: 0a9d2af6-3a8e-4ee5-80ff-ced4b528b271] additional details: passcode in password is provided, passcode is not provided, private key is not provided, application: undefined, client name: snowflake-sdk, client version: 1.15.0, retry timeout: 300, private key path: undefined, private key pass is not provided, client store temporary credential: false, browser response timeout: 120000"}
{"level":"INFO","message":"[4:12:32.650 PM]: Connection[id: 0a9d2af6-3a8e-4ee5-80ff-ced4b528b271] - connection object created successfully."}
{"level":"INFO","message":"[4:12:32.650 PM]: Connection[id: 0a9d2af6-3a8e-4ee5-80ff-ced4b528b271] - connecting. Associated Snowflake domain: GLOBAL"}
{"level":"INFO","message":"[4:12:32.651 PM]: Connection[id: 0a9d2af6-3a8e-4ee5-80ff-ced4b528b271] - authentication successful using: SNOWFLAKE"}
{"level":"INFO","message":"[4:12:32.651 PM]: Connection[id: 0a9d2af6-3a8e-4ee5-80ff-ced4b528b271] - connected successfully after 1.5458000004291534 milliseconds"}
{"level":"INFO","message":"[4:36:41.919 PM]: Creating new connection object"}
{"level":"INFO","message":"[4:36:41.921 PM]: Creating Connection[id: cc3fde90-401f-4acd-9a0f-a7933c072330] with host: RMCVKYD-LK80402.snowflakecomputing.com, account: RMCVKYD-LK80402, accessUrl: https://RMCVKYD-LK80402.snowflakecomputing.com, user: TULIPRAAJ007, password is provided, role: undefined, database: ASSETERA, schema: PUBLIC, warehouse: COMPUTE_WH, region: undefined, authenticator: SNOWFLAKE, ocsp mode: FAIL_OPEN, os: win32, os version: 10.0.20348"}
{"level":"INFO","message":"[4:36:41.923 PM]: Connection[id: cc3fde90-401f-4acd-9a0f-a7933c072330] additional details: passcode in password is provided, passcode is not provided, private key is not provided, application: undefined, client name: snowflake-sdk, client version: 1.15.0, retry timeout: 300, private key path: undefined, private key pass is not provided, client store temporary credential: false, browser response timeout: 120000"}
{"level":"INFO","message":"[4:36:41.923 PM]: Connection[id: cc3fde90-401f-4acd-9a0f-a7933c072330] - connection object created successfully."}
{"level":"INFO","message":"[4:36:41.924 PM]: Connection[id: cc3fde90-401f-4acd-9a0f-a7933c072330] - connecting. Associated Snowflake domain: GLOBAL"}
{"level":"INFO","message":"[4:36:41.924 PM]: Connection[id: cc3fde90-401f-4acd-9a0f-a7933c072330] - authentication successful using: SNOWFLAKE"}
{"level":"INFO","message":"[4:36:41.926 PM]: Connection[id: cc3fde90-401f-4acd-9a0f-a7933c072330] - connected successfully after 1.6493999995291233 milliseconds"}
{"level":"INFO","message":"[4:36:42.458 PM]: Creating new connection object"}
{"level":"INFO","message":"[4:36:42.460 PM]: Creating Connection[id: 874e2826-9931-4350-9176-2fd5174a927b] with host: RMCVKYD-LK80402.snowflakecomputing.com, account: RMCVKYD-LK80402, accessUrl: https://RMCVKYD-LK80402.snowflakecomputing.com, user: TULIPRAAJ007, password is provided, role: undefined, database: ASSETERA, schema: PUBLIC, warehouse: COMPUTE_WH, region: undefined, authenticator: SNOWFLAKE, ocsp mode: FAIL_OPEN, os: win32, os version: 10.0.20348"}
{"level":"INFO","message":"[4:36:42.463 PM]: Connection[id: 874e2826-9931-4350-9176-2fd5174a927b] additional details: passcode in password is provided, passcode is not provided, private key is not provided, application: undefined, client name: snowflake-sdk, client version: 1.15.0, retry timeout: 300, private key path: undefined, private key pass is not provided, client store temporary credential: false, browser response timeout: 120000"}
{"level":"INFO","message":"[4:36:42.464 PM]: Connection[id: 874e2826-9931-4350-9176-2fd5174a927b] - connection object created successfully."}
{"level":"INFO","message":"[4:36:42.465 PM]: Connection[id: 874e2826-9931-4350-9176-2fd5174a927b] - connecting. Associated Snowflake domain: GLOBAL"}
{"level":"INFO","message":"[4:36:42.465 PM]: Connection[id: 874e2826-9931-4350-9176-2fd5174a927b] - authentication successful using: SNOWFLAKE"}
{"level":"INFO","message":"[4:36:42.466 PM]: Connection[id: 874e2826-9931-4350-9176-2fd5174a927b] - connected successfully after 1.7631000000983477 milliseconds"}
{"level":"INFO","message":"[4:41:55.992 PM]: Creating new connection object"}
{"level":"INFO","message":"[4:41:56.003 PM]: Creating Connection[id: b9ef0201-7078-42f0-9eb7-3f5c7e9e4340] with host: RMCVKYD-LK80402.snowflakecomputing.com, account: RMCVKYD-LK80402, accessUrl: https://RMCVKYD-LK80402.snowflakecomputing.com, user: TULIPRAAJ007, password is provided, role: undefined, database: ASSETERA, schema: PUBLIC, warehouse: COMPUTE_WH, region: undefined, authenticator: SNOWFLAKE, ocsp mode: FAIL_OPEN, os: win32, os version: 10.0.20348"}
{"level":"INFO","message":"[4:41:56.004 PM]: Connection[id: b9ef0201-7078-42f0-9eb7-3f5c7e9e4340] additional details: passcode in password is provided, passcode is not provided, private key is not provided, application: undefined, client name: snowflake-sdk, client version: 1.15.0, retry timeout: 300, private key path: undefined, private key pass is not provided, client store temporary credential: false, browser response timeout: 120000"}
{"level":"INFO","message":"[4:41:56.006 PM]: Connection[id: b9ef0201-7078-42f0-9eb7-3f5c7e9e4340] - connection object created successfully."}
{"level":"INFO","message":"[4:41:56.007 PM]: Connection[id: b9ef0201-7078-42f0-9eb7-3f5c7e9e4340] - connecting. Associated Snowflake domain: GLOBAL"}
{"level":"INFO","message":"[4:41:56.008 PM]: Connection[id: b9ef0201-7078-42f0-9eb7-3f5c7e9e4340] - authentication successful using: SNOWFLAKE"}
{"level":"INFO","message":"[4:41:56.009 PM]: Trying to initialize Easy Logging"}
{"level":"INFO","message":"[4:41:56.014 PM]: No client config detected."}
{"level":"INFO","message":"[4:41:56.015 PM]: No config file path found. Client config will not be used."}
{"level":"INFO","message":"[4:41:56.015 PM]: Easy Logging is disabled as no config has been found"}
{"level":"INFO","message":"[4:41:56.019 PM]: Connection[id: b9ef0201-7078-42f0-9eb7-3f5c7e9e4340] - connected successfully after 11.74069999999847 milliseconds"}
{"level":"INFO","message":"[4:41:57.110 PM]: Creating new connection object"}
{"level":"INFO","message":"[4:41:57.112 PM]: Creating Connection[id: e19ca3ca-8073-4eaa-84f9-95a6abe282dd] with host: RMCVKYD-LK80402.snowflakecomputing.com, account: RMCVKYD-LK80402, accessUrl: https://RMCVKYD-LK80402.snowflakecomputing.com, user: TULIPRAAJ007, password is provided, role: undefined, database: ASSETERA, schema: PUBLIC, warehouse: COMPUTE_WH, region: undefined, authenticator: SNOWFLAKE, ocsp mode: FAIL_OPEN, os: win32, os version: 10.0.20348"}
{"level":"INFO","message":"[4:41:57.112 PM]: Connection[id: e19ca3ca-8073-4eaa-84f9-95a6abe282dd] additional details: passcode in password is provided, passcode is not provided, private key is not provided, application: undefined, client name: snowflake-sdk, client version: 1.15.0, retry timeout: 300, private key path: undefined, private key pass is not provided, client store temporary credential: false, browser response timeout: 120000"}
{"level":"INFO","message":"[4:41:57.113 PM]: Connection[id: e19ca3ca-8073-4eaa-84f9-95a6abe282dd] - connection object created successfully."}
{"level":"INFO","message":"[4:41:57.113 PM]: Connection[id: e19ca3ca-8073-4eaa-84f9-95a6abe282dd] - connecting. Associated Snowflake domain: GLOBAL"}
{"level":"INFO","message":"[4:41:57.114 PM]: Connection[id: e19ca3ca-8073-4eaa-84f9-95a6abe282dd] - authentication successful using: SNOWFLAKE"}
{"level":"INFO","message":"[4:41:57.115 PM]: Connection[id: e19ca3ca-8073-4eaa-84f9-95a6abe282dd] - connected successfully after 1.6235000000015134 milliseconds"}
{"level":"INFO","message":"[4:41:57.280 PM]: Creating new connection object"}
{"level":"INFO","message":"[4:41:57.281 PM]: Creating Connection[id: aa382a67-1738-4b30-862f-a2aec063a62e] with host: RMCVKYD-LK80402.snowflakecomputing.com, account: RMCVKYD-LK80402, accessUrl: https://RMCVKYD-LK80402.snowflakecomputing.com, user: TULIPRAAJ007, password is provided, role: undefined, database: ASSETERA, schema: PUBLIC, warehouse: COMPUTE_WH, region: undefined, authenticator: SNOWFLAKE, ocsp mode: FAIL_OPEN, os: win32, os version: 10.0.20348"}
{"level":"INFO","message":"[4:41:57.282 PM]: Connection[id: aa382a67-1738-4b30-862f-a2aec063a62e] additional details: passcode in password is provided, passcode is not provided, private key is not provided, application: undefined, client name: snowflake-sdk, client version: 1.15.0, retry timeout: 300, private key path: undefined, private key pass is not provided, client store temporary credential: false, browser response timeout: 120000"}
{"level":"INFO","message":"[4:41:57.282 PM]: Connection[id: aa382a67-1738-4b30-862f-a2aec063a62e] - connection object created successfully."}
{"level":"INFO","message":"[4:41:57.283 PM]: Connection[id: aa382a67-1738-4b30-862f-a2aec063a62e] - connecting. Associated Snowflake domain: GLOBAL"}
{"level":"INFO","message":"[4:41:57.283 PM]: Connection[id: aa382a67-1738-4b30-862f-a2aec063a62e] - authentication successful using: SNOWFLAKE"}
{"level":"INFO","message":"[4:41:57.284 PM]: Connection[id: aa382a67-1738-4b30-862f-a2aec063a62e] - connected successfully after 1.3300000000017462 milliseconds"}
{"level":"INFO","message":"[4:41:57.627 PM]: Creating new connection object"}
{"level":"INFO","message":"[4:41:57.629 PM]: Creating Connection[id: b2597f28-17f1-42d8-8ebb-e608e38597e8] with host: RMCVKYD-LK80402.snowflakecomputing.com, account: RMCVKYD-LK80402, accessUrl: https://RMCVKYD-LK80402.snowflakecomputing.com, user: TULIPRAAJ007, password is provided, role: undefined, database: ASSETERA, schema: PUBLIC, warehouse: COMPUTE_WH, region: undefined, authenticator: SNOWFLAKE, ocsp mode: FAIL_OPEN, os: win32, os version: 10.0.20348"}
{"level":"INFO","message":"[4:41:57.629 PM]: Connection[id: b2597f28-17f1-42d8-8ebb-e608e38597e8] additional details: passcode in password is provided, passcode is not provided, private key is not provided, application: undefined, client name: snowflake-sdk, client version: 1.15.0, retry timeout: 300, private key path: undefined, private key pass is not provided, client store temporary credential: false, browser response timeout: 120000"}
{"level":"INFO","message":"[4:41:57.630 PM]: Connection[id: b2597f28-17f1-42d8-8ebb-e608e38597e8] - connection object created successfully."}
{"level":"INFO","message":"[4:41:57.630 PM]: Connection[id: b2597f28-17f1-42d8-8ebb-e608e38597e8] - connecting. Associated Snowflake domain: GLOBAL"}
{"level":"INFO","message":"[4:41:57.631 PM]: Connection[id: b2597f28-17f1-42d8-8ebb-e608e38597e8] - authentication successful using: SNOWFLAKE"}
{"level":"INFO","message":"[4:41:57.632 PM]: Connection[id: b2597f28-17f1-42d8-8ebb-e608e38597e8] - connected successfully after 1.5723999999972875 milliseconds"}
{"level":"INFO","message":"[6:05:32.911 PM]: Creating new connection object"}
{"level":"INFO","message":"[6:05:32.921 PM]: Creating Connection[id: 4dec7af4-9b50-4577-8e15-761fe7726621] with host: RMCVKYD-LK80402.snowflakecomputing.com, account: RMCVKYD-LK80402, accessUrl: https://RMCVKYD-LK80402.snowflakecomputing.com, user: TULIPRAAJ007, password is provided, role: undefined, database: ASSETERA, schema: PUBLIC, warehouse: COMPUTE_WH, region: undefined, authenticator: SNOWFLAKE, ocsp mode: FAIL_OPEN, os: win32, os version: 10.0.20348"}
{"level":"INFO","message":"[6:05:32.923 PM]: Connection[id: 4dec7af4-9b50-4577-8e15-761fe7726621] additional details: passcode in password is provided, passcode is not provided, private key is not provided, application: undefined, client name: snowflake-sdk, client version: 1.15.0, retry timeout: 300, private key path: undefined, private key pass is not provided, client store temporary credential: false, browser response timeout: 120000"}
{"level":"INFO","message":"[6:05:32.924 PM]: Connection[id: 4dec7af4-9b50-4577-8e15-761fe7726621] - connection object created successfully."}
{"level":"INFO","message":"[6:05:32.924 PM]: Connection[id: 4dec7af4-9b50-4577-8e15-761fe7726621] - connecting. Associated Snowflake domain: GLOBAL"}
{"level":"INFO","message":"[6:05:32.926 PM]: Connection[id: 4dec7af4-9b50-4577-8e15-761fe7726621] - authentication successful using: SNOWFLAKE"}
{"level":"INFO","message":"[6:05:32.927 PM]: Trying to initialize Easy Logging"}
{"level":"INFO","message":"[6:05:32.930 PM]: No client config detected."}
{"level":"INFO","message":"[6:05:32.937 PM]: No config file path found. Client config will not be used."}
{"level":"INFO","message":"[6:05:32.949 PM]: Easy Logging is disabled as no config has been found"}
{"level":"INFO","message":"[6:05:32.952 PM]: Connection[id: 4dec7af4-9b50-4577-8e15-761fe7726621] - connected successfully after 28.0824000001885 milliseconds"}
{"level":"INFO","message":"[6:05:34.033 PM]: Creating new connection object"}
{"level":"INFO","message":"[6:05:34.037 PM]: Creating Connection[id: 0294f2aa-dcd6-46bf-b141-b8273a06a323] with host: RMCVKYD-LK80402.snowflakecomputing.com, account: RMCVKYD-LK80402, accessUrl: https://RMCVKYD-LK80402.snowflakecomputing.com, user: TULIPRAAJ007, password is provided, role: undefined, database: ASSETERA, schema: PUBLIC, warehouse: COMPUTE_WH, region: undefined, authenticator: SNOWFLAKE, ocsp mode: FAIL_OPEN, os: win32, os version: 10.0.20348"}
{"level":"INFO","message":"[6:05:34.041 PM]: Connection[id: 0294f2aa-dcd6-46bf-b141-b8273a06a323] additional details: passcode in password is provided, passcode is not provided, private key is not provided, application: undefined, client name: snowflake-sdk, client version: 1.15.0, retry timeout: 300, private key path: undefined, private key pass is not provided, client store temporary credential: false, browser response timeout: 120000"}
{"level":"INFO","message":"[6:05:34.044 PM]: Connection[id: 0294f2aa-dcd6-46bf-b141-b8273a06a323] - connection object created successfully."}
{"level":"INFO","message":"[6:05:34.045 PM]: Connection[id: 0294f2aa-dcd6-46bf-b141-b8273a06a323] - connecting. Associated Snowflake domain: GLOBAL"}
{"level":"INFO","message":"[6:05:34.046 PM]: Connection[id: 0294f2aa-dcd6-46bf-b141-b8273a06a323] - authentication successful using: SNOWFLAKE"}
{"level":"INFO","message":"[6:05:34.047 PM]: Connection[id: 0294f2aa-dcd6-46bf-b141-b8273a06a323] - connected successfully after 2.1606999998912215 milliseconds"}
{"level":"INFO","message":"[6:05:54.034 PM]: Creating new connection object"}
{"level":"INFO","message":"[6:05:54.048 PM]: Creating Connection[id: 4540a64e-abc9-4740-b770-234e79bd7f87] with host: RMCVKYD-LK80402.snowflakecomputing.com, account: RMCVKYD-LK80402, accessUrl: https://RMCVKYD-LK80402.snowflakecomputing.com, user: TULIPRAAJ007, password is provided, role: undefined, database: ASSETERA, schema: PUBLIC, warehouse: COMPUTE_WH, region: undefined, authenticator: SNOWFLAKE, ocsp mode: FAIL_OPEN, os: win32, os version: 10.0.20348"}
{"level":"INFO","message":"[6:05:54.049 PM]: Connection[id: 4540a64e-abc9-4740-b770-234e79bd7f87] additional details: passcode in password is provided, passcode is not provided, private key is not provided, application: undefined, client name: snowflake-sdk, client version: 1.15.0, retry timeout: 300, private key path: undefined, private key pass is not provided, client store temporary credential: false, browser response timeout: 120000"}
{"level":"INFO","message":"[6:05:54.051 PM]: Connection[id: 4540a64e-abc9-4740-b770-234e79bd7f87] - connection object created successfully."}
{"level":"INFO","message":"[6:05:54.052 PM]: Connection[id: 4540a64e-abc9-4740-b770-234e79bd7f87] - connecting. Associated Snowflake domain: GLOBAL"}
{"level":"INFO","message":"[6:05:54.053 PM]: Connection[id: 4540a64e-abc9-4740-b770-234e79bd7f87] - authentication successful using: SNOWFLAKE"}
{"level":"INFO","message":"[6:05:54.054 PM]: Trying to initialize Easy Logging"}
{"level":"INFO","message":"[6:05:54.059 PM]: No client config detected."}
{"level":"INFO","message":"[6:05:54.060 PM]: No config file path found. Client config will not be used."}
{"level":"INFO","message":"[6:05:54.067 PM]: Easy Logging is disabled as no config has been found"}
{"level":"INFO","message":"[6:05:54.070 PM]: Connection[id: 4540a64e-abc9-4740-b770-234e79bd7f87] - connected successfully after 18.65249999985099 milliseconds"}
{"level":"INFO","message":"[6:06:01.092 PM]: Creating new connection object"}
{"level":"INFO","message":"[6:06:01.115 PM]: Creating Connection[id: 96f03470-a5e4-4908-b5af-8c4ab4ce0f2d] with host: RMCVKYD-LK80402.snowflakecomputing.com, account: RMCVKYD-LK80402, accessUrl: https://RMCVKYD-LK80402.snowflakecomputing.com, user: TULIPRAAJ007, password is provided, role: undefined, database: ASSETERA, schema: PUBLIC, warehouse: COMPUTE_WH, region: undefined, authenticator: SNOWFLAKE, ocsp mode: FAIL_OPEN, os: win32, os version: 10.0.20348"}
{"level":"INFO","message":"[6:06:01.119 PM]: Connection[id: 96f03470-a5e4-4908-b5af-8c4ab4ce0f2d] additional details: passcode in password is provided, passcode is not provided, private key is not provided, application: undefined, client name: snowflake-sdk, client version: 1.15.0, retry timeout: 300, private key path: undefined, private key pass is not provided, client store temporary credential: false, browser response timeout: 120000"}
{"level":"INFO","message":"[6:06:01.119 PM]: Connection[id: 96f03470-a5e4-4908-b5af-8c4ab4ce0f2d] - connection object created successfully."}
{"level":"INFO","message":"[6:06:01.120 PM]: Connection[id: 96f03470-a5e4-4908-b5af-8c4ab4ce0f2d] - connecting. Associated Snowflake domain: GLOBAL"}
{"level":"INFO","message":"[6:06:01.120 PM]: Connection[id: 96f03470-a5e4-4908-b5af-8c4ab4ce0f2d] - authentication successful using: SNOWFLAKE"}
{"level":"INFO","message":"[6:06:01.121 PM]: Connection[id: 96f03470-a5e4-4908-b5af-8c4ab4ce0f2d] - connected successfully after 1.7153000002726912 milliseconds"}
{"level":"INFO","message":"[6:06:01.549 PM]: Creating new connection object"}
{"level":"INFO","message":"[6:06:01.551 PM]: Creating Connection[id: 87b3a07e-f923-480e-8fd7-0e3027b674a4] with host: RMCVKYD-LK80402.snowflakecomputing.com, account: RMCVKYD-LK80402, accessUrl: https://RMCVKYD-LK80402.snowflakecomputing.com, user: TULIPRAAJ007, password is provided, role: undefined, database: ASSETERA, schema: PUBLIC, warehouse: COMPUTE_WH, region: undefined, authenticator: SNOWFLAKE, ocsp mode: FAIL_OPEN, os: win32, os version: 10.0.20348"}
{"level":"INFO","message":"[6:06:01.552 PM]: Connection[id: 87b3a07e-f923-480e-8fd7-0e3027b674a4] additional details: passcode in password is provided, passcode is not provided, private key is not provided, application: undefined, client name: snowflake-sdk, client version: 1.15.0, retry timeout: 300, private key path: undefined, private key pass is not provided, client store temporary credential: false, browser response timeout: 120000"}
{"level":"INFO","message":"[6:06:01.552 PM]: Connection[id: 87b3a07e-f923-480e-8fd7-0e3027b674a4] - connection object created successfully."}
{"level":"INFO","message":"[6:06:01.553 PM]: Connection[id: 87b3a07e-f923-480e-8fd7-0e3027b674a4] - connecting. Associated Snowflake domain: GLOBAL"}
{"level":"INFO","message":"[6:06:01.554 PM]: Connection[id: 87b3a07e-f923-480e-8fd7-0e3027b674a4] - authentication successful using: SNOWFLAKE"}
{"level":"INFO","message":"[6:06:01.555 PM]: Connection[id: 87b3a07e-f923-480e-8fd7-0e3027b674a4] - connected successfully after 2.283199999947101 milliseconds"}
{"level":"INFO","message":"[6:08:33.656 PM]: Creating new connection object"}
{"level":"INFO","message":"[6:08:33.673 PM]: Creating Connection[id: a7509e55-61e7-42c9-8940-31ce695e7686] with host: RMCVKYD-LK80402.snowflakecomputing.com, account: RMCVKYD-LK80402, accessUrl: https://RMCVKYD-LK80402.snowflakecomputing.com, user: TULIPRAAJ007, password is provided, role: undefined, database: ASSETERA, schema: PUBLIC, warehouse: COMPUTE_WH, region: undefined, authenticator: SNOWFLAKE, ocsp mode: FAIL_OPEN, os: win32, os version: 10.0.20348"}
{"level":"INFO","message":"[6:08:33.674 PM]: Connection[id: a7509e55-61e7-42c9-8940-31ce695e7686] additional details: passcode in password is provided, passcode is not provided, private key is not provided, application: undefined, client name: snowflake-sdk, client version: 1.15.0, retry timeout: 300, private key path: undefined, private key pass is not provided, client store temporary credential: false, browser response timeout: 120000"}
{"level":"INFO","message":"[6:08:33.676 PM]: Connection[id: a7509e55-61e7-42c9-8940-31ce695e7686] - connection object created successfully."}
{"level":"INFO","message":"[6:08:33.677 PM]: Connection[id: a7509e55-61e7-42c9-8940-31ce695e7686] - connecting. Associated Snowflake domain: GLOBAL"}
{"level":"INFO","message":"[6:08:33.678 PM]: Connection[id: a7509e55-61e7-42c9-8940-31ce695e7686] - authentication successful using: SNOWFLAKE"}
{"level":"INFO","message":"[6:08:33.679 PM]: Trying to initialize Easy Logging"}
{"level":"INFO","message":"[6:08:33.684 PM]: No client config detected."}
{"level":"INFO","message":"[6:08:33.685 PM]: No config file path found. Client config will not be used."}
{"level":"INFO","message":"[6:08:33.685 PM]: Easy Logging is disabled as no config has been found"}
{"level":"INFO","message":"[6:08:33.695 PM]: Connection[id: a7509e55-61e7-42c9-8940-31ce695e7686] - connected successfully after 18.071599999908358 milliseconds"}
{"level":"INFO","message":"[6:08:42.455 PM]: Creating new connection object"}
{"level":"INFO","message":"[6:08:42.463 PM]: Creating Connection[id: 0c471ea5-9f47-4f83-be57-eb0cfdb85abd] with host: RMCVKYD-LK80402.snowflakecomputing.com, account: RMCVKYD-LK80402, accessUrl: https://RMCVKYD-LK80402.snowflakecomputing.com, user: TULIPRAAJ007, password is provided, role: undefined, database: ASSETERA, schema: PUBLIC, warehouse: COMPUTE_WH, region: undefined, authenticator: SNOWFLAKE, ocsp mode: FAIL_OPEN, os: win32, os version: 10.0.20348"}
{"level":"INFO","message":"[6:08:42.464 PM]: Connection[id: 0c471ea5-9f47-4f83-be57-eb0cfdb85abd] additional details: passcode in password is provided, passcode is not provided, private key is not provided, application: undefined, client name: snowflake-sdk, client version: 1.15.0, retry timeout: 300, private key path: undefined, private key pass is not provided, client store temporary credential: false, browser response timeout: 120000"}
{"level":"INFO","message":"[6:08:42.465 PM]: Connection[id: 0c471ea5-9f47-4f83-be57-eb0cfdb85abd] - connection object created successfully."}
{"level":"INFO","message":"[6:08:42.466 PM]: Connection[id: 0c471ea5-9f47-4f83-be57-eb0cfdb85abd] - connecting. Associated Snowflake domain: GLOBAL"}
{"level":"INFO","message":"[6:08:42.467 PM]: Connection[id: 0c471ea5-9f47-4f83-be57-eb0cfdb85abd] - authentication successful using: SNOWFLAKE"}
{"level":"INFO","message":"[6:08:42.468 PM]: Trying to initialize Easy Logging"}
{"level":"INFO","message":"[6:08:42.482 PM]: No client config detected."}
{"level":"INFO","message":"[6:08:42.483 PM]: No config file path found. Client config will not be used."}
{"level":"INFO","message":"[6:08:42.484 PM]: Easy Logging is disabled as no config has been found"}
{"level":"INFO","message":"[6:08:42.486 PM]: Connection[id: 0c471ea5-9f47-4f83-be57-eb0cfdb85abd] - connected successfully after 20.02059999993071 milliseconds"}
{"level":"INFO","message":"[6:08:43.056 PM]: Creating new connection object"}
{"level":"INFO","message":"[6:08:43.059 PM]: Creating Connection[id: 714c49d9-014a-4850-845f-ef84b30b77fb] with host: RMCVKYD-LK80402.snowflakecomputing.com, account: RMCVKYD-LK80402, accessUrl: https://RMCVKYD-LK80402.snowflakecomputing.com, user: TULIPRAAJ007, password is provided, role: undefined, database: ASSETERA, schema: PUBLIC, warehouse: COMPUTE_WH, region: undefined, authenticator: SNOWFLAKE, ocsp mode: FAIL_OPEN, os: win32, os version: 10.0.20348"}
{"level":"INFO","message":"[6:08:43.060 PM]: Connection[id: 714c49d9-014a-4850-845f-ef84b30b77fb] additional details: passcode in password is provided, passcode is not provided, private key is not provided, application: undefined, client name: snowflake-sdk, client version: 1.15.0, retry timeout: 300, private key path: undefined, private key pass is not provided, client store temporary credential: false, browser response timeout: 120000"}
{"level":"INFO","message":"[6:08:43.061 PM]: Connection[id: 714c49d9-014a-4850-845f-ef84b30b77fb] - connection object created successfully."}
{"level":"INFO","message":"[6:08:43.061 PM]: Connection[id: 714c49d9-014a-4850-845f-ef84b30b77fb] - connecting. Associated Snowflake domain: GLOBAL"}
{"level":"INFO","message":"[6:08:43.062 PM]: Connection[id: 714c49d9-014a-4850-845f-ef84b30b77fb] - authentication successful using: SNOWFLAKE"}
{"level":"INFO","message":"[6:08:43.063 PM]: Connection[id: 714c49d9-014a-4850-845f-ef84b30b77fb] - connected successfully after 1.580599999986589 milliseconds"}
{"level":"INFO","message":"[6:09:07.999 PM]: Creating new connection object"}
{"level":"INFO","message":"[6:09:08.004 PM]: Creating Connection[id: 7a31e689-1dab-44a7-ab7b-6f6db8f0c5d5] with host: RMCVKYD-LK80402.snowflakecomputing.com, account: RMCVKYD-LK80402, accessUrl: https://RMCVKYD-LK80402.snowflakecomputing.com, user: TULIPRAAJ007, password is provided, role: undefined, database: ASSETERA, schema: PUBLIC, warehouse: COMPUTE_WH, region: undefined, authenticator: SNOWFLAKE, ocsp mode: FAIL_OPEN, os: win32, os version: 10.0.20348"}
{"level":"INFO","message":"[6:09:08.005 PM]: Connection[id: 7a31e689-1dab-44a7-ab7b-6f6db8f0c5d5] additional details: passcode in password is provided, passcode is not provided, private key is not provided, application: undefined, client name: snowflake-sdk, client version: 1.15.0, retry timeout: 300, private key path: undefined, private key pass is not provided, client store temporary credential: false, browser response timeout: 120000"}
{"level":"INFO","message":"[6:09:08.006 PM]: Connection[id: 7a31e689-1dab-44a7-ab7b-6f6db8f0c5d5] - connection object created successfully."}
{"level":"INFO","message":"[6:09:08.006 PM]: Connection[id: 7a31e689-1dab-44a7-ab7b-6f6db8f0c5d5] - connecting. Associated Snowflake domain: GLOBAL"}
{"level":"INFO","message":"[6:09:08.007 PM]: Connection[id: 7a31e689-1dab-44a7-ab7b-6f6db8f0c5d5] - authentication successful using: SNOWFLAKE"}
{"level":"INFO","message":"[6:09:08.008 PM]: Trying to initialize Easy Logging"}
{"level":"INFO","message":"[6:09:08.030 PM]: No client config detected."}
{"level":"INFO","message":"[6:09:08.031 PM]: No config file path found. Client config will not be used."}
{"level":"INFO","message":"[6:09:08.031 PM]: Easy Logging is disabled as no config has been found"}
{"level":"INFO","message":"[6:09:08.032 PM]: Connection[id: 7a31e689-1dab-44a7-ab7b-6f6db8f0c5d5] - connected successfully after 26.212499999906868 milliseconds"}
{"level":"INFO","message":"[6:09:08.816 PM]: Creating new connection object"}
{"level":"INFO","message":"[6:09:08.818 PM]: Creating Connection[id: a1267c01-169e-4129-b8dc-0daa2131f52d] with host: RMCVKYD-LK80402.snowflakecomputing.com, account: RMCVKYD-LK80402, accessUrl: https://RMCVKYD-LK80402.snowflakecomputing.com, user: TULIPRAAJ007, password is provided, role: undefined, database: ASSETERA, schema: PUBLIC, warehouse: COMPUTE_WH, region: undefined, authenticator: SNOWFLAKE, ocsp mode: FAIL_OPEN, os: win32, os version: 10.0.20348"}
{"level":"INFO","message":"[6:09:08.818 PM]: Connection[id: a1267c01-169e-4129-b8dc-0daa2131f52d] additional details: passcode in password is provided, passcode is not provided, private key is not provided, application: undefined, client name: snowflake-sdk, client version: 1.15.0, retry timeout: 300, private key path: undefined, private key pass is not provided, client store temporary credential: false, browser response timeout: 120000"}
{"level":"INFO","message":"[6:09:08.819 PM]: Connection[id: a1267c01-169e-4129-b8dc-0daa2131f52d] - connection object created successfully."}
{"level":"INFO","message":"[6:09:08.819 PM]: Connection[id: a1267c01-169e-4129-b8dc-0daa2131f52d] - connecting. Associated Snowflake domain: GLOBAL"}
{"level":"INFO","message":"[6:09:08.820 PM]: Connection[id: a1267c01-169e-4129-b8dc-0daa2131f52d] - authentication successful using: SNOWFLAKE"}
{"level":"INFO","message":"[6:09:08.821 PM]: Connection[id: a1267c01-169e-4129-b8dc-0daa2131f52d] - connected successfully after 1.4898000000976026 milliseconds"}
{"level":"INFO","message":"[6:09:15.136 PM]: Creating new connection object"}
{"level":"INFO","message":"[6:09:15.143 PM]: Creating Connection[id: 0259e8a3-c794-47e4-93cd-eb4e2f8ae6d4] with host: RMCVKYD-LK80402.snowflakecomputing.com, account: RMCVKYD-LK80402, accessUrl: https://RMCVKYD-LK80402.snowflakecomputing.com, user: TULIPRAAJ007, password is provided, role: undefined, database: ASSETERA, schema: PUBLIC, warehouse: COMPUTE_WH, region: undefined, authenticator: SNOWFLAKE, ocsp mode: FAIL_OPEN, os: win32, os version: 10.0.20348"}
{"level":"INFO","message":"[6:09:15.146 PM]: Connection[id: 0259e8a3-c794-47e4-93cd-eb4e2f8ae6d4] additional details: passcode in password is provided, passcode is not provided, private key is not provided, application: undefined, client name: snowflake-sdk, client version: 1.15.0, retry timeout: 300, private key path: undefined, private key pass is not provided, client store temporary credential: false, browser response timeout: 120000"}
{"level":"INFO","message":"[6:09:15.146 PM]: Connection[id: 0259e8a3-c794-47e4-93cd-eb4e2f8ae6d4] - connection object created successfully."}
{"level":"INFO","message":"[6:09:15.147 PM]: Connection[id: 0259e8a3-c794-47e4-93cd-eb4e2f8ae6d4] - connecting. Associated Snowflake domain: GLOBAL"}
{"level":"INFO","message":"[6:09:15.147 PM]: Connection[id: 0259e8a3-c794-47e4-93cd-eb4e2f8ae6d4] - authentication successful using: SNOWFLAKE"}
{"level":"INFO","message":"[6:09:15.149 PM]: Trying to initialize Easy Logging"}
{"level":"INFO","message":"[6:09:15.154 PM]: No client config detected."}
{"level":"INFO","message":"[6:09:15.155 PM]: No config file path found. Client config will not be used."}
{"level":"INFO","message":"[6:09:15.156 PM]: Easy Logging is disabled as no config has been found"}
{"level":"INFO","message":"[6:09:15.157 PM]: Connection[id: 0259e8a3-c794-47e4-93cd-eb4e2f8ae6d4] - connected successfully after 10.082200000062585 milliseconds"}
{"level":"INFO","message":"[6:09:15.885 PM]: Creating new connection object"}
{"level":"INFO","message":"[6:09:15.886 PM]: Creating Connection[id: 997f7546-8072-42b0-b39a-1732834751e5] with host: RMCVKYD-LK80402.snowflakecomputing.com, account: RMCVKYD-LK80402, accessUrl: https://RMCVKYD-LK80402.snowflakecomputing.com, user: TULIPRAAJ007, password is provided, role: undefined, database: ASSETERA, schema: PUBLIC, warehouse: COMPUTE_WH, region: undefined, authenticator: SNOWFLAKE, ocsp mode: FAIL_OPEN, os: win32, os version: 10.0.20348"}
{"level":"INFO","message":"[6:09:15.887 PM]: Connection[id: 997f7546-8072-42b0-b39a-1732834751e5] additional details: passcode in password is provided, passcode is not provided, private key is not provided, application: undefined, client name: snowflake-sdk, client version: 1.15.0, retry timeout: 300, private key path: undefined, private key pass is not provided, client store temporary credential: false, browser response timeout: 120000"}
{"level":"INFO","message":"[6:09:15.889 PM]: Connection[id: 997f7546-8072-42b0-b39a-1732834751e5] - connection object created successfully."}
{"level":"INFO","message":"[6:09:15.889 PM]: Connection[id: 997f7546-8072-42b0-b39a-1732834751e5] - connecting. Associated Snowflake domain: GLOBAL"}
{"level":"INFO","message":"[6:09:15.890 PM]: Connection[id: 997f7546-8072-42b0-b39a-1732834751e5] - authentication successful using: SNOWFLAKE"}
{"level":"INFO","message":"[6:09:15.891 PM]: Connection[id: 997f7546-8072-42b0-b39a-1732834751e5] - connected successfully after 2.393900000024587 milliseconds"}
{"level":"INFO","message":"[6:09:16.288 PM]: Creating new connection object"}
{"level":"INFO","message":"[6:09:16.289 PM]: Creating Connection[id: ffcdb3d3-64df-4fbb-913a-66c6c001c9cd] with host: RMCVKYD-LK80402.snowflakecomputing.com, account: RMCVKYD-LK80402, accessUrl: https://RMCVKYD-LK80402.snowflakecomputing.com, user: TULIPRAAJ007, password is provided, role: undefined, database: ASSETERA, schema: PUBLIC, warehouse: COMPUTE_WH, region: undefined, authenticator: SNOWFLAKE, ocsp mode: FAIL_OPEN, os: win32, os version: 10.0.20348"}
{"level":"INFO","message":"[6:09:16.290 PM]: Connection[id: ffcdb3d3-64df-4fbb-913a-66c6c001c9cd] additional details: passcode in password is provided, passcode is not provided, private key is not provided, application: undefined, client name: snowflake-sdk, client version: 1.15.0, retry timeout: 300, private key path: undefined, private key pass is not provided, client store temporary credential: false, browser response timeout: 120000"}
{"level":"INFO","message":"[6:09:16.290 PM]: Connection[id: ffcdb3d3-64df-4fbb-913a-66c6c001c9cd] - connection object created successfully."}
{"level":"INFO","message":"[6:09:16.292 PM]: Connection[id: ffcdb3d3-64df-4fbb-913a-66c6c001c9cd] - connecting. Associated Snowflake domain: GLOBAL"}
{"level":"INFO","message":"[6:09:16.301 PM]: Connection[id: ffcdb3d3-64df-4fbb-913a-66c6c001c9cd] - authentication successful using: SNOWFLAKE"}
{"level":"INFO","message":"[6:09:16.302 PM]: Connection[id: ffcdb3d3-64df-4fbb-913a-66c6c001c9cd] - connected successfully after 9.641499999910593 milliseconds"}
{"level":"INFO","message":"[6:09:16.768 PM]: Creating new connection object"}
{"level":"INFO","message":"[6:09:16.770 PM]: Creating Connection[id: ac6e4dc1-0e24-4118-8773-77919c75c355] with host: RMCVKYD-LK80402.snowflakecomputing.com, account: RMCVKYD-LK80402, accessUrl: https://RMCVKYD-LK80402.snowflakecomputing.com, user: TULIPRAAJ007, password is provided, role: undefined, database: ASSETERA, schema: PUBLIC, warehouse: COMPUTE_WH, region: undefined, authenticator: SNOWFLAKE, ocsp mode: FAIL_OPEN, os: win32, os version: 10.0.20348"}
{"level":"INFO","message":"[6:09:16.770 PM]: Connection[id: ac6e4dc1-0e24-4118-8773-77919c75c355] additional details: passcode in password is provided, passcode is not provided, private key is not provided, application: undefined, client name: snowflake-sdk, client version: 1.15.0, retry timeout: 300, private key path: undefined, private key pass is not provided, client store temporary credential: false, browser response timeout: 120000"}
{"level":"INFO","message":"[6:09:16.771 PM]: Connection[id: ac6e4dc1-0e24-4118-8773-77919c75c355] - connection object created successfully."}
{"level":"INFO","message":"[6:09:16.772 PM]: Connection[id: ac6e4dc1-0e24-4118-8773-77919c75c355] - connecting. Associated Snowflake domain: GLOBAL"}
{"level":"INFO","message":"[6:09:16.772 PM]: Connection[id: ac6e4dc1-0e24-4118-8773-77919c75c355] - authentication successful using: SNOWFLAKE"}
{"level":"INFO","message":"[6:09:16.774 PM]: Connection[id: ac6e4dc1-0e24-4118-8773-77919c75c355] - connected successfully after 2.459299999754876 milliseconds"}
{"level":"INFO","message":"[6:09:24.837 PM]: Creating new connection object"}
{"level":"INFO","message":"[6:09:24.842 PM]: Creating Connection[id: 321f61b0-d79f-4534-9a0c-4d165f07eb18] with host: RMCVKYD-LK80402.snowflakecomputing.com, account: RMCVKYD-LK80402, accessUrl: https://RMCVKYD-LK80402.snowflakecomputing.com, user: TULIPRAAJ007, password is provided, role: undefined, database: ASSETERA, schema: PUBLIC, warehouse: COMPUTE_WH, region: undefined, authenticator: SNOWFLAKE, ocsp mode: FAIL_OPEN, os: win32, os version: 10.0.20348"}
{"level":"INFO","message":"[6:09:24.842 PM]: Connection[id: 321f61b0-d79f-4534-9a0c-4d165f07eb18] additional details: passcode in password is provided, passcode is not provided, private key is not provided, application: undefined, client name: snowflake-sdk, client version: 1.15.0, retry timeout: 300, private key path: undefined, private key pass is not provided, client store temporary credential: false, browser response timeout: 120000"}
{"level":"INFO","message":"[6:09:24.843 PM]: Connection[id: 321f61b0-d79f-4534-9a0c-4d165f07eb18] - connection object created successfully."}
{"level":"INFO","message":"[6:09:24.844 PM]: Connection[id: 321f61b0-d79f-4534-9a0c-4d165f07eb18] - connecting. Associated Snowflake domain: GLOBAL"}
{"level":"INFO","message":"[6:09:24.844 PM]: Connection[id: 321f61b0-d79f-4534-9a0c-4d165f07eb18] - authentication successful using: SNOWFLAKE"}
{"level":"INFO","message":"[6:09:24.845 PM]: Trying to initialize Easy Logging"}
{"level":"INFO","message":"[6:09:24.865 PM]: No client config detected."}
{"level":"INFO","message":"[6:09:24.865 PM]: No config file path found. Client config will not be used."}
{"level":"INFO","message":"[6:09:24.866 PM]: Easy Logging is disabled as no config has been found"}
{"level":"INFO","message":"[6:09:24.867 PM]: Connection[id: 321f61b0-d79f-4534-9a0c-4d165f07eb18] - connected successfully after 23.436999999918044 milliseconds"}
{"level":"INFO","message":"[6:09:25.695 PM]: Creating new connection object"}
{"level":"INFO","message":"[6:09:25.705 PM]: Creating Connection[id: 14809279-1a80-41dd-977e-6c3c16abffa2] with host: RMCVKYD-LK80402.snowflakecomputing.com, account: RMCVKYD-LK80402, accessUrl: https://RMCVKYD-LK80402.snowflakecomputing.com, user: TULIPRAAJ007, password is provided, role: undefined, database: ASSETERA, schema: PUBLIC, warehouse: COMPUTE_WH, region: undefined, authenticator: SNOWFLAKE, ocsp mode: FAIL_OPEN, os: win32, os version: 10.0.20348"}
{"level":"INFO","message":"[6:09:25.705 PM]: Connection[id: 14809279-1a80-41dd-977e-6c3c16abffa2] additional details: passcode in password is provided, passcode is not provided, private key is not provided, application: undefined, client name: snowflake-sdk, client version: 1.15.0, retry timeout: 300, private key path: undefined, private key pass is not provided, client store temporary credential: false, browser response timeout: 120000"}
{"level":"INFO","message":"[6:09:25.706 PM]: Connection[id: 14809279-1a80-41dd-977e-6c3c16abffa2] - connection object created successfully."}
{"level":"INFO","message":"[6:09:25.707 PM]: Connection[id: 14809279-1a80-41dd-977e-6c3c16abffa2] - connecting. Associated Snowflake domain: GLOBAL"}
{"level":"INFO","message":"[6:09:25.707 PM]: Connection[id: 14809279-1a80-41dd-977e-6c3c16abffa2] - authentication successful using: SNOWFLAKE"}
{"level":"INFO","message":"[6:09:25.709 PM]: Connection[id: 14809279-1a80-41dd-977e-6c3c16abffa2] - connected successfully after 1.9665999999269843 milliseconds"}
{"level":"INFO","message":"[6:10:35.192 PM]: Creating new connection object"}
{"level":"INFO","message":"[6:10:35.194 PM]: Creating Connection[id: a0a46146-5719-4e1d-b3c6-c6309d3d18c1] with host: RMCVKYD-LK80402.snowflakecomputing.com, account: RMCVKYD-LK80402, accessUrl: https://RMCVKYD-LK80402.snowflakecomputing.com, user: TULIPRAAJ007, password is provided, role: undefined, database: ASSETERA, schema: PUBLIC, warehouse: COMPUTE_WH, region: undefined, authenticator: SNOWFLAKE, ocsp mode: FAIL_OPEN, os: win32, os version: 10.0.20348"}
{"level":"INFO","message":"[6:10:35.195 PM]: Connection[id: a0a46146-5719-4e1d-b3c6-c6309d3d18c1] additional details: passcode in password is provided, passcode is not provided, private key is not provided, application: undefined, client name: snowflake-sdk, client version: 1.15.0, retry timeout: 300, private key path: undefined, private key pass is not provided, client store temporary credential: false, browser response timeout: 120000"}
{"level":"INFO","message":"[6:10:35.196 PM]: Connection[id: a0a46146-5719-4e1d-b3c6-c6309d3d18c1] - connection object created successfully."}
{"level":"INFO","message":"[6:10:35.197 PM]: Connection[id: a0a46146-5719-4e1d-b3c6-c6309d3d18c1] - connecting. Associated Snowflake domain: GLOBAL"}
{"level":"INFO","message":"[6:10:35.198 PM]: Connection[id: a0a46146-5719-4e1d-b3c6-c6309d3d18c1] - authentication successful using: SNOWFLAKE"}
{"level":"INFO","message":"[6:10:35.199 PM]: Connection[id: a0a46146-5719-4e1d-b3c6-c6309d3d18c1] - connected successfully after 2.4981999997980893 milliseconds"}
{"level":"INFO","message":"[6:10:42.272 PM]: Creating new connection object"}
{"level":"INFO","message":"[6:10:42.274 PM]: Creating Connection[id: a86e8089-d5e6-4788-b789-7fa17d30df39] with host: RMCVKYD-LK80402.snowflakecomputing.com, account: RMCVKYD-LK80402, accessUrl: https://RMCVKYD-LK80402.snowflakecomputing.com, user: TULIPRAAJ007, password is provided, role: undefined, database: ASSETERA, schema: PUBLIC, warehouse: COMPUTE_WH, region: undefined, authenticator: SNOWFLAKE, ocsp mode: FAIL_OPEN, os: win32, os version: 10.0.20348"}
{"level":"INFO","message":"[6:10:42.275 PM]: Connection[id: a86e8089-d5e6-4788-b789-7fa17d30df39] additional details: passcode in password is provided, passcode is not provided, private key is not provided, application: undefined, client name: snowflake-sdk, client version: 1.15.0, retry timeout: 300, private key path: undefined, private key pass is not provided, client store temporary credential: false, browser response timeout: 120000"}
{"level":"INFO","message":"[6:10:42.275 PM]: Connection[id: a86e8089-d5e6-4788-b789-7fa17d30df39] - connection object created successfully."}
{"level":"INFO","message":"[6:10:42.276 PM]: Connection[id: a86e8089-d5e6-4788-b789-7fa17d30df39] - connecting. Associated Snowflake domain: GLOBAL"}
{"level":"INFO","message":"[6:10:42.277 PM]: Connection[id: a86e8089-d5e6-4788-b789-7fa17d30df39] - authentication successful using: SNOWFLAKE"}
{"level":"INFO","message":"[6:10:42.278 PM]: Connection[id: a86e8089-d5e6-4788-b789-7fa17d30df39] - connected successfully after 1.701799999922514 milliseconds"}
{"level":"INFO","message":"[6:10:42.754 PM]: Creating new connection object"}
{"level":"INFO","message":"[6:10:42.756 PM]: Creating Connection[id: 9a6ae21f-a611-403b-8c69-e1254a7a2fbc] with host: RMCVKYD-LK80402.snowflakecomputing.com, account: RMCVKYD-LK80402, accessUrl: https://RMCVKYD-LK80402.snowflakecomputing.com, user: TULIPRAAJ007, password is provided, role: undefined, database: ASSETERA, schema: PUBLIC, warehouse: COMPUTE_WH, region: undefined, authenticator: SNOWFLAKE, ocsp mode: FAIL_OPEN, os: win32, os version: 10.0.20348"}
{"level":"INFO","message":"[6:10:42.782 PM]: Connection[id: 9a6ae21f-a611-403b-8c69-e1254a7a2fbc] additional details: passcode in password is provided, passcode is not provided, private key is not provided, application: undefined, client name: snowflake-sdk, client version: 1.15.0, retry timeout: 300, private key path: undefined, private key pass is not provided, client store temporary credential: false, browser response timeout: 120000"}
{"level":"INFO","message":"[6:10:42.783 PM]: Connection[id: 9a6ae21f-a611-403b-8c69-e1254a7a2fbc] - connection object created successfully."}
{"level":"INFO","message":"[6:10:42.784 PM]: Connection[id: 9a6ae21f-a611-403b-8c69-e1254a7a2fbc] - connecting. Associated Snowflake domain: GLOBAL"}
{"level":"INFO","message":"[6:10:42.784 PM]: Connection[id: 9a6ae21f-a611-403b-8c69-e1254a7a2fbc] - authentication successful using: SNOWFLAKE"}
{"level":"INFO","message":"[6:10:42.786 PM]: Connection[id: 9a6ae21f-a611-403b-8c69-e1254a7a2fbc] - connected successfully after 2.023899999912828 milliseconds"}
{"level":"INFO","message":"[6:10:50.724 PM]: Creating new connection object"}
{"level":"INFO","message":"[6:10:50.729 PM]: Creating Connection[id: 5ce153b4-bc19-4f50-9c1c-8697511ad05b] with host: RMCVKYD-LK80402.snowflakecomputing.com, account: RMCVKYD-LK80402, accessUrl: https://RMCVKYD-LK80402.snowflakecomputing.com, user: TULIPRAAJ007, password is provided, role: undefined, database: ASSETERA, schema: PUBLIC, warehouse: COMPUTE_WH, region: undefined, authenticator: SNOWFLAKE, ocsp mode: FAIL_OPEN, os: win32, os version: 10.0.20348"}
{"level":"INFO","message":"[6:10:50.730 PM]: Connection[id: 5ce153b4-bc19-4f50-9c1c-8697511ad05b] additional details: passcode in password is provided, passcode is not provided, private key is not provided, application: undefined, client name: snowflake-sdk, client version: 1.15.0, retry timeout: 300, private key path: undefined, private key pass is not provided, client store temporary credential: false, browser response timeout: 120000"}
{"level":"INFO","message":"[6:10:50.730 PM]: Connection[id: 5ce153b4-bc19-4f50-9c1c-8697511ad05b] - connection object created successfully."}
{"level":"INFO","message":"[6:10:50.731 PM]: Connection[id: 5ce153b4-bc19-4f50-9c1c-8697511ad05b] - connecting. Associated Snowflake domain: GLOBAL"}
{"level":"INFO","message":"[6:10:50.732 PM]: Connection[id: 5ce153b4-bc19-4f50-9c1c-8697511ad05b] - authentication successful using: SNOWFLAKE"}
{"level":"INFO","message":"[6:10:50.732 PM]: Trying to initialize Easy Logging"}
{"level":"INFO","message":"[6:10:50.753 PM]: No client config detected."}
{"level":"INFO","message":"[6:10:50.754 PM]: No config file path found. Client config will not be used."}
{"level":"INFO","message":"[6:10:50.754 PM]: Easy Logging is disabled as no config has been found"}
{"level":"INFO","message":"[6:10:50.755 PM]: Connection[id: 5ce153b4-bc19-4f50-9c1c-8697511ad05b] - connected successfully after 24.541100000031292 milliseconds"}
{"level":"INFO","message":"[6:10:51.309 PM]: Creating new connection object"}
{"level":"INFO","message":"[6:10:51.311 PM]: Creating Connection[id: 2dac470a-e9f1-4e50-9133-0c2a20fecaf0] with host: RMCVKYD-LK80402.snowflakecomputing.com, account: RMCVKYD-LK80402, accessUrl: https://RMCVKYD-LK80402.snowflakecomputing.com, user: TULIPRAAJ007, password is provided, role: undefined, database: ASSETERA, schema: PUBLIC, warehouse: COMPUTE_WH, region: undefined, authenticator: SNOWFLAKE, ocsp mode: FAIL_OPEN, os: win32, os version: 10.0.20348"}
{"level":"INFO","message":"[6:10:51.311 PM]: Connection[id: 2dac470a-e9f1-4e50-9133-0c2a20fecaf0] additional details: passcode in password is provided, passcode is not provided, private key is not provided, application: undefined, client name: snowflake-sdk, client version: 1.15.0, retry timeout: 300, private key path: undefined, private key pass is not provided, client store temporary credential: false, browser response timeout: 120000"}
{"level":"INFO","message":"[6:10:51.312 PM]: Connection[id: 2dac470a-e9f1-4e50-9133-0c2a20fecaf0] - connection object created successfully."}
{"level":"INFO","message":"[6:10:51.312 PM]: Connection[id: 2dac470a-e9f1-4e50-9133-0c2a20fecaf0] - connecting. Associated Snowflake domain: GLOBAL"}
{"level":"INFO","message":"[6:10:51.313 PM]: Connection[id: 2dac470a-e9f1-4e50-9133-0c2a20fecaf0] - authentication successful using: SNOWFLAKE"}
{"level":"INFO","message":"[6:10:51.314 PM]: Connection[id: 2dac470a-e9f1-4e50-9133-0c2a20fecaf0] - connected successfully after 1.2376000001095235 milliseconds"}
{"level":"INFO","message":"[6:10:59.096 PM]: Creating new connection object"}
{"level":"INFO","message":"[6:10:59.101 PM]: Creating Connection[id: e1fe8959-f8c5-4784-a10d-8bae08e79367] with host: RMCVKYD-LK80402.snowflakecomputing.com, account: RMCVKYD-LK80402, accessUrl: https://RMCVKYD-LK80402.snowflakecomputing.com, user: TULIPRAAJ007, password is provided, role: undefined, database: ASSETERA, schema: PUBLIC, warehouse: COMPUTE_WH, region: undefined, authenticator: SNOWFLAKE, ocsp mode: FAIL_OPEN, os: win32, os version: 10.0.20348"}
{"level":"INFO","message":"[6:10:59.102 PM]: Connection[id: e1fe8959-f8c5-4784-a10d-8bae08e79367] additional details: passcode in password is provided, passcode is not provided, private key is not provided, application: undefined, client name: snowflake-sdk, client version: 1.15.0, retry timeout: 300, private key path: undefined, private key pass is not provided, client store temporary credential: false, browser response timeout: 120000"}
{"level":"INFO","message":"[6:10:59.103 PM]: Connection[id: e1fe8959-f8c5-4784-a10d-8bae08e79367] - connection object created successfully."}
{"level":"INFO","message":"[6:10:59.104 PM]: Connection[id: e1fe8959-f8c5-4784-a10d-8bae08e79367] - connecting. Associated Snowflake domain: GLOBAL"}
{"level":"INFO","message":"[6:10:59.104 PM]: Connection[id: e1fe8959-f8c5-4784-a10d-8bae08e79367] - authentication successful using: SNOWFLAKE"}
{"level":"INFO","message":"[6:10:59.105 PM]: Trying to initialize Easy Logging"}
{"level":"INFO","message":"[6:10:59.112 PM]: No client config detected."}
{"level":"INFO","message":"[6:10:59.113 PM]: No config file path found. Client config will not be used."}
{"level":"INFO","message":"[6:10:59.113 PM]: Easy Logging is disabled as no config has been found"}
{"level":"INFO","message":"[6:10:59.115 PM]: Connection[id: e1fe8959-f8c5-4784-a10d-8bae08e79367] - connected successfully after 11.012000000104308 milliseconds"}
{"level":"INFO","message":"[6:10:59.740 PM]: Creating new connection object"}
{"level":"INFO","message":"[6:10:59.875 PM]: Creating Connection[id: 02ab8114-a069-4858-ad1d-9c69884cae9a] with host: RMCVKYD-LK80402.snowflakecomputing.com, account: RMCVKYD-LK80402, accessUrl: https://RMCVKYD-LK80402.snowflakecomputing.com, user: TULIPRAAJ007, password is provided, role: undefined, database: ASSETERA, schema: PUBLIC, warehouse: COMPUTE_WH, region: undefined, authenticator: SNOWFLAKE, ocsp mode: FAIL_OPEN, os: win32, os version: 10.0.20348"}
{"level":"INFO","message":"[6:10:59.932 PM]: Connection[id: 02ab8114-a069-4858-ad1d-9c69884cae9a] additional details: passcode in password is provided, passcode is not provided, private key is not provided, application: undefined, client name: snowflake-sdk, client version: 1.15.0, retry timeout: 300, private key path: undefined, private key pass is not provided, client store temporary credential: false, browser response timeout: 120000"}
{"level":"INFO","message":"[6:10:59.941 PM]: Connection[id: 02ab8114-a069-4858-ad1d-9c69884cae9a] - connection object created successfully."}
{"level":"INFO","message":"[6:10:59.941 PM]: Connection[id: 02ab8114-a069-4858-ad1d-9c69884cae9a] - connecting. Associated Snowflake domain: GLOBAL"}
{"level":"INFO","message":"[6:10:59.942 PM]: Connection[id: 02ab8114-a069-4858-ad1d-9c69884cae9a] - authentication successful using: SNOWFLAKE"}
{"level":"INFO","message":"[6:10:59.961 PM]: Connection[id: 02ab8114-a069-4858-ad1d-9c69884cae9a] - connected successfully after 19.90389999980107 milliseconds"}
{"level":"INFO","message":"[6:11:07.617 PM]: Creating new connection object"}
{"level":"INFO","message":"[6:11:07.624 PM]: Creating Connection[id: 0ecc3986-49a1-4f63-9003-97fd3fcf4e04] with host: RMCVKYD-LK80402.snowflakecomputing.com, account: RMCVKYD-LK80402, accessUrl: https://RMCVKYD-LK80402.snowflakecomputing.com, user: TULIPRAAJ007, password is provided, role: undefined, database: ASSETERA, schema: PUBLIC, warehouse: COMPUTE_WH, region: undefined, authenticator: SNOWFLAKE, ocsp mode: FAIL_OPEN, os: win32, os version: 10.0.20348"}
{"level":"INFO","message":"[6:11:07.625 PM]: Connection[id: 0ecc3986-49a1-4f63-9003-97fd3fcf4e04] additional details: passcode in password is provided, passcode is not provided, private key is not provided, application: undefined, client name: snowflake-sdk, client version: 1.15.0, retry timeout: 300, private key path: undefined, private key pass is not provided, client store temporary credential: false, browser response timeout: 120000"}
{"level":"INFO","message":"[6:11:07.625 PM]: Connection[id: 0ecc3986-49a1-4f63-9003-97fd3fcf4e04] - connection object created successfully."}
{"level":"INFO","message":"[6:11:07.626 PM]: Connection[id: 0ecc3986-49a1-4f63-9003-97fd3fcf4e04] - connecting. Associated Snowflake domain: GLOBAL"}
{"level":"INFO","message":"[6:11:07.627 PM]: Connection[id: 0ecc3986-49a1-4f63-9003-97fd3fcf4e04] - authentication successful using: SNOWFLAKE"}
{"level":"INFO","message":"[6:11:07.628 PM]: Trying to initialize Easy Logging"}
{"level":"INFO","message":"[6:11:07.638 PM]: No client config detected."}
{"level":"INFO","message":"[6:11:07.639 PM]: No config file path found. Client config will not be used."}
{"level":"INFO","message":"[6:11:07.639 PM]: Easy Logging is disabled as no config has been found"}
{"level":"INFO","message":"[6:11:07.641 PM]: Connection[id: 0ecc3986-49a1-4f63-9003-97fd3fcf4e04] - connected successfully after 15.19329999992624 milliseconds"}
{"level":"INFO","message":"[6:11:08.213 PM]: Creating new connection object"}
{"level":"INFO","message":"[6:11:08.215 PM]: Creating Connection[id: f7f38fb1-a145-4e9a-be97-51bad637773c] with host: RMCVKYD-LK80402.snowflakecomputing.com, account: RMCVKYD-LK80402, accessUrl: https://RMCVKYD-LK80402.snowflakecomputing.com, user: TULIPRAAJ007, password is provided, role: undefined, database: ASSETERA, schema: PUBLIC, warehouse: COMPUTE_WH, region: undefined, authenticator: SNOWFLAKE, ocsp mode: FAIL_OPEN, os: win32, os version: 10.0.20348"}
{"level":"INFO","message":"[6:11:08.216 PM]: Connection[id: f7f38fb1-a145-4e9a-be97-51bad637773c] additional details: passcode in password is provided, passcode is not provided, private key is not provided, application: undefined, client name: snowflake-sdk, client version: 1.15.0, retry timeout: 300, private key path: undefined, private key pass is not provided, client store temporary credential: false, browser response timeout: 120000"}
{"level":"INFO","message":"[6:11:08.216 PM]: Connection[id: f7f38fb1-a145-4e9a-be97-51bad637773c] - connection object created successfully."}
{"level":"INFO","message":"[6:11:08.216 PM]: Connection[id: f7f38fb1-a145-4e9a-be97-51bad637773c] - connecting. Associated Snowflake domain: GLOBAL"}
{"level":"INFO","message":"[6:11:08.217 PM]: Connection[id: f7f38fb1-a145-4e9a-be97-51bad637773c] - authentication successful using: SNOWFLAKE"}
{"level":"INFO","message":"[6:11:08.218 PM]: Connection[id: f7f38fb1-a145-4e9a-be97-51bad637773c] - connected successfully after 1.1783999996259809 milliseconds"}
{"level":"INFO","message":"[6:14:05.725 PM]: Creating new connection object"}
{"level":"INFO","message":"[6:14:05.737 PM]: Creating Connection[id: 1b3bb380-95c8-4cf2-ad57-f7f10024a8a2] with host: RMCVKYD-LK80402.snowflakecomputing.com, account: RMCVKYD-LK80402, accessUrl: https://RMCVKYD-LK80402.snowflakecomputing.com, user: TULIPRAAJ007, password is provided, role: undefined, database: ASSETERA, schema: PUBLIC, warehouse: COMPUTE_WH, region: undefined, authenticator: SNOWFLAKE, ocsp mode: FAIL_OPEN, os: win32, os version: 10.0.20348"}
{"level":"INFO","message":"[6:14:05.739 PM]: Connection[id: 1b3bb380-95c8-4cf2-ad57-f7f10024a8a2] additional details: passcode in password is provided, passcode is not provided, private key is not provided, application: undefined, client name: snowflake-sdk, client version: 1.15.0, retry timeout: 300, private key path: undefined, private key pass is not provided, client store temporary credential: false, browser response timeout: 120000"}
{"level":"INFO","message":"[6:14:05.740 PM]: Connection[id: 1b3bb380-95c8-4cf2-ad57-f7f10024a8a2] - connection object created successfully."}
{"level":"INFO","message":"[6:14:05.741 PM]: Connection[id: 1b3bb380-95c8-4cf2-ad57-f7f10024a8a2] - connecting. Associated Snowflake domain: GLOBAL"}
{"level":"INFO","message":"[6:14:05.742 PM]: Connection[id: 1b3bb380-95c8-4cf2-ad57-f7f10024a8a2] - authentication successful using: SNOWFLAKE"}
{"level":"INFO","message":"[6:14:05.743 PM]: Trying to initialize Easy Logging"}
{"level":"INFO","message":"[6:14:05.752 PM]: No client config detected."}
{"level":"INFO","message":"[6:14:05.752 PM]: No config file path found. Client config will not be used."}
{"level":"INFO","message":"[6:14:05.753 PM]: Easy Logging is disabled as no config has been found"}
{"level":"INFO","message":"[6:14:05.756 PM]: Connection[id: 1b3bb380-95c8-4cf2-ad57-f7f10024a8a2] - connected successfully after 14.824900000356138 milliseconds"}
{"level":"INFO","message":"[6:14:06.354 PM]: Creating new connection object"}
{"level":"INFO","message":"[6:14:06.355 PM]: Creating Connection[id: cc1b5065-259b-4b1d-8cd5-005c3574cc67] with host: RMCVKYD-LK80402.snowflakecomputing.com, account: RMCVKYD-LK80402, accessUrl: https://RMCVKYD-LK80402.snowflakecomputing.com, user: TULIPRAAJ007, password is provided, role: undefined, database: ASSETERA, schema: PUBLIC, warehouse: COMPUTE_WH, region: undefined, authenticator: SNOWFLAKE, ocsp mode: FAIL_OPEN, os: win32, os version: 10.0.20348"}
{"level":"INFO","message":"[6:14:06.356 PM]: Connection[id: cc1b5065-259b-4b1d-8cd5-005c3574cc67] additional details: passcode in password is provided, passcode is not provided, private key is not provided, application: undefined, client name: snowflake-sdk, client version: 1.15.0, retry timeout: 300, private key path: undefined, private key pass is not provided, client store temporary credential: false, browser response timeout: 120000"}
{"level":"INFO","message":"[6:14:06.357 PM]: Connection[id: cc1b5065-259b-4b1d-8cd5-005c3574cc67] - connection object created successfully."}
{"level":"INFO","message":"[6:14:06.358 PM]: Connection[id: cc1b5065-259b-4b1d-8cd5-005c3574cc67] - connecting. Associated Snowflake domain: GLOBAL"}
{"level":"INFO","message":"[6:14:06.358 PM]: Connection[id: cc1b5065-259b-4b1d-8cd5-005c3574cc67] - authentication successful using: SNOWFLAKE"}
{"level":"INFO","message":"[6:14:06.359 PM]: Connection[id: cc1b5065-259b-4b1d-8cd5-005c3574cc67] - connected successfully after 1.0492000002413988 milliseconds"}
{"level":"INFO","message":"[6:14:26.054 PM]: Creating new connection object"}
{"level":"INFO","message":"[6:14:26.064 PM]: Creating Connection[id: ba2343ae-adb2-45a8-9b7b-65666c2a96bc] with host: RMCVKYD-LK80402.snowflakecomputing.com, account: RMCVKYD-LK80402, accessUrl: https://RMCVKYD-LK80402.snowflakecomputing.com, user: TULIPRAAJ007, password is provided, role: undefined, database: ASSETERA, schema: PUBLIC, warehouse: COMPUTE_WH, region: undefined, authenticator: SNOWFLAKE, ocsp mode: FAIL_OPEN, os: win32, os version: 10.0.20348"}
{"level":"INFO","message":"[6:14:26.065 PM]: Connection[id: ba2343ae-adb2-45a8-9b7b-65666c2a96bc] additional details: passcode in password is provided, passcode is not provided, private key is not provided, application: undefined, client name: snowflake-sdk, client version: 1.15.0, retry timeout: 300, private key path: undefined, private key pass is not provided, client store temporary credential: false, browser response timeout: 120000"}
{"level":"INFO","message":"[6:14:26.066 PM]: Connection[id: ba2343ae-adb2-45a8-9b7b-65666c2a96bc] - connection object created successfully."}
{"level":"INFO","message":"[6:14:26.066 PM]: Connection[id: ba2343ae-adb2-45a8-9b7b-65666c2a96bc] - connecting. Associated Snowflake domain: GLOBAL"}
{"level":"INFO","message":"[6:14:26.068 PM]: Connection[id: ba2343ae-adb2-45a8-9b7b-65666c2a96bc] - authentication successful using: SNOWFLAKE"}
{"level":"INFO","message":"[6:14:26.069 PM]: Trying to initialize Easy Logging"}
{"level":"INFO","message":"[6:14:26.084 PM]: No client config detected."}
{"level":"INFO","message":"[6:14:26.085 PM]: No config file path found. Client config will not be used."}
{"level":"INFO","message":"[6:14:26.086 PM]: Easy Logging is disabled as no config has been found"}
{"level":"INFO","message":"[6:14:26.088 PM]: Connection[id: ba2343ae-adb2-45a8-9b7b-65666c2a96bc] - connected successfully after 21.64589999988675 milliseconds"}
{"level":"INFO","message":"[6:14:26.754 PM]: Creating new connection object"}
{"level":"INFO","message":"[6:14:26.756 PM]: Creating Connection[id: cc958dfc-9b33-4644-9924-9092982413cb] with host: RMCVKYD-LK80402.snowflakecomputing.com, account: RMCVKYD-LK80402, accessUrl: https://RMCVKYD-LK80402.snowflakecomputing.com, user: TULIPRAAJ007, password is provided, role: undefined, database: ASSETERA, schema: PUBLIC, warehouse: COMPUTE_WH, region: undefined, authenticator: SNOWFLAKE, ocsp mode: FAIL_OPEN, os: win32, os version: 10.0.20348"}
{"level":"INFO","message":"[6:14:26.756 PM]: Connection[id: cc958dfc-9b33-4644-9924-9092982413cb] additional details: passcode in password is provided, passcode is not provided, private key is not provided, application: undefined, client name: snowflake-sdk, client version: 1.15.0, retry timeout: 300, private key path: undefined, private key pass is not provided, client store temporary credential: false, browser response timeout: 120000"}
{"level":"INFO","message":"[6:14:26.757 PM]: Connection[id: cc958dfc-9b33-4644-9924-9092982413cb] - connection object created successfully."}
{"level":"INFO","message":"[6:14:26.757 PM]: Connection[id: cc958dfc-9b33-4644-9924-9092982413cb] - connecting. Associated Snowflake domain: GLOBAL"}
{"level":"INFO","message":"[6:14:26.758 PM]: Connection[id: cc958dfc-9b33-4644-9924-9092982413cb] - authentication successful using: SNOWFLAKE"}
{"level":"INFO","message":"[6:14:26.759 PM]: Connection[id: cc958dfc-9b33-4644-9924-9092982413cb] - connected successfully after 1.3323999997228384 milliseconds"}
{"level":"INFO","message":"[6:14:33.012 PM]: Creating new connection object"}
{"level":"INFO","message":"[6:14:33.016 PM]: Creating Connection[id: f7ed707e-fed2-4ea0-9741-6e40d624ddf7] with host: RMCVKYD-LK80402.snowflakecomputing.com, account: RMCVKYD-LK80402, accessUrl: https://RMCVKYD-LK80402.snowflakecomputing.com, user: TULIPRAAJ007, password is provided, role: undefined, database: ASSETERA, schema: PUBLIC, warehouse: COMPUTE_WH, region: undefined, authenticator: SNOWFLAKE, ocsp mode: FAIL_OPEN, os: win32, os version: 10.0.20348"}
{"level":"INFO","message":"[6:14:33.024 PM]: Connection[id: f7ed707e-fed2-4ea0-9741-6e40d624ddf7] additional details: passcode in password is provided, passcode is not provided, private key is not provided, application: undefined, client name: snowflake-sdk, client version: 1.15.0, retry timeout: 300, private key path: undefined, private key pass is not provided, client store temporary credential: false, browser response timeout: 120000"}
{"level":"INFO","message":"[6:14:33.025 PM]: Connection[id: f7ed707e-fed2-4ea0-9741-6e40d624ddf7] - connection object created successfully."}
{"level":"INFO","message":"[6:14:33.025 PM]: Connection[id: f7ed707e-fed2-4ea0-9741-6e40d624ddf7] - connecting. Associated Snowflake domain: GLOBAL"}
{"level":"INFO","message":"[6:14:33.026 PM]: Connection[id: f7ed707e-fed2-4ea0-9741-6e40d624ddf7] - authentication successful using: SNOWFLAKE"}
{"level":"INFO","message":"[6:14:33.027 PM]: Connection[id: f7ed707e-fed2-4ea0-9741-6e40d624ddf7] - connected successfully after 1.7696000002324581 milliseconds"}
{"level":"INFO","message":"[6:14:33.402 PM]: Creating new connection object"}
{"level":"INFO","message":"[6:14:33.403 PM]: Creating Connection[id: c4691980-c55a-42c3-af0b-26e7303266d0] with host: RMCVKYD-LK80402.snowflakecomputing.com, account: RMCVKYD-LK80402, accessUrl: https://RMCVKYD-LK80402.snowflakecomputing.com, user: TULIPRAAJ007, password is provided, role: undefined, database: ASSETERA, schema: PUBLIC, warehouse: COMPUTE_WH, region: undefined, authenticator: SNOWFLAKE, ocsp mode: FAIL_OPEN, os: win32, os version: 10.0.20348"}
{"level":"INFO","message":"[6:14:33.404 PM]: Connection[id: c4691980-c55a-42c3-af0b-26e7303266d0] additional details: passcode in password is provided, passcode is not provided, private key is not provided, application: undefined, client name: snowflake-sdk, client version: 1.15.0, retry timeout: 300, private key path: undefined, private key pass is not provided, client store temporary credential: false, browser response timeout: 120000"}
{"level":"INFO","message":"[6:14:33.404 PM]: Connection[id: c4691980-c55a-42c3-af0b-26e7303266d0] - connection object created successfully."}
{"level":"INFO","message":"[6:14:33.404 PM]: Connection[id: c4691980-c55a-42c3-af0b-26e7303266d0] - connecting. Associated Snowflake domain: GLOBAL"}
{"level":"INFO","message":"[6:14:33.405 PM]: Connection[id: c4691980-c55a-42c3-af0b-26e7303266d0] - authentication successful using: SNOWFLAKE"}
{"level":"INFO","message":"[6:14:33.406 PM]: Connection[id: c4691980-c55a-42c3-af0b-26e7303266d0] - connected successfully after 1.4049000004306436 milliseconds"}
{"level":"INFO","message":"[6:14:39.064 PM]: Creating new connection object"}
{"level":"INFO","message":"[6:14:39.066 PM]: Creating Connection[id: 8a0bbc42-f306-476e-be98-007bbc962b18] with host: RMCVKYD-LK80402.snowflakecomputing.com, account: RMCVKYD-LK80402, accessUrl: https://RMCVKYD-LK80402.snowflakecomputing.com, user: TULIPRAAJ007, password is provided, role: undefined, database: ASSETERA, schema: PUBLIC, warehouse: COMPUTE_WH, region: undefined, authenticator: SNOWFLAKE, ocsp mode: FAIL_OPEN, os: win32, os version: 10.0.20348"}
{"level":"INFO","message":"[6:14:39.066 PM]: Connection[id: 8a0bbc42-f306-476e-be98-007bbc962b18] additional details: passcode in password is provided, passcode is not provided, private key is not provided, application: undefined, client name: snowflake-sdk, client version: 1.15.0, retry timeout: 300, private key path: undefined, private key pass is not provided, client store temporary credential: false, browser response timeout: 120000"}
{"level":"INFO","message":"[6:14:39.067 PM]: Connection[id: 8a0bbc42-f306-476e-be98-007bbc962b18] - connection object created successfully."}
{"level":"INFO","message":"[6:14:39.067 PM]: Connection[id: 8a0bbc42-f306-476e-be98-007bbc962b18] - connecting. Associated Snowflake domain: GLOBAL"}
{"level":"INFO","message":"[6:14:39.067 PM]: Connection[id: 8a0bbc42-f306-476e-be98-007bbc962b18] - authentication successful using: SNOWFLAKE"}
{"level":"INFO","message":"[6:14:39.068 PM]: Connection[id: 8a0bbc42-f306-476e-be98-007bbc962b18] - connected successfully after 1.2218000004068017 milliseconds"}
{"level":"INFO","message":"[6:14:39.671 PM]: Creating new connection object"}
{"level":"INFO","message":"[6:14:39.673 PM]: Creating Connection[id: 77a4f369-9919-44b9-864b-ac29b7b33a67] with host: RMCVKYD-LK80402.snowflakecomputing.com, account: RMCVKYD-LK80402, accessUrl: https://RMCVKYD-LK80402.snowflakecomputing.com, user: TULIPRAAJ007, password is provided, role: undefined, database: ASSETERA, schema: PUBLIC, warehouse: COMPUTE_WH, region: undefined, authenticator: SNOWFLAKE, ocsp mode: FAIL_OPEN, os: win32, os version: 10.0.20348"}
{"level":"INFO","message":"[6:14:39.673 PM]: Connection[id: 77a4f369-9919-44b9-864b-ac29b7b33a67] additional details: passcode in password is provided, passcode is not provided, private key is not provided, application: undefined, client name: snowflake-sdk, client version: 1.15.0, retry timeout: 300, private key path: undefined, private key pass is not provided, client store temporary credential: false, browser response timeout: 120000"}
{"level":"INFO","message":"[6:14:39.674 PM]: Connection[id: 77a4f369-9919-44b9-864b-ac29b7b33a67] - connection object created successfully."}
{"level":"INFO","message":"[6:14:39.675 PM]: Connection[id: 77a4f369-9919-44b9-864b-ac29b7b33a67] - connecting. Associated Snowflake domain: GLOBAL"}
{"level":"INFO","message":"[6:14:39.675 PM]: Connection[id: 77a4f369-9919-44b9-864b-ac29b7b33a67] - authentication successful using: SNOWFLAKE"}
{"level":"INFO","message":"[6:14:39.676 PM]: Connection[id: 77a4f369-9919-44b9-864b-ac29b7b33a67] - connected successfully after 1.6905000004917383 milliseconds"}
{"level":"INFO","message":"[6:14:44.371 PM]: Creating new connection object"}
{"level":"INFO","message":"[6:14:44.372 PM]: Creating Connection[id: 88342ac7-6626-4c1d-a919-b174056b62b0] with host: RMCVKYD-LK80402.snowflakecomputing.com, account: RMCVKYD-LK80402, accessUrl: https://RMCVKYD-LK80402.snowflakecomputing.com, user: TULIPRAAJ007, password is provided, role: undefined, database: ASSETERA, schema: PUBLIC, warehouse: COMPUTE_WH, region: undefined, authenticator: SNOWFLAKE, ocsp mode: FAIL_OPEN, os: win32, os version: 10.0.20348"}
{"level":"INFO","message":"[6:14:44.373 PM]: Connection[id: 88342ac7-6626-4c1d-a919-b174056b62b0] additional details: passcode in password is provided, passcode is not provided, private key is not provided, application: undefined, client name: snowflake-sdk, client version: 1.15.0, retry timeout: 300, private key path: undefined, private key pass is not provided, client store temporary credential: false, browser response timeout: 120000"}
{"level":"INFO","message":"[6:14:44.374 PM]: Connection[id: 88342ac7-6626-4c1d-a919-b174056b62b0] - connection object created successfully."}
{"level":"INFO","message":"[6:14:44.376 PM]: Connection[id: 88342ac7-6626-4c1d-a919-b174056b62b0] - connecting. Associated Snowflake domain: GLOBAL"}
{"level":"INFO","message":"[6:14:44.377 PM]: Connection[id: 88342ac7-6626-4c1d-a919-b174056b62b0] - authentication successful using: SNOWFLAKE"}
{"level":"INFO","message":"[6:14:44.378 PM]: Connection[id: 88342ac7-6626-4c1d-a919-b174056b62b0] - connected successfully after 2.1550000002607703 milliseconds"}
{"level":"INFO","message":"[6:14:45.029 PM]: Creating new connection object"}
{"level":"INFO","message":"[6:14:45.031 PM]: Creating Connection[id: e4d67b33-72be-4b5b-b2d4-69f89b5b773e] with host: RMCVKYD-LK80402.snowflakecomputing.com, account: RMCVKYD-LK80402, accessUrl: https://RMCVKYD-LK80402.snowflakecomputing.com, user: TULIPRAAJ007, password is provided, role: undefined, database: ASSETERA, schema: PUBLIC, warehouse: COMPUTE_WH, region: undefined, authenticator: SNOWFLAKE, ocsp mode: FAIL_OPEN, os: win32, os version: 10.0.20348"}
{"level":"INFO","message":"[6:14:45.032 PM]: Connection[id: e4d67b33-72be-4b5b-b2d4-69f89b5b773e] additional details: passcode in password is provided, passcode is not provided, private key is not provided, application: undefined, client name: snowflake-sdk, client version: 1.15.0, retry timeout: 300, private key path: undefined, private key pass is not provided, client store temporary credential: false, browser response timeout: 120000"}
{"level":"INFO","message":"[6:14:45.033 PM]: Connection[id: e4d67b33-72be-4b5b-b2d4-69f89b5b773e] - connection object created successfully."}
{"level":"INFO","message":"[6:14:45.034 PM]: Connection[id: e4d67b33-72be-4b5b-b2d4-69f89b5b773e] - connecting. Associated Snowflake domain: GLOBAL"}
{"level":"INFO","message":"[6:14:45.034 PM]: Connection[id: e4d67b33-72be-4b5b-b2d4-69f89b5b773e] - authentication successful using: SNOWFLAKE"}
{"level":"INFO","message":"[6:14:45.035 PM]: Connection[id: e4d67b33-72be-4b5b-b2d4-69f89b5b773e] - connected successfully after 1.7213000003248453 milliseconds"}
{"level":"INFO","message":"[6:14:55.830 PM]: Creating new connection object"}
{"level":"INFO","message":"[6:14:55.863 PM]: Creating Connection[id: 355b8b19-3807-4d7f-aeea-5db5c300e882] with host: RMCVKYD-LK80402.snowflakecomputing.com, account: RMCVKYD-LK80402, accessUrl: https://RMCVKYD-LK80402.snowflakecomputing.com, user: TULIPRAAJ007, password is provided, role: undefined, database: ASSETERA, schema: PUBLIC, warehouse: COMPUTE_WH, region: undefined, authenticator: SNOWFLAKE, ocsp mode: FAIL_OPEN, os: win32, os version: 10.0.20348"}
{"level":"INFO","message":"[6:14:55.879 PM]: Connection[id: 355b8b19-3807-4d7f-aeea-5db5c300e882] additional details: passcode in password is provided, passcode is not provided, private key is not provided, application: undefined, client name: snowflake-sdk, client version: 1.15.0, retry timeout: 300, private key path: undefined, private key pass is not provided, client store temporary credential: false, browser response timeout: 120000"}
{"level":"INFO","message":"[6:14:55.880 PM]: Connection[id: 355b8b19-3807-4d7f-aeea-5db5c300e882] - connection object created successfully."}
{"level":"INFO","message":"[6:14:55.881 PM]: Connection[id: 355b8b19-3807-4d7f-aeea-5db5c300e882] - connecting. Associated Snowflake domain: GLOBAL"}
{"level":"INFO","message":"[6:14:55.886 PM]: Connection[id: 355b8b19-3807-4d7f-aeea-5db5c300e882] - authentication successful using: SNOWFLAKE"}
{"level":"INFO","message":"[6:14:55.887 PM]: Trying to initialize Easy Logging"}
{"level":"INFO","message":"[6:14:55.904 PM]: No client config detected."}
{"level":"INFO","message":"[6:14:55.905 PM]: No config file path found. Client config will not be used."}
{"level":"INFO","message":"[6:14:55.906 PM]: Easy Logging is disabled as no config has been found"}
{"level":"INFO","message":"[6:14:55.908 PM]: Connection[id: 355b8b19-3807-4d7f-aeea-5db5c300e882] - connected successfully after 27.41429999936372 milliseconds"}
{"level":"INFO","message":"[6:15:13.438 PM]: Creating new connection object"}
{"level":"INFO","message":"[6:15:13.440 PM]: Creating Connection[id: eb992510-5e2b-4a02-a72f-4cdc5527ebbf] with host: RMCVKYD-LK80402.snowflakecomputing.com, account: RMCVKYD-LK80402, accessUrl: https://RMCVKYD-LK80402.snowflakecomputing.com, user: TULIPRAAJ007, password is provided, role: undefined, database: ASSETERA, schema: PUBLIC, warehouse: COMPUTE_WH, region: undefined, authenticator: SNOWFLAKE, ocsp mode: FAIL_OPEN, os: win32, os version: 10.0.20348"}
{"level":"INFO","message":"[6:15:13.441 PM]: Connection[id: eb992510-5e2b-4a02-a72f-4cdc5527ebbf] additional details: passcode in password is provided, passcode is not provided, private key is not provided, application: undefined, client name: snowflake-sdk, client version: 1.15.0, retry timeout: 300, private key path: undefined, private key pass is not provided, client store temporary credential: false, browser response timeout: 120000"}
{"level":"INFO","message":"[6:15:13.442 PM]: Connection[id: eb992510-5e2b-4a02-a72f-4cdc5527ebbf] - connection object created successfully."}
{"level":"INFO","message":"[6:15:13.442 PM]: Connection[id: eb992510-5e2b-4a02-a72f-4cdc5527ebbf] - connecting. Associated Snowflake domain: GLOBAL"}
{"level":"INFO","message":"[6:15:13.443 PM]: Connection[id: eb992510-5e2b-4a02-a72f-4cdc5527ebbf] - authentication successful using: SNOWFLAKE"}
{"level":"INFO","message":"[6:15:13.444 PM]: Connection[id: eb992510-5e2b-4a02-a72f-4cdc5527ebbf] - connected successfully after 1.7072000000625849 milliseconds"}
{"level":"INFO","message":"[6:15:13.773 PM]: Creating new connection object"}
{"level":"INFO","message":"[6:15:13.776 PM]: Creating Connection[id: 1c69fad8-1d90-40f3-812a-16051bf57262] with host: RMCVKYD-LK80402.snowflakecomputing.com, account: RMCVKYD-LK80402, accessUrl: https://RMCVKYD-LK80402.snowflakecomputing.com, user: TULIPRAAJ007, password is provided, role: undefined, database: ASSETERA, schema: PUBLIC, warehouse: COMPUTE_WH, region: undefined, authenticator: SNOWFLAKE, ocsp mode: FAIL_OPEN, os: win32, os version: 10.0.20348"}
{"level":"INFO","message":"[6:15:13.777 PM]: Connection[id: 1c69fad8-1d90-40f3-812a-16051bf57262] additional details: passcode in password is provided, passcode is not provided, private key is not provided, application: undefined, client name: snowflake-sdk, client version: 1.15.0, retry timeout: 300, private key path: undefined, private key pass is not provided, client store temporary credential: false, browser response timeout: 120000"}
{"level":"INFO","message":"[6:15:13.778 PM]: Connection[id: 1c69fad8-1d90-40f3-812a-16051bf57262] - connection object created successfully."}
{"level":"INFO","message":"[6:15:13.778 PM]: Connection[id: 1c69fad8-1d90-40f3-812a-16051bf57262] - connecting. Associated Snowflake domain: GLOBAL"}
{"level":"INFO","message":"[6:15:13.779 PM]: Connection[id: 1c69fad8-1d90-40f3-812a-16051bf57262] - authentication successful using: SNOWFLAKE"}
{"level":"INFO","message":"[6:15:13.781 PM]: Connection[id: 1c69fad8-1d90-40f3-812a-16051bf57262] - connected successfully after 2.8189000003039837 milliseconds"}
{"level":"INFO","message":"[6:25:48.873 PM]: Creating new connection object"}
{"level":"INFO","message":"[6:25:48.883 PM]: Creating Connection[id: c27f8b74-9266-45b0-8390-0cca5168c8aa] with host: RMCVKYD-LK80402.snowflakecomputing.com, account: RMCVKYD-LK80402, accessUrl: https://RMCVKYD-LK80402.snowflakecomputing.com, user: TULIPRAAJ007, password is provided, role: undefined, database: ASSETERA, schema: PUBLIC, warehouse: COMPUTE_WH, region: undefined, authenticator: SNOWFLAKE, ocsp mode: FAIL_OPEN, os: win32, os version: 10.0.20348"}
{"level":"INFO","message":"[6:25:48.884 PM]: Connection[id: c27f8b74-9266-45b0-8390-0cca5168c8aa] additional details: passcode in password is provided, passcode is not provided, private key is not provided, application: undefined, client name: snowflake-sdk, client version: 1.15.0, retry timeout: 300, private key path: undefined, private key pass is not provided, client store temporary credential: false, browser response timeout: 120000"}
{"level":"INFO","message":"[6:25:48.885 PM]: Connection[id: c27f8b74-9266-45b0-8390-0cca5168c8aa] - connection object created successfully."}
{"level":"INFO","message":"[6:25:48.886 PM]: Connection[id: c27f8b74-9266-45b0-8390-0cca5168c8aa] - connecting. Associated Snowflake domain: GLOBAL"}
{"level":"INFO","message":"[6:25:48.887 PM]: Connection[id: c27f8b74-9266-45b0-8390-0cca5168c8aa] - authentication successful using: SNOWFLAKE"}
{"level":"INFO","message":"[6:25:48.900 PM]: Trying to initialize Easy Logging"}
{"level":"INFO","message":"[6:25:48.904 PM]: No client config detected."}
{"level":"INFO","message":"[6:25:48.908 PM]: No config file path found. Client config will not be used."}
{"level":"INFO","message":"[6:25:48.913 PM]: Easy Logging is disabled as no config has been found"}
{"level":"INFO","message":"[6:25:48.918 PM]: Connection[id: c27f8b74-9266-45b0-8390-0cca5168c8aa] - connected successfully after 31.35000000000582 milliseconds"}
{"level":"INFO","message":"[6:25:49.567 PM]: Creating new connection object"}
{"level":"INFO","message":"[6:25:49.569 PM]: Creating Connection[id: 3cc2ea19-3da7-46a5-9e6f-b6dabe097cea] with host: RMCVKYD-LK80402.snowflakecomputing.com, account: RMCVKYD-LK80402, accessUrl: https://RMCVKYD-LK80402.snowflakecomputing.com, user: TULIPRAAJ007, password is provided, role: undefined, database: ASSETERA, schema: PUBLIC, warehouse: COMPUTE_WH, region: undefined, authenticator: SNOWFLAKE, ocsp mode: FAIL_OPEN, os: win32, os version: 10.0.20348"}
{"level":"INFO","message":"[6:25:49.570 PM]: Connection[id: 3cc2ea19-3da7-46a5-9e6f-b6dabe097cea] additional details: passcode in password is provided, passcode is not provided, private key is not provided, application: undefined, client name: snowflake-sdk, client version: 1.15.0, retry timeout: 300, private key path: undefined, private key pass is not provided, client store temporary credential: false, browser response timeout: 120000"}
{"level":"INFO","message":"[6:25:49.570 PM]: Connection[id: 3cc2ea19-3da7-46a5-9e6f-b6dabe097cea] - connection object created successfully."}
{"level":"INFO","message":"[6:25:49.571 PM]: Connection[id: 3cc2ea19-3da7-46a5-9e6f-b6dabe097cea] - connecting. Associated Snowflake domain: GLOBAL"}
{"level":"INFO","message":"[6:25:49.572 PM]: Connection[id: 3cc2ea19-3da7-46a5-9e6f-b6dabe097cea] - authentication successful using: SNOWFLAKE"}
{"level":"INFO","message":"[6:25:49.573 PM]: Connection[id: 3cc2ea19-3da7-46a5-9e6f-b6dabe097cea] - connected successfully after 1.7249999999912689 milliseconds"}
{"level":"INFO","message":"[6:26:16.104 PM]: Creating new connection object"}
{"level":"INFO","message":"[6:26:16.106 PM]: Creating Connection[id: 902cc395-2dde-4b15-8efa-3703870b6907] with host: RMCVKYD-LK80402.snowflakecomputing.com, account: RMCVKYD-LK80402, accessUrl: https://RMCVKYD-LK80402.snowflakecomputing.com, user: TULIPRAAJ007, password is provided, role: undefined, database: ASSETERA, schema: PUBLIC, warehouse: COMPUTE_WH, region: undefined, authenticator: SNOWFLAKE, ocsp mode: FAIL_OPEN, os: win32, os version: 10.0.20348"}
{"level":"INFO","message":"[6:26:16.107 PM]: Connection[id: 902cc395-2dde-4b15-8efa-3703870b6907] additional details: passcode in password is provided, passcode is not provided, private key is not provided, application: undefined, client name: snowflake-sdk, client version: 1.15.0, retry timeout: 300, private key path: undefined, private key pass is not provided, client store temporary credential: false, browser response timeout: 120000"}
{"level":"INFO","message":"[6:26:16.107 PM]: Connection[id: 902cc395-2dde-4b15-8efa-3703870b6907] - connection object created successfully."}
{"level":"INFO","message":"[6:26:16.108 PM]: Connection[id: 902cc395-2dde-4b15-8efa-3703870b6907] - connecting. Associated Snowflake domain: GLOBAL"}
{"level":"INFO","message":"[6:26:16.108 PM]: Connection[id: 902cc395-2dde-4b15-8efa-3703870b6907] - authentication successful using: SNOWFLAKE"}
{"level":"INFO","message":"[6:26:16.110 PM]: Connection[id: 902cc395-2dde-4b15-8efa-3703870b6907] - connected successfully after 2.354299999991781 milliseconds"}
{"level":"INFO","message":"[6:26:16.467 PM]: Creating new connection object"}
{"level":"INFO","message":"[6:26:16.469 PM]: Creating Connection[id: 0f0a94dd-3a43-4731-8b8d-992076daa1dd] with host: RMCVKYD-LK80402.snowflakecomputing.com, account: RMCVKYD-LK80402, accessUrl: https://RMCVKYD-LK80402.snowflakecomputing.com, user: TULIPRAAJ007, password is provided, role: undefined, database: ASSETERA, schema: PUBLIC, warehouse: COMPUTE_WH, region: undefined, authenticator: SNOWFLAKE, ocsp mode: FAIL_OPEN, os: win32, os version: 10.0.20348"}
{"level":"INFO","message":"[6:26:16.469 PM]: Connection[id: 0f0a94dd-3a43-4731-8b8d-992076daa1dd] additional details: passcode in password is provided, passcode is not provided, private key is not provided, application: undefined, client name: snowflake-sdk, client version: 1.15.0, retry timeout: 300, private key path: undefined, private key pass is not provided, client store temporary credential: false, browser response timeout: 120000"}
{"level":"INFO","message":"[6:26:16.470 PM]: Connection[id: 0f0a94dd-3a43-4731-8b8d-992076daa1dd] - connection object created successfully."}
{"level":"INFO","message":"[6:26:16.471 PM]: Connection[id: 0f0a94dd-3a43-4731-8b8d-992076daa1dd] - connecting. Associated Snowflake domain: GLOBAL"}
{"level":"INFO","message":"[6:26:16.471 PM]: Connection[id: 0f0a94dd-3a43-4731-8b8d-992076daa1dd] - authentication successful using: SNOWFLAKE"}
{"level":"INFO","message":"[6:26:16.472 PM]: Connection[id: 0f0a94dd-3a43-4731-8b8d-992076daa1dd] - connected successfully after 1.508399999991525 milliseconds"}
{"level":"INFO","message":"[6:26:33.239 PM]: Creating new connection object"}
{"level":"INFO","message":"[6:26:33.241 PM]: Creating Connection[id: 599ce501-1db0-48be-b15f-3e5eb147995f] with host: RMCVKYD-LK80402.snowflakecomputing.com, account: RMCVKYD-LK80402, accessUrl: https://RMCVKYD-LK80402.snowflakecomputing.com, user: TULIPRAAJ007, password is provided, role: undefined, database: ASSETERA, schema: PUBLIC, warehouse: COMPUTE_WH, region: undefined, authenticator: SNOWFLAKE, ocsp mode: FAIL_OPEN, os: win32, os version: 10.0.20348"}
{"level":"INFO","message":"[6:26:33.241 PM]: Connection[id: 599ce501-1db0-48be-b15f-3e5eb147995f] additional details: passcode in password is provided, passcode is not provided, private key is not provided, application: undefined, client name: snowflake-sdk, client version: 1.15.0, retry timeout: 300, private key path: undefined, private key pass is not provided, client store temporary credential: false, browser response timeout: 120000"}
{"level":"INFO","message":"[6:26:33.243 PM]: Connection[id: 599ce501-1db0-48be-b15f-3e5eb147995f] - connection object created successfully."}
{"level":"INFO","message":"[6:26:33.244 PM]: Connection[id: 599ce501-1db0-48be-b15f-3e5eb147995f] - connecting. Associated Snowflake domain: GLOBAL"}
{"level":"INFO","message":"[6:26:33.244 PM]: Connection[id: 599ce501-1db0-48be-b15f-3e5eb147995f] - authentication successful using: SNOWFLAKE"}
{"level":"INFO","message":"[6:26:33.245 PM]: Connection[id: 599ce501-1db0-48be-b15f-3e5eb147995f] - connected successfully after 1.4121000000013737 milliseconds"}
{"level":"INFO","message":"[6:26:33.583 PM]: Creating new connection object"}
{"level":"INFO","message":"[6:26:33.585 PM]: Creating Connection[id: 53400f35-7202-4d45-931d-1fcad9a2000f] with host: RMCVKYD-LK80402.snowflakecomputing.com, account: RMCVKYD-LK80402, accessUrl: https://RMCVKYD-LK80402.snowflakecomputing.com, user: TULIPRAAJ007, password is provided, role: undefined, database: ASSETERA, schema: PUBLIC, warehouse: COMPUTE_WH, region: undefined, authenticator: SNOWFLAKE, ocsp mode: FAIL_OPEN, os: win32, os version: 10.0.20348"}
{"level":"INFO","message":"[6:26:33.586 PM]: Connection[id: 53400f35-7202-4d45-931d-1fcad9a2000f] additional details: passcode in password is provided, passcode is not provided, private key is not provided, application: undefined, client name: snowflake-sdk, client version: 1.15.0, retry timeout: 300, private key path: undefined, private key pass is not provided, client store temporary credential: false, browser response timeout: 120000"}
{"level":"INFO","message":"[6:26:33.586 PM]: Connection[id: 53400f35-7202-4d45-931d-1fcad9a2000f] - connection object created successfully."}
{"level":"INFO","message":"[6:26:33.587 PM]: Connection[id: 53400f35-7202-4d45-931d-1fcad9a2000f] - connecting. Associated Snowflake domain: GLOBAL"}
{"level":"INFO","message":"[6:26:33.587 PM]: Connection[id: 53400f35-7202-4d45-931d-1fcad9a2000f] - authentication successful using: SNOWFLAKE"}
{"level":"INFO","message":"[6:26:33.588 PM]: Connection[id: 53400f35-7202-4d45-931d-1fcad9a2000f] - connected successfully after 1.2946999999985565 milliseconds"}
{"level":"INFO","message":"[6:30:29.480 PM]: Creating new connection object"}
{"level":"INFO","message":"[6:30:29.490 PM]: Creating Connection[id: c14e8966-6f65-4a07-8509-7dc596ade321] with host: RMCVKYD-LK80402.snowflakecomputing.com, account: RMCVKYD-LK80402, accessUrl: https://RMCVKYD-LK80402.snowflakecomputing.com, user: TULIPRAAJ007, password is provided, role: undefined, database: ASSETERA, schema: PUBLIC, warehouse: COMPUTE_WH, region: undefined, authenticator: SNOWFLAKE, ocsp mode: FAIL_OPEN, os: win32, os version: 10.0.20348"}
{"level":"INFO","message":"[6:30:29.491 PM]: Connection[id: c14e8966-6f65-4a07-8509-7dc596ade321] additional details: passcode in password is provided, passcode is not provided, private key is not provided, application: undefined, client name: snowflake-sdk, client version: 1.15.0, retry timeout: 300, private key path: undefined, private key pass is not provided, client store temporary credential: false, browser response timeout: 120000"}
{"level":"INFO","message":"[6:30:29.492 PM]: Connection[id: c14e8966-6f65-4a07-8509-7dc596ade321] - connection object created successfully."}
{"level":"INFO","message":"[6:30:29.493 PM]: Connection[id: c14e8966-6f65-4a07-8509-7dc596ade321] - connecting. Associated Snowflake domain: GLOBAL"}
{"level":"INFO","message":"[6:30:29.494 PM]: Connection[id: c14e8966-6f65-4a07-8509-7dc596ade321] - authentication successful using: SNOWFLAKE"}
{"level":"INFO","message":"[6:30:29.495 PM]: Trying to initialize Easy Logging"}
{"level":"INFO","message":"[6:30:29.498 PM]: No client config detected."}
{"level":"INFO","message":"[6:30:29.499 PM]: No config file path found. Client config will not be used."}
{"level":"INFO","message":"[6:30:29.515 PM]: Easy Logging is disabled as no config has been found"}
{"level":"INFO","message":"[6:30:29.519 PM]: Connection[id: c14e8966-6f65-4a07-8509-7dc596ade321] - connected successfully after 25.758099999977276 milliseconds"}
{"level":"INFO","message":"[6:30:30.580 PM]: Creating new connection object"}
{"level":"INFO","message":"[6:30:30.582 PM]: Creating Connection[id: f0b7e3fc-630e-4fa9-aee2-ee1ac0691eee] with host: RMCVKYD-LK80402.snowflakecomputing.com, account: RMCVKYD-LK80402, accessUrl: https://RMCVKYD-LK80402.snowflakecomputing.com, user: TULIPRAAJ007, password is provided, role: undefined, database: ASSETERA, schema: PUBLIC, warehouse: COMPUTE_WH, region: undefined, authenticator: SNOWFLAKE, ocsp mode: FAIL_OPEN, os: win32, os version: 10.0.20348"}
{"level":"INFO","message":"[6:30:30.583 PM]: Connection[id: f0b7e3fc-630e-4fa9-aee2-ee1ac0691eee] additional details: passcode in password is provided, passcode is not provided, private key is not provided, application: undefined, client name: snowflake-sdk, client version: 1.15.0, retry timeout: 300, private key path: undefined, private key pass is not provided, client store temporary credential: false, browser response timeout: 120000"}
{"level":"INFO","message":"[6:30:30.583 PM]: Connection[id: f0b7e3fc-630e-4fa9-aee2-ee1ac0691eee] - connection object created successfully."}
{"level":"INFO","message":"[6:30:30.584 PM]: Connection[id: f0b7e3fc-630e-4fa9-aee2-ee1ac0691eee] - connecting. Associated Snowflake domain: GLOBAL"}
{"level":"INFO","message":"[6:30:30.585 PM]: Connection[id: f0b7e3fc-630e-4fa9-aee2-ee1ac0691eee] - authentication successful using: SNOWFLAKE"}
{"level":"INFO","message":"[6:30:30.586 PM]: Connection[id: f0b7e3fc-630e-4fa9-aee2-ee1ac0691eee] - connected successfully after 1.7413999999989755 milliseconds"}
{"level":"INFO","message":"[6:30:40.565 PM]: Creating new connection object"}
{"level":"INFO","message":"[6:30:40.566 PM]: Creating Connection[id: d282e0cc-6148-46fc-96b9-137d64a677f7] with host: RMCVKYD-LK80402.snowflakecomputing.com, account: RMCVKYD-LK80402, accessUrl: https://RMCVKYD-LK80402.snowflakecomputing.com, user: TULIPRAAJ007, password is provided, role: undefined, database: ASSETERA, schema: PUBLIC, warehouse: COMPUTE_WH, region: undefined, authenticator: SNOWFLAKE, ocsp mode: FAIL_OPEN, os: win32, os version: 10.0.20348"}
{"level":"INFO","message":"[6:30:40.568 PM]: Connection[id: d282e0cc-6148-46fc-96b9-137d64a677f7] additional details: passcode in password is provided, passcode is not provided, private key is not provided, application: undefined, client name: snowflake-sdk, client version: 1.15.0, retry timeout: 300, private key path: undefined, private key pass is not provided, client store temporary credential: false, browser response timeout: 120000"}
{"level":"INFO","message":"[6:30:40.593 PM]: Connection[id: d282e0cc-6148-46fc-96b9-137d64a677f7] - connection object created successfully."}
{"level":"INFO","message":"[6:30:40.595 PM]: Connection[id: d282e0cc-6148-46fc-96b9-137d64a677f7] - connecting. Associated Snowflake domain: GLOBAL"}
{"level":"INFO","message":"[6:30:40.595 PM]: Connection[id: d282e0cc-6148-46fc-96b9-137d64a677f7] - authentication successful using: SNOWFLAKE"}
{"level":"INFO","message":"[6:30:40.596 PM]: Connection[id: d282e0cc-6148-46fc-96b9-137d64a677f7] - connected successfully after 1.6986999999498948 milliseconds"}
{"level":"INFO","message":"[6:30:40.992 PM]: Creating new connection object"}
{"level":"INFO","message":"[6:30:40.994 PM]: Creating Connection[id: f228c7b9-ed15-469d-b37f-2dce29c88c73] with host: RMCVKYD-LK80402.snowflakecomputing.com, account: RMCVKYD-LK80402, accessUrl: https://RMCVKYD-LK80402.snowflakecomputing.com, user: TULIPRAAJ007, password is provided, role: undefined, database: ASSETERA, schema: PUBLIC, warehouse: COMPUTE_WH, region: undefined, authenticator: SNOWFLAKE, ocsp mode: FAIL_OPEN, os: win32, os version: 10.0.20348"}
{"level":"INFO","message":"[6:30:40.994 PM]: Connection[id: f228c7b9-ed15-469d-b37f-2dce29c88c73] additional details: passcode in password is provided, passcode is not provided, private key is not provided, application: undefined, client name: snowflake-sdk, client version: 1.15.0, retry timeout: 300, private key path: undefined, private key pass is not provided, client store temporary credential: false, browser response timeout: 120000"}
{"level":"INFO","message":"[6:30:40.995 PM]: Connection[id: f228c7b9-ed15-469d-b37f-2dce29c88c73] - connection object created successfully."}
{"level":"INFO","message":"[6:30:40.996 PM]: Connection[id: f228c7b9-ed15-469d-b37f-2dce29c88c73] - connecting. Associated Snowflake domain: GLOBAL"}
{"level":"INFO","message":"[6:30:40.996 PM]: Connection[id: f228c7b9-ed15-469d-b37f-2dce29c88c73] - authentication successful using: SNOWFLAKE"}
{"level":"INFO","message":"[6:30:40.998 PM]: Connection[id: f228c7b9-ed15-469d-b37f-2dce29c88c73] - connected successfully after 1.802300000039395 milliseconds"}
{"level":"INFO","message":"[6:31:14.240 PM]: Creating new connection object"}
{"level":"INFO","message":"[6:31:14.245 PM]: Creating Connection[id: 771aafd6-2061-46f6-970f-7936e12997b0] with host: RMCVKYD-LK80402.snowflakecomputing.com, account: RMCVKYD-LK80402, accessUrl: https://RMCVKYD-LK80402.snowflakecomputing.com, user: TULIPRAAJ007, password is provided, role: undefined, database: ASSETERA, schema: PUBLIC, warehouse: COMPUTE_WH, region: undefined, authenticator: SNOWFLAKE, ocsp mode: FAIL_OPEN, os: win32, os version: 10.0.20348"}
{"level":"INFO","message":"[6:31:14.245 PM]: Connection[id: 771aafd6-2061-46f6-970f-7936e12997b0] additional details: passcode in password is provided, passcode is not provided, private key is not provided, application: undefined, client name: snowflake-sdk, client version: 1.15.0, retry timeout: 300, private key path: undefined, private key pass is not provided, client store temporary credential: false, browser response timeout: 120000"}
{"level":"INFO","message":"[6:31:14.246 PM]: Connection[id: 771aafd6-2061-46f6-970f-7936e12997b0] - connection object created successfully."}
{"level":"INFO","message":"[6:31:14.247 PM]: Connection[id: 771aafd6-2061-46f6-970f-7936e12997b0] - connecting. Associated Snowflake domain: GLOBAL"}
{"level":"INFO","message":"[6:31:14.247 PM]: Connection[id: 771aafd6-2061-46f6-970f-7936e12997b0] - authentication successful using: SNOWFLAKE"}
{"level":"INFO","message":"[6:31:14.249 PM]: Connection[id: 771aafd6-2061-46f6-970f-7936e12997b0] - connected successfully after 2.3070000000298023 milliseconds"}
{"level":"INFO","message":"[6:31:15.068 PM]: Creating new connection object"}
{"level":"INFO","message":"[6:31:15.069 PM]: Creating Connection[id: 19c7f51c-5c5c-49ce-8355-bcb582df915c] with host: RMCVKYD-LK80402.snowflakecomputing.com, account: RMCVKYD-LK80402, accessUrl: https://RMCVKYD-LK80402.snowflakecomputing.com, user: TULIPRAAJ007, password is provided, role: undefined, database: ASSETERA, schema: PUBLIC, warehouse: COMPUTE_WH, region: undefined, authenticator: SNOWFLAKE, ocsp mode: FAIL_OPEN, os: win32, os version: 10.0.20348"}
{"level":"INFO","message":"[6:31:15.070 PM]: Connection[id: 19c7f51c-5c5c-49ce-8355-bcb582df915c] additional details: passcode in password is provided, passcode is not provided, private key is not provided, application: undefined, client name: snowflake-sdk, client version: 1.15.0, retry timeout: 300, private key path: undefined, private key pass is not provided, client store temporary credential: false, browser response timeout: 120000"}
{"level":"INFO","message":"[6:31:15.071 PM]: Connection[id: 19c7f51c-5c5c-49ce-8355-bcb582df915c] - connection object created successfully."}
{"level":"INFO","message":"[6:31:15.071 PM]: Connection[id: 19c7f51c-5c5c-49ce-8355-bcb582df915c] - connecting. Associated Snowflake domain: GLOBAL"}
{"level":"INFO","message":"[6:31:15.072 PM]: Connection[id: 19c7f51c-5c5c-49ce-8355-bcb582df915c] - authentication successful using: SNOWFLAKE"}
{"level":"INFO","message":"[6:31:15.073 PM]: Connection[id: 19c7f51c-5c5c-49ce-8355-bcb582df915c] - connected successfully after 1.6529999999911524 milliseconds"}
{"level":"INFO","message":"[6:33:22.512 PM]: Creating new connection object"}
{"level":"INFO","message":"[6:33:22.522 PM]: Creating Connection[id: 0a90c32b-c147-44d6-b257-20fea51305ce] with host: RMCVKYD-LK80402.snowflakecomputing.com, account: RMCVKYD-LK80402, accessUrl: https://RMCVKYD-LK80402.snowflakecomputing.com, user: TULIPRAAJ007, password is provided, role: undefined, database: ASSETERA, schema: PUBLIC, warehouse: COMPUTE_WH, region: undefined, authenticator: SNOWFLAKE, ocsp mode: FAIL_OPEN, os: win32, os version: 10.0.20348"}
{"level":"INFO","message":"[6:33:22.523 PM]: Connection[id: 0a90c32b-c147-44d6-b257-20fea51305ce] additional details: passcode in password is provided, passcode is not provided, private key is not provided, application: undefined, client name: snowflake-sdk, client version: 1.15.0, retry timeout: 300, private key path: undefined, private key pass is not provided, client store temporary credential: false, browser response timeout: 120000"}
{"level":"INFO","message":"[6:33:22.524 PM]: Connection[id: 0a90c32b-c147-44d6-b257-20fea51305ce] - connection object created successfully."}
{"level":"INFO","message":"[6:33:22.524 PM]: Connection[id: 0a90c32b-c147-44d6-b257-20fea51305ce] - connecting. Associated Snowflake domain: GLOBAL"}
{"level":"INFO","message":"[6:33:22.526 PM]: Connection[id: 0a90c32b-c147-44d6-b257-20fea51305ce] - authentication successful using: SNOWFLAKE"}
{"level":"INFO","message":"[6:33:22.528 PM]: Trying to initialize Easy Logging"}
{"level":"INFO","message":"[6:33:22.557 PM]: No client config detected."}
{"level":"INFO","message":"[6:33:22.558 PM]: No config file path found. Client config will not be used."}
{"level":"INFO","message":"[6:33:22.559 PM]: Easy Logging is disabled as no config has been found"}
{"level":"INFO","message":"[6:33:22.575 PM]: Connection[id: 0a90c32b-c147-44d6-b257-20fea51305ce] - connected successfully after 51.01179999997839 milliseconds"}
{"level":"INFO","message":"[6:33:23.444 PM]: Creating new connection object"}
{"level":"INFO","message":"[6:33:23.446 PM]: Creating Connection[id: b3f069af-883b-4b8c-99d6-3a1ae7d4a516] with host: RMCVKYD-LK80402.snowflakecomputing.com, account: RMCVKYD-LK80402, accessUrl: https://RMCVKYD-LK80402.snowflakecomputing.com, user: TULIPRAAJ007, password is provided, role: undefined, database: ASSETERA, schema: PUBLIC, warehouse: COMPUTE_WH, region: undefined, authenticator: SNOWFLAKE, ocsp mode: FAIL_OPEN, os: win32, os version: 10.0.20348"}
{"level":"INFO","message":"[6:33:23.447 PM]: Connection[id: b3f069af-883b-4b8c-99d6-3a1ae7d4a516] additional details: passcode in password is provided, passcode is not provided, private key is not provided, application: undefined, client name: snowflake-sdk, client version: 1.15.0, retry timeout: 300, private key path: undefined, private key pass is not provided, client store temporary credential: false, browser response timeout: 120000"}
{"level":"INFO","message":"[6:33:23.448 PM]: Connection[id: b3f069af-883b-4b8c-99d6-3a1ae7d4a516] - connection object created successfully."}
{"level":"INFO","message":"[6:33:23.448 PM]: Connection[id: b3f069af-883b-4b8c-99d6-3a1ae7d4a516] - connecting. Associated Snowflake domain: GLOBAL"}
{"level":"INFO","message":"[6:33:23.449 PM]: Connection[id: b3f069af-883b-4b8c-99d6-3a1ae7d4a516] - authentication successful using: SNOWFLAKE"}
{"level":"INFO","message":"[6:33:23.450 PM]: Connection[id: b3f069af-883b-4b8c-99d6-3a1ae7d4a516] - connected successfully after 1.6944999999832362 milliseconds"}
{"level":"INFO","message":"[6:35:18.151 PM]: Creating new connection object"}
{"level":"INFO","message":"[6:35:18.156 PM]: Creating Connection[id: bfdb1e3f-0283-411b-bb47-7d2c67f949bd] with host: RMCVKYD-LK80402.snowflakecomputing.com, account: RMCVKYD-LK80402, accessUrl: https://RMCVKYD-LK80402.snowflakecomputing.com, user: TULIPRAAJ007, password is provided, role: undefined, database: ASSETERA, schema: PUBLIC, warehouse: COMPUTE_WH, region: undefined, authenticator: SNOWFLAKE, ocsp mode: FAIL_OPEN, os: win32, os version: 10.0.20348"}
{"level":"INFO","message":"[6:35:18.157 PM]: Connection[id: bfdb1e3f-0283-411b-bb47-7d2c67f949bd] additional details: passcode in password is provided, passcode is not provided, private key is not provided, application: undefined, client name: snowflake-sdk, client version: 1.15.0, retry timeout: 300, private key path: undefined, private key pass is not provided, client store temporary credential: false, browser response timeout: 120000"}
{"level":"INFO","message":"[6:35:18.158 PM]: Connection[id: bfdb1e3f-0283-411b-bb47-7d2c67f949bd] - connection object created successfully."}
{"level":"INFO","message":"[6:35:18.159 PM]: Connection[id: bfdb1e3f-0283-411b-bb47-7d2c67f949bd] - connecting. Associated Snowflake domain: GLOBAL"}
{"level":"INFO","message":"[6:35:18.160 PM]: Connection[id: bfdb1e3f-0283-411b-bb47-7d2c67f949bd] - authentication successful using: SNOWFLAKE"}
{"level":"INFO","message":"[6:35:18.162 PM]: Connection[id: bfdb1e3f-0283-411b-bb47-7d2c67f949bd] - connected successfully after 2.8889999999664724 milliseconds"}
{"level":"INFO","message":"[6:35:18.548 PM]: Creating new connection object"}
{"level":"INFO","message":"[6:35:18.550 PM]: Creating Connection[id: b75d6c90-d2bf-4516-ab4e-2c54f95e461f] with host: RMCVKYD-LK80402.snowflakecomputing.com, account: RMCVKYD-LK80402, accessUrl: https://RMCVKYD-LK80402.snowflakecomputing.com, user: TULIPRAAJ007, password is provided, role: undefined, database: ASSETERA, schema: PUBLIC, warehouse: COMPUTE_WH, region: undefined, authenticator: SNOWFLAKE, ocsp mode: FAIL_OPEN, os: win32, os version: 10.0.20348"}
{"level":"INFO","message":"[6:35:18.551 PM]: Connection[id: b75d6c90-d2bf-4516-ab4e-2c54f95e461f] additional details: passcode in password is provided, passcode is not provided, private key is not provided, application: undefined, client name: snowflake-sdk, client version: 1.15.0, retry timeout: 300, private key path: undefined, private key pass is not provided, client store temporary credential: false, browser response timeout: 120000"}
{"level":"INFO","message":"[6:35:18.551 PM]: Connection[id: b75d6c90-d2bf-4516-ab4e-2c54f95e461f] - connection object created successfully."}
{"level":"INFO","message":"[6:35:18.552 PM]: Connection[id: b75d6c90-d2bf-4516-ab4e-2c54f95e461f] - connecting. Associated Snowflake domain: GLOBAL"}
{"level":"INFO","message":"[6:35:18.552 PM]: Connection[id: b75d6c90-d2bf-4516-ab4e-2c54f95e461f] - authentication successful using: SNOWFLAKE"}
{"level":"INFO","message":"[6:35:18.553 PM]: Connection[id: b75d6c90-d2bf-4516-ab4e-2c54f95e461f] - connected successfully after 1.4209000000264496 milliseconds"}
{"level":"INFO","message":"[6:37:11.362 PM]: Creating new connection object"}
{"level":"INFO","message":"[6:37:11.374 PM]: Creating Connection[id: 61c1b601-a67f-4166-a857-13ef5c34a098] with host: RMCVKYD-LK80402.snowflakecomputing.com, account: RMCVKYD-LK80402, accessUrl: https://RMCVKYD-LK80402.snowflakecomputing.com, user: TULIPRAAJ007, password is provided, role: undefined, database: ASSETERA, schema: PUBLIC, warehouse: COMPUTE_WH, region: undefined, authenticator: SNOWFLAKE, ocsp mode: FAIL_OPEN, os: win32, os version: 10.0.20348"}
{"level":"INFO","message":"[6:37:11.375 PM]: Connection[id: 61c1b601-a67f-4166-a857-13ef5c34a098] additional details: passcode in password is provided, passcode is not provided, private key is not provided, application: undefined, client name: snowflake-sdk, client version: 1.15.0, retry timeout: 300, private key path: undefined, private key pass is not provided, client store temporary credential: false, browser response timeout: 120000"}
{"level":"INFO","message":"[6:37:11.377 PM]: Connection[id: 61c1b601-a67f-4166-a857-13ef5c34a098] - connection object created successfully."}
{"level":"INFO","message":"[6:37:11.381 PM]: Connection[id: 61c1b601-a67f-4166-a857-13ef5c34a098] - connecting. Associated Snowflake domain: GLOBAL"}
{"level":"INFO","message":"[6:37:11.387 PM]: Connection[id: 61c1b601-a67f-4166-a857-13ef5c34a098] - authentication successful using: SNOWFLAKE"}
{"level":"INFO","message":"[6:37:11.389 PM]: Trying to initialize Easy Logging"}
{"level":"INFO","message":"[6:37:11.631 PM]: No client config detected."}
{"level":"INFO","message":"[6:37:11.641 PM]: No config file path found. Client config will not be used."}
{"level":"INFO","message":"[6:37:11.677 PM]: Easy Logging is disabled as no config has been found"}
{"level":"INFO","message":"[6:37:11.681 PM]: Connection[id: 61c1b601-a67f-4166-a857-13ef5c34a098] - connected successfully after 302.6836999999359 milliseconds"}
{"level":"INFO","message":"[6:37:12.305 PM]: Creating new connection object"}
{"level":"INFO","message":"[6:37:12.306 PM]: Creating Connection[id: 5d861167-1d4a-4640-856b-8cf71abb0f2c] with host: RMCVKYD-LK80402.snowflakecomputing.com, account: RMCVKYD-LK80402, accessUrl: https://RMCVKYD-LK80402.snowflakecomputing.com, user: TULIPRAAJ007, password is provided, role: undefined, database: ASSETERA, schema: PUBLIC, warehouse: COMPUTE_WH, region: undefined, authenticator: SNOWFLAKE, ocsp mode: FAIL_OPEN, os: win32, os version: 10.0.20348"}
{"level":"INFO","message":"[6:37:12.308 PM]: Connection[id: 5d861167-1d4a-4640-856b-8cf71abb0f2c] additional details: passcode in password is provided, passcode is not provided, private key is not provided, application: undefined, client name: snowflake-sdk, client version: 1.15.0, retry timeout: 300, private key path: undefined, private key pass is not provided, client store temporary credential: false, browser response timeout: 120000"}
{"level":"INFO","message":"[6:37:12.309 PM]: Connection[id: 5d861167-1d4a-4640-856b-8cf71abb0f2c] - connection object created successfully."}
{"level":"INFO","message":"[6:37:12.309 PM]: Connection[id: 5d861167-1d4a-4640-856b-8cf71abb0f2c] - connecting. Associated Snowflake domain: GLOBAL"}
{"level":"INFO","message":"[6:37:12.309 PM]: Connection[id: 5d861167-1d4a-4640-856b-8cf71abb0f2c] - authentication successful using: SNOWFLAKE"}
{"level":"INFO","message":"[6:37:12.310 PM]: Connection[id: 5d861167-1d4a-4640-856b-8cf71abb0f2c] - connected successfully after 1.2166999999899417 milliseconds"}
{"level":"INFO","message":"[6:37:59.229 PM]: Creating new connection object"}
{"level":"INFO","message":"[6:37:59.264 PM]: Creating Connection[id: 0dceed2a-c67d-452e-bf57-2f88aae64e27] with host: RMCVKYD-LK80402.snowflakecomputing.com, account: RMCVKYD-LK80402, accessUrl: https://RMCVKYD-LK80402.snowflakecomputing.com, user: TULIPRAAJ007, password is provided, role: undefined, database: ASSETERA, schema: PUBLIC, warehouse: COMPUTE_WH, region: undefined, authenticator: SNOWFLAKE, ocsp mode: FAIL_OPEN, os: win32, os version: 10.0.20348"}
{"level":"INFO","message":"[6:37:59.269 PM]: Connection[id: 0dceed2a-c67d-452e-bf57-2f88aae64e27] additional details: passcode in password is provided, passcode is not provided, private key is not provided, application: undefined, client name: snowflake-sdk, client version: 1.15.0, retry timeout: 300, private key path: undefined, private key pass is not provided, client store temporary credential: false, browser response timeout: 120000"}
{"level":"INFO","message":"[6:37:59.270 PM]: Connection[id: 0dceed2a-c67d-452e-bf57-2f88aae64e27] - connection object created successfully."}
{"level":"INFO","message":"[6:37:59.270 PM]: Connection[id: 0dceed2a-c67d-452e-bf57-2f88aae64e27] - connecting. Associated Snowflake domain: GLOBAL"}
{"level":"INFO","message":"[6:37:59.271 PM]: Connection[id: 0dceed2a-c67d-452e-bf57-2f88aae64e27] - authentication successful using: SNOWFLAKE"}
{"level":"INFO","message":"[6:37:59.272 PM]: Connection[id: 0dceed2a-c67d-452e-bf57-2f88aae64e27] - connected successfully after 1.8778999999631196 milliseconds"}
{"level":"INFO","message":"[6:37:59.645 PM]: Creating new connection object"}
{"level":"INFO","message":"[6:37:59.647 PM]: Creating Connection[id: 28362dcd-b7b8-4bc7-a0fb-3dbc69bb6bcb] with host: RMCVKYD-LK80402.snowflakecomputing.com, account: RMCVKYD-LK80402, accessUrl: https://RMCVKYD-LK80402.snowflakecomputing.com, user: TULIPRAAJ007, password is provided, role: undefined, database: ASSETERA, schema: PUBLIC, warehouse: COMPUTE_WH, region: undefined, authenticator: SNOWFLAKE, ocsp mode: FAIL_OPEN, os: win32, os version: 10.0.20348"}
{"level":"INFO","message":"[6:37:59.647 PM]: Connection[id: 28362dcd-b7b8-4bc7-a0fb-3dbc69bb6bcb] additional details: passcode in password is provided, passcode is not provided, private key is not provided, application: undefined, client name: snowflake-sdk, client version: 1.15.0, retry timeout: 300, private key path: undefined, private key pass is not provided, client store temporary credential: false, browser response timeout: 120000"}
{"level":"INFO","message":"[6:37:59.648 PM]: Connection[id: 28362dcd-b7b8-4bc7-a0fb-3dbc69bb6bcb] - connection object created successfully."}
{"level":"INFO","message":"[6:37:59.649 PM]: Connection[id: 28362dcd-b7b8-4bc7-a0fb-3dbc69bb6bcb] - connecting. Associated Snowflake domain: GLOBAL"}
{"level":"INFO","message":"[6:37:59.649 PM]: Connection[id: 28362dcd-b7b8-4bc7-a0fb-3dbc69bb6bcb] - authentication successful using: SNOWFLAKE"}
{"level":"INFO","message":"[6:37:59.650 PM]: Connection[id: 28362dcd-b7b8-4bc7-a0fb-3dbc69bb6bcb] - connected successfully after 1.1610000000800937 milliseconds"}
{"level":"INFO","message":"[6:44:02.947 PM]: Creating new connection object"}
{"level":"INFO","message":"[6:44:02.959 PM]: Creating Connection[id: 32622903-86f8-40bc-9ab9-2444a4a4e94c] with host: RMCVKYD-LK80402.snowflakecomputing.com, account: RMCVKYD-LK80402, accessUrl: https://RMCVKYD-LK80402.snowflakecomputing.com, user: TULIPRAAJ007, password is provided, role: undefined, database: ASSETERA, schema: PUBLIC, warehouse: COMPUTE_WH, region: undefined, authenticator: SNOWFLAKE, ocsp mode: FAIL_OPEN, os: win32, os version: 10.0.20348"}
{"level":"INFO","message":"[6:44:02.960 PM]: Connection[id: 32622903-86f8-40bc-9ab9-2444a4a4e94c] additional details: passcode in password is provided, passcode is not provided, private key is not provided, application: undefined, client name: snowflake-sdk, client version: 1.15.0, retry timeout: 300, private key path: undefined, private key pass is not provided, client store temporary credential: false, browser response timeout: 120000"}
{"level":"INFO","message":"[6:44:02.960 PM]: Connection[id: 32622903-86f8-40bc-9ab9-2444a4a4e94c] - connection object created successfully."}
{"level":"INFO","message":"[6:44:02.962 PM]: Connection[id: 32622903-86f8-40bc-9ab9-2444a4a4e94c] - connecting. Associated Snowflake domain: GLOBAL"}
{"level":"INFO","message":"[6:44:02.965 PM]: Connection[id: 32622903-86f8-40bc-9ab9-2444a4a4e94c] - authentication successful using: SNOWFLAKE"}
{"level":"INFO","message":"[6:44:02.973 PM]: Trying to initialize Easy Logging"}
{"level":"INFO","message":"[6:44:02.978 PM]: No client config detected."}
{"level":"INFO","message":"[6:44:02.978 PM]: No config file path found. Client config will not be used."}
{"level":"INFO","message":"[6:44:02.979 PM]: Easy Logging is disabled as no config has been found"}
{"level":"INFO","message":"[6:44:02.998 PM]: Connection[id: 32622903-86f8-40bc-9ab9-2444a4a4e94c] - connected successfully after 36.453199999999924 milliseconds"}
{"level":"INFO","message":"[6:44:03.878 PM]: Creating new connection object"}
{"level":"INFO","message":"[6:44:03.880 PM]: Creating Connection[id: 55fcdeda-e6e3-43c9-81dd-5da020fed474] with host: RMCVKYD-LK80402.snowflakecomputing.com, account: RMCVKYD-LK80402, accessUrl: https://RMCVKYD-LK80402.snowflakecomputing.com, user: TULIPRAAJ007, password is provided, role: undefined, database: ASSETERA, schema: PUBLIC, warehouse: COMPUTE_WH, region: undefined, authenticator: SNOWFLAKE, ocsp mode: FAIL_OPEN, os: win32, os version: 10.0.20348"}
{"level":"INFO","message":"[6:44:03.881 PM]: Connection[id: 55fcdeda-e6e3-43c9-81dd-5da020fed474] additional details: passcode in password is provided, passcode is not provided, private key is not provided, application: undefined, client name: snowflake-sdk, client version: 1.15.0, retry timeout: 300, private key path: undefined, private key pass is not provided, client store temporary credential: false, browser response timeout: 120000"}
{"level":"INFO","message":"[6:44:03.882 PM]: Connection[id: 55fcdeda-e6e3-43c9-81dd-5da020fed474] - connection object created successfully."}
{"level":"INFO","message":"[6:44:03.882 PM]: Connection[id: 55fcdeda-e6e3-43c9-81dd-5da020fed474] - connecting. Associated Snowflake domain: GLOBAL"}
{"level":"INFO","message":"[6:44:03.882 PM]: Connection[id: 55fcdeda-e6e3-43c9-81dd-5da020fed474] - authentication successful using: SNOWFLAKE"}
{"level":"INFO","message":"[6:44:03.883 PM]: Connection[id: 55fcdeda-e6e3-43c9-81dd-5da020fed474] - connected successfully after 1.380699999997887 milliseconds"}
{"level":"INFO","message":"[6:44:08.609 PM]: Creating new connection object"}
{"level":"INFO","message":"[6:44:08.618 PM]: Creating Connection[id: 6d85992f-302a-4258-a3bc-a77df8257dc8] with host: RMCVKYD-LK80402.snowflakecomputing.com, account: RMCVKYD-LK80402, accessUrl: https://RMCVKYD-LK80402.snowflakecomputing.com, user: TULIPRAAJ007, password is provided, role: undefined, database: ASSETERA, schema: PUBLIC, warehouse: COMPUTE_WH, region: undefined, authenticator: SNOWFLAKE, ocsp mode: FAIL_OPEN, os: win32, os version: 10.0.20348"}
{"level":"INFO","message":"[6:44:08.620 PM]: Connection[id: 6d85992f-302a-4258-a3bc-a77df8257dc8] additional details: passcode in password is provided, passcode is not provided, private key is not provided, application: undefined, client name: snowflake-sdk, client version: 1.15.0, retry timeout: 300, private key path: undefined, private key pass is not provided, client store temporary credential: false, browser response timeout: 120000"}
{"level":"INFO","message":"[6:44:08.621 PM]: Connection[id: 6d85992f-302a-4258-a3bc-a77df8257dc8] - connection object created successfully."}
{"level":"INFO","message":"[6:44:08.623 PM]: Connection[id: 6d85992f-302a-4258-a3bc-a77df8257dc8] - connecting. Associated Snowflake domain: GLOBAL"}
{"level":"INFO","message":"[6:44:08.634 PM]: Connection[id: 6d85992f-302a-4258-a3bc-a77df8257dc8] - authentication successful using: SNOWFLAKE"}
{"level":"INFO","message":"[6:44:08.634 PM]: Trying to initialize Easy Logging"}
{"level":"INFO","message":"[6:44:08.638 PM]: No client config detected."}
{"level":"INFO","message":"[6:44:08.638 PM]: No config file path found. Client config will not be used."}
{"level":"INFO","message":"[6:44:08.639 PM]: Easy Logging is disabled as no config has been found"}
{"level":"INFO","message":"[6:44:08.642 PM]: Connection[id: 6d85992f-302a-4258-a3bc-a77df8257dc8] - connected successfully after 19.182600000000093 milliseconds"}
{"level":"INFO","message":"[6:44:09.195 PM]: Creating new connection object"}
{"level":"INFO","message":"[6:44:09.197 PM]: Creating Connection[id: c58d2e0c-b6da-46cb-a122-4a8ad300ce35] with host: RMCVKYD-LK80402.snowflakecomputing.com, account: RMCVKYD-LK80402, accessUrl: https://RMCVKYD-LK80402.snowflakecomputing.com, user: TULIPRAAJ007, password is provided, role: undefined, database: ASSETERA, schema: PUBLIC, warehouse: COMPUTE_WH, region: undefined, authenticator: SNOWFLAKE, ocsp mode: FAIL_OPEN, os: win32, os version: 10.0.20348"}
{"level":"INFO","message":"[6:44:09.198 PM]: Connection[id: c58d2e0c-b6da-46cb-a122-4a8ad300ce35] additional details: passcode in password is provided, passcode is not provided, private key is not provided, application: undefined, client name: snowflake-sdk, client version: 1.15.0, retry timeout: 300, private key path: undefined, private key pass is not provided, client store temporary credential: false, browser response timeout: 120000"}
{"level":"INFO","message":"[6:44:09.198 PM]: Connection[id: c58d2e0c-b6da-46cb-a122-4a8ad300ce35] - connection object created successfully."}
{"level":"INFO","message":"[6:44:09.199 PM]: Connection[id: c58d2e0c-b6da-46cb-a122-4a8ad300ce35] - connecting. Associated Snowflake domain: GLOBAL"}
{"level":"INFO","message":"[6:44:09.200 PM]: Connection[id: c58d2e0c-b6da-46cb-a122-4a8ad300ce35] - authentication successful using: SNOWFLAKE"}
{"level":"INFO","message":"[6:44:09.201 PM]: Connection[id: c58d2e0c-b6da-46cb-a122-4a8ad300ce35] - connected successfully after 1.8133000000016182 milliseconds"}
{"level":"INFO","message":"[6:47:03.245 PM]: Creating new connection object"}
{"level":"INFO","message":"[6:47:03.255 PM]: Creating Connection[id: 874b1065-d394-4bc0-bbea-183301e270f1] with host: RMCVKYD-LK80402.snowflakecomputing.com, account: RMCVKYD-LK80402, accessUrl: https://RMCVKYD-LK80402.snowflakecomputing.com, user: TULIPRAAJ007, password is provided, role: undefined, database: ASSETERA, schema: PUBLIC, warehouse: COMPUTE_WH, region: undefined, authenticator: SNOWFLAKE, ocsp mode: FAIL_OPEN, os: win32, os version: 10.0.20348"}
{"level":"INFO","message":"[6:47:03.256 PM]: Connection[id: 874b1065-d394-4bc0-bbea-183301e270f1] additional details: passcode in password is provided, passcode is not provided, private key is not provided, application: undefined, client name: snowflake-sdk, client version: 1.15.0, retry timeout: 300, private key path: undefined, private key pass is not provided, client store temporary credential: false, browser response timeout: 120000"}
{"level":"INFO","message":"[6:47:03.257 PM]: Connection[id: 874b1065-d394-4bc0-bbea-183301e270f1] - connection object created successfully."}
{"level":"INFO","message":"[6:47:03.258 PM]: Connection[id: 874b1065-d394-4bc0-bbea-183301e270f1] - connecting. Associated Snowflake domain: GLOBAL"}
{"level":"INFO","message":"[6:47:03.259 PM]: Connection[id: 874b1065-d394-4bc0-bbea-183301e270f1] - authentication successful using: SNOWFLAKE"}
{"level":"INFO","message":"[6:47:03.260 PM]: Trying to initialize Easy Logging"}
{"level":"INFO","message":"[6:47:03.264 PM]: No client config detected."}
{"level":"INFO","message":"[6:47:03.264 PM]: No config file path found. Client config will not be used."}
{"level":"INFO","message":"[6:47:03.265 PM]: Easy Logging is disabled as no config has been found"}
{"level":"INFO","message":"[6:47:03.280 PM]: Connection[id: 874b1065-d394-4bc0-bbea-183301e270f1] - connected successfully after 21.389200000005076 milliseconds"}
{"level":"INFO","message":"[6:47:03.862 PM]: Creating new connection object"}
{"level":"INFO","message":"[6:47:03.863 PM]: Creating Connection[id: 863d549e-e17a-4629-815c-b980e065f48e] with host: RMCVKYD-LK80402.snowflakecomputing.com, account: RMCVKYD-LK80402, accessUrl: https://RMCVKYD-LK80402.snowflakecomputing.com, user: TULIPRAAJ007, password is provided, role: undefined, database: ASSETERA, schema: PUBLIC, warehouse: COMPUTE_WH, region: undefined, authenticator: SNOWFLAKE, ocsp mode: FAIL_OPEN, os: win32, os version: 10.0.20348"}
{"level":"INFO","message":"[6:47:03.864 PM]: Connection[id: 863d549e-e17a-4629-815c-b980e065f48e] additional details: passcode in password is provided, passcode is not provided, private key is not provided, application: undefined, client name: snowflake-sdk, client version: 1.15.0, retry timeout: 300, private key path: undefined, private key pass is not provided, client store temporary credential: false, browser response timeout: 120000"}
{"level":"INFO","message":"[6:47:03.865 PM]: Connection[id: 863d549e-e17a-4629-815c-b980e065f48e] - connection object created successfully."}
{"level":"INFO","message":"[6:47:03.865 PM]: Connection[id: 863d549e-e17a-4629-815c-b980e065f48e] - connecting. Associated Snowflake domain: GLOBAL"}
{"level":"INFO","message":"[6:47:03.866 PM]: Connection[id: 863d549e-e17a-4629-815c-b980e065f48e] - authentication successful using: SNOWFLAKE"}
{"level":"INFO","message":"[6:47:03.867 PM]: Connection[id: 863d549e-e17a-4629-815c-b980e065f48e] - connected successfully after 1.8326000000233762 milliseconds"}
{"level":"INFO","message":"[6:49:36.829 PM]: Creating new connection object"}
{"level":"INFO","message":"[6:49:36.840 PM]: Creating Connection[id: 37841b5d-f4f5-4d95-a6b3-fb6cf60bf8e4] with host: RMCVKYD-LK80402.snowflakecomputing.com, account: RMCVKYD-LK80402, accessUrl: https://RMCVKYD-LK80402.snowflakecomputing.com, user: TULIPRAAJ007, password is provided, role: undefined, database: ASSETERA, schema: PUBLIC, warehouse: COMPUTE_WH, region: undefined, authenticator: SNOWFLAKE, ocsp mode: FAIL_OPEN, os: win32, os version: 10.0.20348"}
{"level":"INFO","message":"[6:49:36.841 PM]: Connection[id: 37841b5d-f4f5-4d95-a6b3-fb6cf60bf8e4] additional details: passcode in password is provided, passcode is not provided, private key is not provided, application: undefined, client name: snowflake-sdk, client version: 1.15.0, retry timeout: 300, private key path: undefined, private key pass is not provided, client store temporary credential: false, browser response timeout: 120000"}
{"level":"INFO","message":"[6:49:36.841 PM]: Connection[id: 37841b5d-f4f5-4d95-a6b3-fb6cf60bf8e4] - connection object created successfully."}
{"level":"INFO","message":"[6:49:36.842 PM]: Connection[id: 37841b5d-f4f5-4d95-a6b3-fb6cf60bf8e4] - connecting. Associated Snowflake domain: GLOBAL"}
{"level":"INFO","message":"[6:49:36.843 PM]: Connection[id: 37841b5d-f4f5-4d95-a6b3-fb6cf60bf8e4] - authentication successful using: SNOWFLAKE"}
{"level":"INFO","message":"[6:49:36.844 PM]: Trying to initialize Easy Logging"}
{"level":"INFO","message":"[6:49:36.849 PM]: No client config detected."}
{"level":"INFO","message":"[6:49:36.849 PM]: No config file path found. Client config will not be used."}
{"level":"INFO","message":"[6:49:36.850 PM]: Easy Logging is disabled as no config has been found"}
{"level":"INFO","message":"[6:49:36.854 PM]: Connection[id: 37841b5d-f4f5-4d95-a6b3-fb6cf60bf8e4] - connected successfully after 11.278300000005402 milliseconds"}
{"level":"INFO","message":"[6:49:37.393 PM]: Creating new connection object"}
{"level":"INFO","message":"[6:49:37.394 PM]: Creating Connection[id: 8faa9ac7-8b9b-492c-981e-b4f571c11758] with host: RMCVKYD-LK80402.snowflakecomputing.com, account: RMCVKYD-LK80402, accessUrl: https://RMCVKYD-LK80402.snowflakecomputing.com, user: TULIPRAAJ007, password is provided, role: undefined, database: ASSETERA, schema: PUBLIC, warehouse: COMPUTE_WH, region: undefined, authenticator: SNOWFLAKE, ocsp mode: FAIL_OPEN, os: win32, os version: 10.0.20348"}
{"level":"INFO","message":"[6:49:37.395 PM]: Connection[id: 8faa9ac7-8b9b-492c-981e-b4f571c11758] additional details: passcode in password is provided, passcode is not provided, private key is not provided, application: undefined, client name: snowflake-sdk, client version: 1.15.0, retry timeout: 300, private key path: undefined, private key pass is not provided, client store temporary credential: false, browser response timeout: 120000"}
{"level":"INFO","message":"[6:49:37.396 PM]: Connection[id: 8faa9ac7-8b9b-492c-981e-b4f571c11758] - connection object created successfully."}
{"level":"INFO","message":"[6:49:37.396 PM]: Connection[id: 8faa9ac7-8b9b-492c-981e-b4f571c11758] - connecting. Associated Snowflake domain: GLOBAL"}
{"level":"INFO","message":"[6:49:37.397 PM]: Connection[id: 8faa9ac7-8b9b-492c-981e-b4f571c11758] - authentication successful using: SNOWFLAKE"}
{"level":"INFO","message":"[6:49:37.398 PM]: Connection[id: 8faa9ac7-8b9b-492c-981e-b4f571c11758] - connected successfully after 1.657999999995809 milliseconds"}
{"level":"INFO","message":"[6:54:15.475 PM]: Creating new connection object"}
{"level":"INFO","message":"[6:54:15.485 PM]: Creating Connection[id: 4d4c881d-6a90-4ffd-8ad8-f34f606e71c5] with host: RMCVKYD-LK80402.snowflakecomputing.com, account: RMCVKYD-LK80402, accessUrl: https://RMCVKYD-LK80402.snowflakecomputing.com, user: TULIPRAAJ007, password is provided, role: undefined, database: ASSETERA, schema: PUBLIC, warehouse: COMPUTE_WH, region: undefined, authenticator: SNOWFLAKE, ocsp mode: FAIL_OPEN, os: win32, os version: 10.0.20348"}
{"level":"INFO","message":"[6:54:15.486 PM]: Connection[id: 4d4c881d-6a90-4ffd-8ad8-f34f606e71c5] additional details: passcode in password is provided, passcode is not provided, private key is not provided, application: undefined, client name: snowflake-sdk, client version: 1.15.0, retry timeout: 300, private key path: undefined, private key pass is not provided, client store temporary credential: false, browser response timeout: 120000"}
{"level":"INFO","message":"[6:54:15.487 PM]: Connection[id: 4d4c881d-6a90-4ffd-8ad8-f34f606e71c5] - connection object created successfully."}
{"level":"INFO","message":"[6:54:15.488 PM]: Connection[id: 4d4c881d-6a90-4ffd-8ad8-f34f606e71c5] - connecting. Associated Snowflake domain: GLOBAL"}
{"level":"INFO","message":"[6:54:15.489 PM]: Connection[id: 4d4c881d-6a90-4ffd-8ad8-f34f606e71c5] - authentication successful using: SNOWFLAKE"}
{"level":"INFO","message":"[6:54:15.489 PM]: Trying to initialize Easy Logging"}
{"level":"INFO","message":"[6:54:15.492 PM]: No client config detected."}
{"level":"INFO","message":"[6:54:15.493 PM]: No config file path found. Client config will not be used."}
{"level":"INFO","message":"[6:54:15.493 PM]: Easy Logging is disabled as no config has been found"}
{"level":"INFO","message":"[6:54:15.497 PM]: Connection[id: 4d4c881d-6a90-4ffd-8ad8-f34f606e71c5] - connected successfully after 9.185100000002421 milliseconds"}
{"level":"INFO","message":"[6:54:16.400 PM]: Creating new connection object"}
{"level":"INFO","message":"[6:54:16.402 PM]: Creating Connection[id: eaf16b3f-1e4f-4f64-9aa3-d4c5aa5a0f91] with host: RMCVKYD-LK80402.snowflakecomputing.com, account: RMCVKYD-LK80402, accessUrl: https://RMCVKYD-LK80402.snowflakecomputing.com, user: TULIPRAAJ007, password is provided, role: undefined, database: ASSETERA, schema: PUBLIC, warehouse: COMPUTE_WH, region: undefined, authenticator: SNOWFLAKE, ocsp mode: FAIL_OPEN, os: win32, os version: 10.0.20348"}
{"level":"INFO","message":"[6:54:16.402 PM]: Connection[id: eaf16b3f-1e4f-4f64-9aa3-d4c5aa5a0f91] additional details: passcode in password is provided, passcode is not provided, private key is not provided, application: undefined, client name: snowflake-sdk, client version: 1.15.0, retry timeout: 300, private key path: undefined, private key pass is not provided, client store temporary credential: false, browser response timeout: 120000"}
{"level":"INFO","message":"[6:54:16.403 PM]: Connection[id: eaf16b3f-1e4f-4f64-9aa3-d4c5aa5a0f91] - connection object created successfully."}
{"level":"INFO","message":"[6:54:16.403 PM]: Connection[id: eaf16b3f-1e4f-4f64-9aa3-d4c5aa5a0f91] - connecting. Associated Snowflake domain: GLOBAL"}
{"level":"INFO","message":"[6:54:16.404 PM]: Connection[id: eaf16b3f-1e4f-4f64-9aa3-d4c5aa5a0f91] - authentication successful using: SNOWFLAKE"}
{"level":"INFO","message":"[6:54:16.405 PM]: Connection[id: eaf16b3f-1e4f-4f64-9aa3-d4c5aa5a0f91] - connected successfully after 1.8625000000465661 milliseconds"}
{"level":"INFO","message":"[6:54:19.458 PM]: Creating new connection object"}
{"level":"INFO","message":"[6:54:19.461 PM]: Creating Connection[id: cea4c7ce-7935-4b70-b7d5-6bea8f9cba4f] with host: RMCVKYD-LK80402.snowflakecomputing.com, account: RMCVKYD-LK80402, accessUrl: https://RMCVKYD-LK80402.snowflakecomputing.com, user: TULIPRAAJ007, password is provided, role: undefined, database: ASSETERA, schema: PUBLIC, warehouse: COMPUTE_WH, region: undefined, authenticator: SNOWFLAKE, ocsp mode: FAIL_OPEN, os: win32, os version: 10.0.20348"}
{"level":"INFO","message":"[6:54:19.462 PM]: Connection[id: cea4c7ce-7935-4b70-b7d5-6bea8f9cba4f] additional details: passcode in password is provided, passcode is not provided, private key is not provided, application: undefined, client name: snowflake-sdk, client version: 1.15.0, retry timeout: 300, private key path: undefined, private key pass is not provided, client store temporary credential: false, browser response timeout: 120000"}
{"level":"INFO","message":"[6:54:19.463 PM]: Connection[id: cea4c7ce-7935-4b70-b7d5-6bea8f9cba4f] - connection object created successfully."}
{"level":"INFO","message":"[6:54:19.469 PM]: Connection[id: cea4c7ce-7935-4b70-b7d5-6bea8f9cba4f] - connecting. Associated Snowflake domain: GLOBAL"}
{"level":"INFO","message":"[6:54:19.487 PM]: Connection[id: cea4c7ce-7935-4b70-b7d5-6bea8f9cba4f] - authentication successful using: SNOWFLAKE"}
{"level":"INFO","message":"[6:54:19.490 PM]: Connection[id: cea4c7ce-7935-4b70-b7d5-6bea8f9cba4f] - connected successfully after 20.983799999929033 milliseconds"}
{"level":"INFO","message":"[6:54:19.943 PM]: Creating new connection object"}
{"level":"INFO","message":"[6:54:19.945 PM]: Creating Connection[id: 6e6598b6-511c-4510-b0ec-05b3fc92e93b] with host: RMCVKYD-LK80402.snowflakecomputing.com, account: RMCVKYD-LK80402, accessUrl: https://RMCVKYD-LK80402.snowflakecomputing.com, user: TULIPRAAJ007, password is provided, role: undefined, database: ASSETERA, schema: PUBLIC, warehouse: COMPUTE_WH, region: undefined, authenticator: SNOWFLAKE, ocsp mode: FAIL_OPEN, os: win32, os version: 10.0.20348"}
{"level":"INFO","message":"[6:54:19.945 PM]: Connection[id: 6e6598b6-511c-4510-b0ec-05b3fc92e93b] additional details: passcode in password is provided, passcode is not provided, private key is not provided, application: undefined, client name: snowflake-sdk, client version: 1.15.0, retry timeout: 300, private key path: undefined, private key pass is not provided, client store temporary credential: false, browser response timeout: 120000"}
{"level":"INFO","message":"[6:54:19.946 PM]: Connection[id: 6e6598b6-511c-4510-b0ec-05b3fc92e93b] - connection object created successfully."}
{"level":"INFO","message":"[6:54:19.946 PM]: Connection[id: 6e6598b6-511c-4510-b0ec-05b3fc92e93b] - connecting. Associated Snowflake domain: GLOBAL"}
{"level":"INFO","message":"[6:54:19.947 PM]: Connection[id: 6e6598b6-511c-4510-b0ec-05b3fc92e93b] - authentication successful using: SNOWFLAKE"}
{"level":"INFO","message":"[6:54:19.948 PM]: Connection[id: 6e6598b6-511c-4510-b0ec-05b3fc92e93b] - connected successfully after 1.3900000000139698 milliseconds"}
{"level":"INFO","message":"[11:54:11.980 PM]: Creating new connection object"}
{"level":"INFO","message":"[11:54:11.990 PM]: Creating Connection[id: 9b1fb3da-2f43-48aa-866a-48cee4f01de7] with host: RMCVKYD-LK80402.snowflakecomputing.com, account: RMCVKYD-LK80402, accessUrl: https://RMCVKYD-LK80402.snowflakecomputing.com, user: TULIPRAAJ007, password is provided, role: undefined, database: ASSETERA, schema: PUBLIC, warehouse: COMPUTE_WH, region: undefined, authenticator: SNOWFLAKE, ocsp mode: FAIL_OPEN, os: win32, os version: 10.0.20348"}
{"level":"INFO","message":"[11:54:11.992 PM]: Connection[id: 9b1fb3da-2f43-48aa-866a-48cee4f01de7] additional details: passcode in password is provided, passcode is not provided, private key is not provided, application: undefined, client name: snowflake-sdk, client version: 1.15.0, retry timeout: 300, private key path: undefined, private key pass is not provided, client store temporary credential: false, browser response timeout: 120000"}
{"level":"INFO","message":"[11:54:11.995 PM]: Connection[id: 9b1fb3da-2f43-48aa-866a-48cee4f01de7] - connection object created successfully."}
{"level":"INFO","message":"[11:54:11.996 PM]: Connection[id: 9b1fb3da-2f43-48aa-866a-48cee4f01de7] - connecting. Associated Snowflake domain: GLOBAL"}
{"level":"INFO","message":"[11:54:11.997 PM]: Connection[id: 9b1fb3da-2f43-48aa-866a-48cee4f01de7] - authentication successful using: SNOWFLAKE"}
{"level":"INFO","message":"[11:54:11.997 PM]: Trying to initialize Easy Logging"}
{"level":"INFO","message":"[11:54:12.006 PM]: No client config detected."}
{"level":"INFO","message":"[11:54:12.006 PM]: No config file path found. Client config will not be used."}
{"level":"INFO","message":"[11:54:12.008 PM]: Easy Logging is disabled as no config has been found"}
{"level":"INFO","message":"[11:54:12.023 PM]: Connection[id: 9b1fb3da-2f43-48aa-866a-48cee4f01de7] - connected successfully after 27.710399999999936 milliseconds"}
{"level":"INFO","message":"[11:54:12.939 PM]: Creating new connection object"}
{"level":"INFO","message":"[11:54:12.941 PM]: Creating Connection[id: f920dabf-c62e-491a-b777-b74785c90eff] with host: RMCVKYD-LK80402.snowflakecomputing.com, account: RMCVKYD-LK80402, accessUrl: https://RMCVKYD-LK80402.snowflakecomputing.com, user: TULIPRAAJ007, password is provided, role: undefined, database: ASSETERA, schema: PUBLIC, warehouse: COMPUTE_WH, region: undefined, authenticator: SNOWFLAKE, ocsp mode: FAIL_OPEN, os: win32, os version: 10.0.20348"}
{"level":"INFO","message":"[11:54:12.941 PM]: Connection[id: f920dabf-c62e-491a-b777-b74785c90eff] additional details: passcode in password is provided, passcode is not provided, private key is not provided, application: undefined, client name: snowflake-sdk, client version: 1.15.0, retry timeout: 300, private key path: undefined, private key pass is not provided, client store temporary credential: false, browser response timeout: 120000"}
{"level":"INFO","message":"[11:54:12.942 PM]: Connection[id: f920dabf-c62e-491a-b777-b74785c90eff] - connection object created successfully."}
{"level":"INFO","message":"[11:54:12.942 PM]: Connection[id: f920dabf-c62e-491a-b777-b74785c90eff] - connecting. Associated Snowflake domain: GLOBAL"}
{"level":"INFO","message":"[11:54:12.943 PM]: Connection[id: f920dabf-c62e-491a-b777-b74785c90eff] - authentication successful using: SNOWFLAKE"}
{"level":"INFO","message":"[11:54:12.944 PM]: Connection[id: f920dabf-c62e-491a-b777-b74785c90eff] - connected successfully after 1.39520000000266 milliseconds"}
{"level":"INFO","message":"[11:54:30.987 PM]: Creating new connection object"}
{"level":"INFO","message":"[11:54:30.997 PM]: Creating Connection[id: 135a904c-b771-4ecc-bcbb-344d0be7b650] with host: RMCVKYD-LK80402.snowflakecomputing.com, account: RMCVKYD-LK80402, accessUrl: https://RMCVKYD-LK80402.snowflakecomputing.com, user: TULIPRAAJ007, password is provided, role: undefined, database: ASSETERA, schema: PUBLIC, warehouse: COMPUTE_WH, region: undefined, authenticator: SNOWFLAKE, ocsp mode: FAIL_OPEN, os: win32, os version: 10.0.20348"}
{"level":"INFO","message":"[11:54:30.999 PM]: Connection[id: 135a904c-b771-4ecc-bcbb-344d0be7b650] additional details: passcode in password is provided, passcode is not provided, private key is not provided, application: undefined, client name: snowflake-sdk, client version: 1.15.0, retry timeout: 300, private key path: undefined, private key pass is not provided, client store temporary credential: false, browser response timeout: 120000"}
{"level":"INFO","message":"[11:54:31.000 PM]: Connection[id: 135a904c-b771-4ecc-bcbb-344d0be7b650] - connection object created successfully."}
{"level":"INFO","message":"[11:54:31.001 PM]: Connection[id: 135a904c-b771-4ecc-bcbb-344d0be7b650] - connecting. Associated Snowflake domain: GLOBAL"}
{"level":"INFO","message":"[11:54:31.002 PM]: Connection[id: 135a904c-b771-4ecc-bcbb-344d0be7b650] - authentication successful using: SNOWFLAKE"}
{"level":"INFO","message":"[11:54:31.003 PM]: Trying to initialize Easy Logging"}
{"level":"INFO","message":"[11:54:31.007 PM]: No client config detected."}
{"level":"INFO","message":"[11:54:31.007 PM]: No config file path found. Client config will not be used."}
{"level":"INFO","message":"[11:54:31.008 PM]: Easy Logging is disabled as no config has been found"}
{"level":"INFO","message":"[11:54:31.020 PM]: Connection[id: 135a904c-b771-4ecc-bcbb-344d0be7b650] - connected successfully after 18.9288000000015 milliseconds"}
{"level":"INFO","message":"[11:54:32.007 PM]: Creating new connection object"}
{"level":"INFO","message":"[11:54:32.008 PM]: Creating Connection[id: a86d9917-099d-4103-95d7-94de5746f35f] with host: RMCVKYD-LK80402.snowflakecomputing.com, account: RMCVKYD-LK80402, accessUrl: https://RMCVKYD-LK80402.snowflakecomputing.com, user: TULIPRAAJ007, password is provided, role: undefined, database: ASSETERA, schema: PUBLIC, warehouse: COMPUTE_WH, region: undefined, authenticator: SNOWFLAKE, ocsp mode: FAIL_OPEN, os: win32, os version: 10.0.20348"}
{"level":"INFO","message":"[11:54:32.009 PM]: Connection[id: a86d9917-099d-4103-95d7-94de5746f35f] additional details: passcode in password is provided, passcode is not provided, private key is not provided, application: undefined, client name: snowflake-sdk, client version: 1.15.0, retry timeout: 300, private key path: undefined, private key pass is not provided, client store temporary credential: false, browser response timeout: 120000"}
{"level":"INFO","message":"[11:54:32.010 PM]: Connection[id: a86d9917-099d-4103-95d7-94de5746f35f] - connection object created successfully."}
{"level":"INFO","message":"[11:54:32.010 PM]: Connection[id: a86d9917-099d-4103-95d7-94de5746f35f] - connecting. Associated Snowflake domain: GLOBAL"}
{"level":"INFO","message":"[11:54:32.011 PM]: Connection[id: a86d9917-099d-4103-95d7-94de5746f35f] - authentication successful using: SNOWFLAKE"}
{"level":"INFO","message":"[11:54:32.012 PM]: Connection[id: a86d9917-099d-4103-95d7-94de5746f35f] - connected successfully after 1.4472999999998137 milliseconds"}
{"level":"INFO","message":"[11:54:46.436 PM]: Creating new connection object"}
{"level":"INFO","message":"[11:54:46.437 PM]: Creating Connection[id: d13f422b-72c4-481f-bbe9-69fd36fd1951] with host: RMCVKYD-LK80402.snowflakecomputing.com, account: RMCVKYD-LK80402, accessUrl: https://RMCVKYD-LK80402.snowflakecomputing.com, user: TULIPRAAJ007, password is provided, role: undefined, database: ASSETERA, schema: PUBLIC, warehouse: COMPUTE_WH, region: undefined, authenticator: SNOWFLAKE, ocsp mode: FAIL_OPEN, os: win32, os version: 10.0.20348"}
{"level":"INFO","message":"[11:54:46.439 PM]: Connection[id: d13f422b-72c4-481f-bbe9-69fd36fd1951] additional details: passcode in password is provided, passcode is not provided, private key is not provided, application: undefined, client name: snowflake-sdk, client version: 1.15.0, retry timeout: 300, private key path: undefined, private key pass is not provided, client store temporary credential: false, browser response timeout: 120000"}
{"level":"INFO","message":"[11:54:46.441 PM]: Connection[id: d13f422b-72c4-481f-bbe9-69fd36fd1951] - connection object created successfully."}
{"level":"INFO","message":"[11:54:46.441 PM]: Connection[id: d13f422b-72c4-481f-bbe9-69fd36fd1951] - connecting. Associated Snowflake domain: GLOBAL"}
{"level":"INFO","message":"[11:54:46.444 PM]: Connection[id: d13f422b-72c4-481f-bbe9-69fd36fd1951] - authentication successful using: SNOWFLAKE"}
{"level":"INFO","message":"[11:54:46.445 PM]: Connection[id: d13f422b-72c4-481f-bbe9-69fd36fd1951] - connected successfully after 3.797600000005332 milliseconds"}
{"level":"INFO","message":"[11:54:46.871 PM]: Creating new connection object"}
{"level":"INFO","message":"[11:54:46.872 PM]: Creating Connection[id: a589f51f-dc3c-4958-9822-904987541f44] with host: RMCVKYD-LK80402.snowflakecomputing.com, account: RMCVKYD-LK80402, accessUrl: https://RMCVKYD-LK80402.snowflakecomputing.com, user: TULIPRAAJ007, password is provided, role: undefined, database: ASSETERA, schema: PUBLIC, warehouse: COMPUTE_WH, region: undefined, authenticator: SNOWFLAKE, ocsp mode: FAIL_OPEN, os: win32, os version: 10.0.20348"}
{"level":"INFO","message":"[11:54:46.873 PM]: Connection[id: a589f51f-dc3c-4958-9822-904987541f44] additional details: passcode in password is provided, passcode is not provided, private key is not provided, application: undefined, client name: snowflake-sdk, client version: 1.15.0, retry timeout: 300, private key path: undefined, private key pass is not provided, client store temporary credential: false, browser response timeout: 120000"}
{"level":"INFO","message":"[11:54:46.874 PM]: Connection[id: a589f51f-dc3c-4958-9822-904987541f44] - connection object created successfully."}
{"level":"INFO","message":"[11:54:46.874 PM]: Connection[id: a589f51f-dc3c-4958-9822-904987541f44] - connecting. Associated Snowflake domain: GLOBAL"}
{"level":"INFO","message":"[11:54:46.875 PM]: Connection[id: a589f51f-dc3c-4958-9822-904987541f44] - authentication successful using: SNOWFLAKE"}
{"level":"INFO","message":"[11:54:46.876 PM]: Connection[id: a589f51f-dc3c-4958-9822-904987541f44] - connected successfully after 1.5769000000000233 milliseconds"}
{"level":"INFO","message":"[11:57:06.889 PM]: Creating new connection object"}
{"level":"INFO","message":"[11:57:06.899 PM]: Creating Connection[id: e90dc8be-4af2-497f-ade9-06a23aa7a92c] with host: RMCVKYD-LK80402.snowflakecomputing.com, account: RMCVKYD-LK80402, accessUrl: https://RMCVKYD-LK80402.snowflakecomputing.com, user: TULIPRAAJ007, password is provided, role: undefined, database: ASSETERA, schema: PUBLIC, warehouse: COMPUTE_WH, region: undefined, authenticator: SNOWFLAKE, ocsp mode: FAIL_OPEN, os: win32, os version: 10.0.20348"}
{"level":"INFO","message":"[11:57:06.900 PM]: Connection[id: e90dc8be-4af2-497f-ade9-06a23aa7a92c] additional details: passcode in password is provided, passcode is not provided, private key is not provided, application: undefined, client name: snowflake-sdk, client version: 1.15.0, retry timeout: 300, private key path: undefined, private key pass is not provided, client store temporary credential: false, browser response timeout: 120000"}
{"level":"INFO","message":"[11:57:06.901 PM]: Connection[id: e90dc8be-4af2-497f-ade9-06a23aa7a92c] - connection object created successfully."}
{"level":"INFO","message":"[11:57:06.902 PM]: Connection[id: e90dc8be-4af2-497f-ade9-06a23aa7a92c] - connecting. Associated Snowflake domain: GLOBAL"}
{"level":"INFO","message":"[11:57:06.903 PM]: Connection[id: e90dc8be-4af2-497f-ade9-06a23aa7a92c] - authentication successful using: SNOWFLAKE"}
{"level":"INFO","message":"[11:57:06.904 PM]: Trying to initialize Easy Logging"}
{"level":"INFO","message":"[11:57:06.908 PM]: No client config detected."}
{"level":"INFO","message":"[11:57:06.909 PM]: No config file path found. Client config will not be used."}
{"level":"INFO","message":"[11:57:06.910 PM]: Easy Logging is disabled as no config has been found"}
{"level":"INFO","message":"[11:57:06.913 PM]: Connection[id: e90dc8be-4af2-497f-ade9-06a23aa7a92c] - connected successfully after 11.181000000000495 milliseconds"}
{"level":"INFO","message":"[11:57:07.735 PM]: Creating new connection object"}
{"level":"INFO","message":"[11:57:07.737 PM]: Creating Connection[id: fb656324-76af-44ac-b0f7-0229658c297a] with host: RMCVKYD-LK80402.snowflakecomputing.com, account: RMCVKYD-LK80402, accessUrl: https://RMCVKYD-LK80402.snowflakecomputing.com, user: TULIPRAAJ007, password is provided, role: undefined, database: ASSETERA, schema: PUBLIC, warehouse: COMPUTE_WH, region: undefined, authenticator: SNOWFLAKE, ocsp mode: FAIL_OPEN, os: win32, os version: 10.0.20348"}
{"level":"INFO","message":"[11:57:07.738 PM]: Connection[id: fb656324-76af-44ac-b0f7-0229658c297a] additional details: passcode in password is provided, passcode is not provided, private key is not provided, application: undefined, client name: snowflake-sdk, client version: 1.15.0, retry timeout: 300, private key path: undefined, private key pass is not provided, client store temporary credential: false, browser response timeout: 120000"}
{"level":"INFO","message":"[11:57:07.738 PM]: Connection[id: fb656324-76af-44ac-b0f7-0229658c297a] - connection object created successfully."}
{"level":"INFO","message":"[11:57:07.739 PM]: Connection[id: fb656324-76af-44ac-b0f7-0229658c297a] - connecting. Associated Snowflake domain: GLOBAL"}
{"level":"INFO","message":"[11:57:07.740 PM]: Connection[id: fb656324-76af-44ac-b0f7-0229658c297a] - authentication successful using: SNOWFLAKE"}
{"level":"INFO","message":"[11:57:07.741 PM]: Connection[id: fb656324-76af-44ac-b0f7-0229658c297a] - connected successfully after 1.7041000000008353 milliseconds"}
{"level":"INFO","message":"[11:57:25.149 PM]: Creating new connection object"}
{"level":"INFO","message":"[11:57:25.151 PM]: Creating Connection[id: 9071fb6a-e99a-4ae9-b3b2-57675de18e86] with host: RMCVKYD-LK80402.snowflakecomputing.com, account: RMCVKYD-LK80402, accessUrl: https://RMCVKYD-LK80402.snowflakecomputing.com, user: TULIPRAAJ007, password is provided, role: undefined, database: ASSETERA, schema: PUBLIC, warehouse: COMPUTE_WH, region: undefined, authenticator: SNOWFLAKE, ocsp mode: FAIL_OPEN, os: win32, os version: 10.0.20348"}
{"level":"INFO","message":"[11:57:25.151 PM]: Connection[id: 9071fb6a-e99a-4ae9-b3b2-57675de18e86] additional details: passcode in password is provided, passcode is not provided, private key is not provided, application: undefined, client name: snowflake-sdk, client version: 1.15.0, retry timeout: 300, private key path: undefined, private key pass is not provided, client store temporary credential: false, browser response timeout: 120000"}
{"level":"INFO","message":"[11:57:25.152 PM]: Connection[id: 9071fb6a-e99a-4ae9-b3b2-57675de18e86] - connection object created successfully."}
{"level":"INFO","message":"[11:57:25.152 PM]: Connection[id: 9071fb6a-e99a-4ae9-b3b2-57675de18e86] - connecting. Associated Snowflake domain: GLOBAL"}
{"level":"INFO","message":"[11:57:25.153 PM]: Connection[id: 9071fb6a-e99a-4ae9-b3b2-57675de18e86] - authentication successful using: SNOWFLAKE"}
{"level":"INFO","message":"[11:57:25.154 PM]: Connection[id: 9071fb6a-e99a-4ae9-b3b2-57675de18e86] - connected successfully after 1.9889000000002852 milliseconds"}
{"level":"INFO","message":"[11:57:25.625 PM]: Creating new connection object"}
{"level":"INFO","message":"[11:57:25.626 PM]: Creating Connection[id: d884e6b8-2ce9-4db9-8a8d-6ba3039329bd] with host: RMCVKYD-LK80402.snowflakecomputing.com, account: RMCVKYD-LK80402, accessUrl: https://RMCVKYD-LK80402.snowflakecomputing.com, user: TULIPRAAJ007, password is provided, role: undefined, database: ASSETERA, schema: PUBLIC, warehouse: COMPUTE_WH, region: undefined, authenticator: SNOWFLAKE, ocsp mode: FAIL_OPEN, os: win32, os version: 10.0.20348"}
{"level":"INFO","message":"[11:57:25.627 PM]: Connection[id: d884e6b8-2ce9-4db9-8a8d-6ba3039329bd] additional details: passcode in password is provided, passcode is not provided, private key is not provided, application: undefined, client name: snowflake-sdk, client version: 1.15.0, retry timeout: 300, private key path: undefined, private key pass is not provided, client store temporary credential: false, browser response timeout: 120000"}
{"level":"INFO","message":"[11:57:25.627 PM]: Connection[id: d884e6b8-2ce9-4db9-8a8d-6ba3039329bd] - connection object created successfully."}
{"level":"INFO","message":"[11:57:25.627 PM]: Connection[id: d884e6b8-2ce9-4db9-8a8d-6ba3039329bd] - connecting. Associated Snowflake domain: GLOBAL"}
{"level":"INFO","message":"[11:57:25.628 PM]: Connection[id: d884e6b8-2ce9-4db9-8a8d-6ba3039329bd] - authentication successful using: SNOWFLAKE"}
{"level":"INFO","message":"[11:57:25.629 PM]: Connection[id: d884e6b8-2ce9-4db9-8a8d-6ba3039329bd] - connected successfully after 1.1719999999986612 milliseconds"}
{"level":"INFO","message":"[12:02:28.213 AM]: Creating new connection object"}
{"level":"INFO","message":"[12:02:28.220 AM]: Creating Connection[id: 48bf3130-cca9-4788-9589-3c03e05fa9e0] with host: RMCVKYD-LK80402.snowflakecomputing.com, account: RMCVKYD-LK80402, accessUrl: https://RMCVKYD-LK80402.snowflakecomputing.com, user: TULIPRAAJ007, password is provided, role: undefined, database: ASSETERA, schema: PUBLIC, warehouse: COMPUTE_WH, region: undefined, authenticator: SNOWFLAKE, ocsp mode: FAIL_OPEN, os: win32, os version: 10.0.20348"}
{"level":"INFO","message":"[12:02:28.221 AM]: Connection[id: 48bf3130-cca9-4788-9589-3c03e05fa9e0] additional details: passcode in password is provided, passcode is not provided, private key is not provided, application: undefined, client name: snowflake-sdk, client version: 1.15.0, retry timeout: 300, private key path: undefined, private key pass is not provided, client store temporary credential: false, browser response timeout: 120000"}
{"level":"INFO","message":"[12:02:28.222 AM]: Connection[id: 48bf3130-cca9-4788-9589-3c03e05fa9e0] - connection object created successfully."}
{"level":"INFO","message":"[12:02:28.223 AM]: Connection[id: 48bf3130-cca9-4788-9589-3c03e05fa9e0] - connecting. Associated Snowflake domain: GLOBAL"}
{"level":"INFO","message":"[12:02:28.224 AM]: Connection[id: 48bf3130-cca9-4788-9589-3c03e05fa9e0] - authentication successful using: SNOWFLAKE"}
{"level":"INFO","message":"[12:02:28.226 AM]: Connection[id: 48bf3130-cca9-4788-9589-3c03e05fa9e0] - connected successfully after 3.1943999999784864 milliseconds"}
{"level":"INFO","message":"[12:02:28.915 AM]: Creating new connection object"}
{"level":"INFO","message":"[12:02:28.916 AM]: Creating Connection[id: a642cb43-21b4-42a2-80a3-8a733129c9ac] with host: RMCVKYD-LK80402.snowflakecomputing.com, account: RMCVKYD-LK80402, accessUrl: https://RMCVKYD-LK80402.snowflakecomputing.com, user: TULIPRAAJ007, password is provided, role: undefined, database: ASSETERA, schema: PUBLIC, warehouse: COMPUTE_WH, region: undefined, authenticator: SNOWFLAKE, ocsp mode: FAIL_OPEN, os: win32, os version: 10.0.20348"}
{"level":"INFO","message":"[12:02:28.918 AM]: Connection[id: a642cb43-21b4-42a2-80a3-8a733129c9ac] additional details: passcode in password is provided, passcode is not provided, private key is not provided, application: undefined, client name: snowflake-sdk, client version: 1.15.0, retry timeout: 300, private key path: undefined, private key pass is not provided, client store temporary credential: false, browser response timeout: 120000"}
{"level":"INFO","message":"[12:02:28.918 AM]: Connection[id: a642cb43-21b4-42a2-80a3-8a733129c9ac] - connection object created successfully."}
{"level":"INFO","message":"[12:02:28.919 AM]: Connection[id: a642cb43-21b4-42a2-80a3-8a733129c9ac] - connecting. Associated Snowflake domain: GLOBAL"}
{"level":"INFO","message":"[12:02:28.919 AM]: Connection[id: a642cb43-21b4-42a2-80a3-8a733129c9ac] - authentication successful using: SNOWFLAKE"}
{"level":"INFO","message":"[12:02:28.919 AM]: Connection[id: a642cb43-21b4-42a2-80a3-8a733129c9ac] - connected successfully after 0.8380000000470318 milliseconds"}
{"level":"INFO","message":"[12:02:40.472 AM]: Creating new connection object"}
{"level":"INFO","message":"[12:02:40.483 AM]: Creating Connection[id: 7ac8418a-82d1-4ab0-9df2-fdf0d78ef8ed] with host: RMCVKYD-LK80402.snowflakecomputing.com, account: RMCVKYD-LK80402, accessUrl: https://RMCVKYD-LK80402.snowflakecomputing.com, user: TULIPRAAJ007, password is provided, role: undefined, database: ASSETERA, schema: PUBLIC, warehouse: COMPUTE_WH, region: undefined, authenticator: SNOWFLAKE, ocsp mode: FAIL_OPEN, os: win32, os version: 10.0.20348"}
{"level":"INFO","message":"[12:02:40.488 AM]: Connection[id: 7ac8418a-82d1-4ab0-9df2-fdf0d78ef8ed] additional details: passcode in password is provided, passcode is not provided, private key is not provided, application: undefined, client name: snowflake-sdk, client version: 1.15.0, retry timeout: 300, private key path: undefined, private key pass is not provided, client store temporary credential: false, browser response timeout: 120000"}
{"level":"INFO","message":"[12:02:40.489 AM]: Connection[id: 7ac8418a-82d1-4ab0-9df2-fdf0d78ef8ed] - connection object created successfully."}
{"level":"INFO","message":"[12:02:40.490 AM]: Connection[id: 7ac8418a-82d1-4ab0-9df2-fdf0d78ef8ed] - connecting. Associated Snowflake domain: GLOBAL"}
{"level":"INFO","message":"[12:02:40.491 AM]: Connection[id: 7ac8418a-82d1-4ab0-9df2-fdf0d78ef8ed] - authentication successful using: SNOWFLAKE"}
{"level":"INFO","message":"[12:02:40.492 AM]: Trying to initialize Easy Logging"}
{"level":"INFO","message":"[12:02:40.494 AM]: No client config detected."}
{"level":"INFO","message":"[12:02:40.495 AM]: No config file path found. Client config will not be used."}
{"level":"INFO","message":"[12:02:40.496 AM]: Easy Logging is disabled as no config has been found"}
{"level":"INFO","message":"[12:02:40.500 AM]: Connection[id: 7ac8418a-82d1-4ab0-9df2-fdf0d78ef8ed] - connected successfully after 9.711999999999534 milliseconds"}
{"level":"INFO","message":"[12:02:41.179 AM]: Creating new connection object"}
{"level":"INFO","message":"[12:02:41.180 AM]: Creating Connection[id: e0483ab5-7768-4124-8bd9-b6771c30ca23] with host: RMCVKYD-LK80402.snowflakecomputing.com, account: RMCVKYD-LK80402, accessUrl: https://RMCVKYD-LK80402.snowflakecomputing.com, user: TULIPRAAJ007, password is provided, role: undefined, database: ASSETERA, schema: PUBLIC, warehouse: COMPUTE_WH, region: undefined, authenticator: SNOWFLAKE, ocsp mode: FAIL_OPEN, os: win32, os version: 10.0.20348"}
{"level":"INFO","message":"[12:02:41.181 AM]: Connection[id: e0483ab5-7768-4124-8bd9-b6771c30ca23] additional details: passcode in password is provided, passcode is not provided, private key is not provided, application: undefined, client name: snowflake-sdk, client version: 1.15.0, retry timeout: 300, private key path: undefined, private key pass is not provided, client store temporary credential: false, browser response timeout: 120000"}
{"level":"INFO","message":"[12:02:41.182 AM]: Connection[id: e0483ab5-7768-4124-8bd9-b6771c30ca23] - connection object created successfully."}
{"level":"INFO","message":"[12:02:41.183 AM]: Connection[id: e0483ab5-7768-4124-8bd9-b6771c30ca23] - connecting. Associated Snowflake domain: GLOBAL"}
{"level":"INFO","message":"[12:02:41.183 AM]: Connection[id: e0483ab5-7768-4124-8bd9-b6771c30ca23] - authentication successful using: SNOWFLAKE"}
{"level":"INFO","message":"[12:02:41.184 AM]: Connection[id: e0483ab5-7768-4124-8bd9-b6771c30ca23] - connected successfully after 1.3312000000150874 milliseconds"}
{"level":"INFO","message":"[1:08:22.753 AM]: Creating new connection object"}
{"level":"INFO","message":"[1:08:22.765 AM]: Creating Connection[id: ceda90d5-acfa-46a9-a5c7-be609c53fb32] with host: RMCVKYD-LK80402.snowflakecomputing.com, account: RMCVKYD-LK80402, accessUrl: https://RMCVKYD-LK80402.snowflakecomputing.com, user: TULIPRAAJ007, password is provided, role: undefined, database: ASSETERA, schema: PUBLIC, warehouse: COMPUTE_WH, region: undefined, authenticator: SNOWFLAKE, ocsp mode: FAIL_OPEN, os: win32, os version: 10.0.20348"}
{"level":"INFO","message":"[1:08:22.766 AM]: Connection[id: ceda90d5-acfa-46a9-a5c7-be609c53fb32] additional details: passcode in password is provided, passcode is not provided, private key is not provided, application: undefined, client name: snowflake-sdk, client version: 1.15.0, retry timeout: 300, private key path: undefined, private key pass is not provided, client store temporary credential: false, browser response timeout: 120000"}
{"level":"INFO","message":"[1:08:22.768 AM]: Connection[id: ceda90d5-acfa-46a9-a5c7-be609c53fb32] - connection object created successfully."}
{"level":"INFO","message":"[1:08:22.768 AM]: Connection[id: ceda90d5-acfa-46a9-a5c7-be609c53fb32] - connecting. Associated Snowflake domain: GLOBAL"}
{"level":"INFO","message":"[1:08:22.769 AM]: Connection[id: ceda90d5-acfa-46a9-a5c7-be609c53fb32] - authentication successful using: SNOWFLAKE"}
{"level":"INFO","message":"[1:08:22.770 AM]: Trying to initialize Easy Logging"}
{"level":"INFO","message":"[1:08:22.775 AM]: No client config detected."}
{"level":"INFO","message":"[1:08:22.775 AM]: No config file path found. Client config will not be used."}
{"level":"INFO","message":"[1:08:22.776 AM]: Easy Logging is disabled as no config has been found"}
{"level":"INFO","message":"[1:08:22.782 AM]: Connection[id: ceda90d5-acfa-46a9-a5c7-be609c53fb32] - connected successfully after 13.169099999999162 milliseconds"}
{"level":"INFO","message":"[1:08:23.446 AM]: Creating new connection object"}
{"level":"INFO","message":"[1:08:23.448 AM]: Creating Connection[id: 5b24668b-9474-4bea-9175-519e100adac7] with host: RMCVKYD-LK80402.snowflakecomputing.com, account: RMCVKYD-LK80402, accessUrl: https://RMCVKYD-LK80402.snowflakecomputing.com, user: TULIPRAAJ007, password is provided, role: undefined, database: ASSETERA, schema: PUBLIC, warehouse: COMPUTE_WH, region: undefined, authenticator: SNOWFLAKE, ocsp mode: FAIL_OPEN, os: win32, os version: 10.0.20348"}
{"level":"INFO","message":"[1:08:23.449 AM]: Connection[id: 5b24668b-9474-4bea-9175-519e100adac7] additional details: passcode in password is provided, passcode is not provided, private key is not provided, application: undefined, client name: snowflake-sdk, client version: 1.15.0, retry timeout: 300, private key path: undefined, private key pass is not provided, client store temporary credential: false, browser response timeout: 120000"}
{"level":"INFO","message":"[1:08:23.450 AM]: Connection[id: 5b24668b-9474-4bea-9175-519e100adac7] - connection object created successfully."}
{"level":"INFO","message":"[1:08:23.450 AM]: Connection[id: 5b24668b-9474-4bea-9175-519e100adac7] - connecting. Associated Snowflake domain: GLOBAL"}
{"level":"INFO","message":"[1:08:23.451 AM]: Connection[id: 5b24668b-9474-4bea-9175-519e100adac7] - authentication successful using: SNOWFLAKE"}
{"level":"INFO","message":"[1:08:23.452 AM]: Connection[id: 5b24668b-9474-4bea-9175-519e100adac7] - connected successfully after 1.7456999999994878 milliseconds"}
{"level":"INFO","message":"[1:08:30.929 AM]: Creating new connection object"}
{"level":"INFO","message":"[1:08:30.939 AM]: Creating Connection[id: 36254245-735d-42d4-bb80-5cc18247d85c] with host: RMCVKYD-LK80402.snowflakecomputing.com, account: RMCVKYD-LK80402, accessUrl: https://RMCVKYD-LK80402.snowflakecomputing.com, user: TULIPRAAJ007, password is provided, role: undefined, database: ASSETERA, schema: PUBLIC, warehouse: COMPUTE_WH, region: undefined, authenticator: SNOWFLAKE, ocsp mode: FAIL_OPEN, os: win32, os version: 10.0.20348"}
{"level":"INFO","message":"[1:08:30.940 AM]: Connection[id: 36254245-735d-42d4-bb80-5cc18247d85c] additional details: passcode in password is provided, passcode is not provided, private key is not provided, application: undefined, client name: snowflake-sdk, client version: 1.15.0, retry timeout: 300, private key path: undefined, private key pass is not provided, client store temporary credential: false, browser response timeout: 120000"}
{"level":"INFO","message":"[1:08:30.942 AM]: Connection[id: 36254245-735d-42d4-bb80-5cc18247d85c] - connection object created successfully."}
{"level":"INFO","message":"[1:08:30.943 AM]: Connection[id: 36254245-735d-42d4-bb80-5cc18247d85c] - connecting. Associated Snowflake domain: GLOBAL"}
{"level":"INFO","message":"[1:08:30.944 AM]: Connection[id: 36254245-735d-42d4-bb80-5cc18247d85c] - authentication successful using: SNOWFLAKE"}
{"level":"INFO","message":"[1:08:30.945 AM]: Trying to initialize Easy Logging"}
{"level":"INFO","message":"[1:08:30.952 AM]: No client config detected."}
{"level":"INFO","message":"[1:08:30.953 AM]: No config file path found. Client config will not be used."}
{"level":"INFO","message":"[1:08:30.954 AM]: Easy Logging is disabled as no config has been found"}
{"level":"INFO","message":"[1:08:30.957 AM]: Connection[id: 36254245-735d-42d4-bb80-5cc18247d85c] - connected successfully after 13.623699999996461 milliseconds"}
{"level":"INFO","message":"[1:09:15.439 AM]: Creating new connection object"}
{"level":"INFO","message":"[1:09:15.441 AM]: Creating Connection[id: 2a9228cc-5c81-4df1-b3c2-fcb67c217fbb] with host: RMCVKYD-LK80402.snowflakecomputing.com, account: RMCVKYD-LK80402, accessUrl: https://RMCVKYD-LK80402.snowflakecomputing.com, user: TULIPRAAJ007, password is provided, role: undefined, database: ASSETERA, schema: PUBLIC, warehouse: COMPUTE_WH, region: undefined, authenticator: SNOWFLAKE, ocsp mode: FAIL_OPEN, os: win32, os version: 10.0.20348"}
{"level":"INFO","message":"[1:09:15.441 AM]: Connection[id: 2a9228cc-5c81-4df1-b3c2-fcb67c217fbb] additional details: passcode in password is provided, passcode is not provided, private key is not provided, application: undefined, client name: snowflake-sdk, client version: 1.15.0, retry timeout: 300, private key path: undefined, private key pass is not provided, client store temporary credential: false, browser response timeout: 120000"}
{"level":"INFO","message":"[1:09:15.442 AM]: Connection[id: 2a9228cc-5c81-4df1-b3c2-fcb67c217fbb] - connection object created successfully."}
{"level":"INFO","message":"[1:09:15.443 AM]: Connection[id: 2a9228cc-5c81-4df1-b3c2-fcb67c217fbb] - connecting. Associated Snowflake domain: GLOBAL"}
{"level":"INFO","message":"[1:09:15.444 AM]: Connection[id: 2a9228cc-5c81-4df1-b3c2-fcb67c217fbb] - authentication successful using: SNOWFLAKE"}
{"level":"INFO","message":"[1:09:15.445 AM]: Connection[id: 2a9228cc-5c81-4df1-b3c2-fcb67c217fbb] - connected successfully after 2.6358000000036554 milliseconds"}
{"level":"INFO","message":"[1:09:19.868 AM]: Creating new connection object"}
{"level":"INFO","message":"[1:09:19.870 AM]: Creating Connection[id: 375a594d-4bf9-4eff-9f63-90e31c67c240] with host: RMCVKYD-LK80402.snowflakecomputing.com, account: RMCVKYD-LK80402, accessUrl: https://RMCVKYD-LK80402.snowflakecomputing.com, user: TULIPRAAJ007, password is provided, role: undefined, database: ASSETERA, schema: PUBLIC, warehouse: COMPUTE_WH, region: undefined, authenticator: SNOWFLAKE, ocsp mode: FAIL_OPEN, os: win32, os version: 10.0.20348"}
{"level":"INFO","message":"[1:09:19.870 AM]: Connection[id: 375a594d-4bf9-4eff-9f63-90e31c67c240] additional details: passcode in password is provided, passcode is not provided, private key is not provided, application: undefined, client name: snowflake-sdk, client version: 1.15.0, retry timeout: 300, private key path: undefined, private key pass is not provided, client store temporary credential: false, browser response timeout: 120000"}
{"level":"INFO","message":"[1:09:19.871 AM]: Connection[id: 375a594d-4bf9-4eff-9f63-90e31c67c240] - connection object created successfully."}
{"level":"INFO","message":"[1:09:19.871 AM]: Connection[id: 375a594d-4bf9-4eff-9f63-90e31c67c240] - connecting. Associated Snowflake domain: GLOBAL"}
{"level":"INFO","message":"[1:09:19.872 AM]: Connection[id: 375a594d-4bf9-4eff-9f63-90e31c67c240] - authentication successful using: SNOWFLAKE"}
{"level":"INFO","message":"[1:09:19.873 AM]: Connection[id: 375a594d-4bf9-4eff-9f63-90e31c67c240] - connected successfully after 1.5316000000020722 milliseconds"}
{"level":"INFO","message":"[1:09:20.266 AM]: Creating new connection object"}
{"level":"INFO","message":"[1:09:20.267 AM]: Creating Connection[id: 27176069-87b5-4573-9e89-4a1f8ea91eae] with host: RMCVKYD-LK80402.snowflakecomputing.com, account: RMCVKYD-LK80402, accessUrl: https://RMCVKYD-LK80402.snowflakecomputing.com, user: TULIPRAAJ007, password is provided, role: undefined, database: ASSETERA, schema: PUBLIC, warehouse: COMPUTE_WH, region: undefined, authenticator: SNOWFLAKE, ocsp mode: FAIL_OPEN, os: win32, os version: 10.0.20348"}
{"level":"INFO","message":"[1:09:20.268 AM]: Connection[id: 27176069-87b5-4573-9e89-4a1f8ea91eae] additional details: passcode in password is provided, passcode is not provided, private key is not provided, application: undefined, client name: snowflake-sdk, client version: 1.15.0, retry timeout: 300, private key path: undefined, private key pass is not provided, client store temporary credential: false, browser response timeout: 120000"}
{"level":"INFO","message":"[1:09:20.268 AM]: Connection[id: 27176069-87b5-4573-9e89-4a1f8ea91eae] - connection object created successfully."}
{"level":"INFO","message":"[1:09:20.269 AM]: Connection[id: 27176069-87b5-4573-9e89-4a1f8ea91eae] - connecting. Associated Snowflake domain: GLOBAL"}
{"level":"INFO","message":"[1:09:20.269 AM]: Connection[id: 27176069-87b5-4573-9e89-4a1f8ea91eae] - authentication successful using: SNOWFLAKE"}
{"level":"INFO","message":"[1:09:20.270 AM]: Connection[id: 27176069-87b5-4573-9e89-4a1f8ea91eae] - connected successfully after 1.7054000000061933 milliseconds"}
{"level":"INFO","message":"[1:09:28.953 AM]: Creating new connection object"}
{"level":"INFO","message":"[1:09:28.955 AM]: Creating Connection[id: acaafda2-1b43-4931-a61c-9e751f4bf4cc] with host: RMCVKYD-LK80402.snowflakecomputing.com, account: RMCVKYD-LK80402, accessUrl: https://RMCVKYD-LK80402.snowflakecomputing.com, user: TULIPRAAJ007, password is provided, role: undefined, database: ASSETERA, schema: PUBLIC, warehouse: COMPUTE_WH, region: undefined, authenticator: SNOWFLAKE, ocsp mode: FAIL_OPEN, os: win32, os version: 10.0.20348"}
{"level":"INFO","message":"[1:09:28.955 AM]: Connection[id: acaafda2-1b43-4931-a61c-9e751f4bf4cc] additional details: passcode in password is provided, passcode is not provided, private key is not provided, application: undefined, client name: snowflake-sdk, client version: 1.15.0, retry timeout: 300, private key path: undefined, private key pass is not provided, client store temporary credential: false, browser response timeout: 120000"}
{"level":"INFO","message":"[1:09:28.957 AM]: Connection[id: acaafda2-1b43-4931-a61c-9e751f4bf4cc] - connection object created successfully."}
{"level":"INFO","message":"[1:09:28.957 AM]: Connection[id: acaafda2-1b43-4931-a61c-9e751f4bf4cc] - connecting. Associated Snowflake domain: GLOBAL"}
{"level":"INFO","message":"[1:09:28.958 AM]: Connection[id: acaafda2-1b43-4931-a61c-9e751f4bf4cc] - authentication successful using: SNOWFLAKE"}
{"level":"INFO","message":"[1:09:28.959 AM]: Connection[id: acaafda2-1b43-4931-a61c-9e751f4bf4cc] - connected successfully after 1.3856999999989057 milliseconds"}
{"level":"INFO","message":"[1:09:30.837 AM]: Creating new connection object"}
{"level":"INFO","message":"[1:09:30.843 AM]: Creating Connection[id: 26e51d3e-d5e0-4a67-bf22-73a32ab69ead] with host: RMCVKYD-LK80402.snowflakecomputing.com, account: RMCVKYD-LK80402, accessUrl: https://RMCVKYD-LK80402.snowflakecomputing.com, user: TULIPRAAJ007, password is provided, role: undefined, database: ASSETERA, schema: PUBLIC, warehouse: COMPUTE_WH, region: undefined, authenticator: SNOWFLAKE, ocsp mode: FAIL_OPEN, os: win32, os version: 10.0.20348"}
{"level":"INFO","message":"[1:09:30.844 AM]: Connection[id: 26e51d3e-d5e0-4a67-bf22-73a32ab69ead] additional details: passcode in password is provided, passcode is not provided, private key is not provided, application: undefined, client name: snowflake-sdk, client version: 1.15.0, retry timeout: 300, private key path: undefined, private key pass is not provided, client store temporary credential: false, browser response timeout: 120000"}
{"level":"INFO","message":"[1:09:30.845 AM]: Connection[id: 26e51d3e-d5e0-4a67-bf22-73a32ab69ead] - connection object created successfully."}
{"level":"INFO","message":"[1:09:30.845 AM]: Connection[id: 26e51d3e-d5e0-4a67-bf22-73a32ab69ead] - connecting. Associated Snowflake domain: GLOBAL"}
{"level":"INFO","message":"[1:09:30.845 AM]: Connection[id: 26e51d3e-d5e0-4a67-bf22-73a32ab69ead] - authentication successful using: SNOWFLAKE"}
{"level":"INFO","message":"[1:09:30.847 AM]: Connection[id: 26e51d3e-d5e0-4a67-bf22-73a32ab69ead] - connected successfully after 1.9665999999997439 milliseconds"}
{"level":"INFO","message":"[1:09:31.276 AM]: Creating new connection object"}
{"level":"INFO","message":"[1:09:31.278 AM]: Creating Connection[id: 494f91dc-8be7-4bc8-bc6f-29401e504968] with host: RMCVKYD-LK80402.snowflakecomputing.com, account: RMCVKYD-LK80402, accessUrl: https://RMCVKYD-LK80402.snowflakecomputing.com, user: TULIPRAAJ007, password is provided, role: undefined, database: ASSETERA, schema: PUBLIC, warehouse: COMPUTE_WH, region: undefined, authenticator: SNOWFLAKE, ocsp mode: FAIL_OPEN, os: win32, os version: 10.0.20348"}
{"level":"INFO","message":"[1:09:31.278 AM]: Connection[id: 494f91dc-8be7-4bc8-bc6f-29401e504968] additional details: passcode in password is provided, passcode is not provided, private key is not provided, application: undefined, client name: snowflake-sdk, client version: 1.15.0, retry timeout: 300, private key path: undefined, private key pass is not provided, client store temporary credential: false, browser response timeout: 120000"}
{"level":"INFO","message":"[1:09:31.279 AM]: Connection[id: 494f91dc-8be7-4bc8-bc6f-29401e504968] - connection object created successfully."}
{"level":"INFO","message":"[1:09:31.279 AM]: Connection[id: 494f91dc-8be7-4bc8-bc6f-29401e504968] - connecting. Associated Snowflake domain: GLOBAL"}
{"level":"INFO","message":"[1:09:31.280 AM]: Connection[id: 494f91dc-8be7-4bc8-bc6f-29401e504968] - authentication successful using: SNOWFLAKE"}
{"level":"INFO","message":"[1:09:31.282 AM]: Connection[id: 494f91dc-8be7-4bc8-bc6f-29401e504968] - connected successfully after 2.181800000005751 milliseconds"}
{"level":"INFO","message":"[1:09:32.439 AM]: Creating new connection object"}
{"level":"INFO","message":"[1:09:32.441 AM]: Creating Connection[id: 4b1fee4b-c214-4199-9ef2-03352f5bd91d] with host: RMCVKYD-LK80402.snowflakecomputing.com, account: RMCVKYD-LK80402, accessUrl: https://RMCVKYD-LK80402.snowflakecomputing.com, user: TULIPRAAJ007, password is provided, role: undefined, database: ASSETERA, schema: PUBLIC, warehouse: COMPUTE_WH, region: undefined, authenticator: SNOWFLAKE, ocsp mode: FAIL_OPEN, os: win32, os version: 10.0.20348"}
{"level":"INFO","message":"[1:09:32.442 AM]: Connection[id: 4b1fee4b-c214-4199-9ef2-03352f5bd91d] additional details: passcode in password is provided, passcode is not provided, private key is not provided, application: undefined, client name: snowflake-sdk, client version: 1.15.0, retry timeout: 300, private key path: undefined, private key pass is not provided, client store temporary credential: false, browser response timeout: 120000"}
{"level":"INFO","message":"[1:09:32.443 AM]: Connection[id: 4b1fee4b-c214-4199-9ef2-03352f5bd91d] - connection object created successfully."}
{"level":"INFO","message":"[1:09:32.444 AM]: Connection[id: 4b1fee4b-c214-4199-9ef2-03352f5bd91d] - connecting. Associated Snowflake domain: GLOBAL"}
{"level":"INFO","message":"[1:09:32.444 AM]: Connection[id: 4b1fee4b-c214-4199-9ef2-03352f5bd91d] - authentication successful using: SNOWFLAKE"}
{"level":"INFO","message":"[1:09:32.445 AM]: Connection[id: 4b1fee4b-c214-4199-9ef2-03352f5bd91d] - connected successfully after 1.606499999994412 milliseconds"}
{"level":"INFO","message":"[1:09:36.127 AM]: Creating new connection object"}
{"level":"INFO","message":"[1:09:36.131 AM]: Creating Connection[id: 7ceaedcd-70aa-4fa2-bd66-6bd16833055a] with host: RMCVKYD-LK80402.snowflakecomputing.com, account: RMCVKYD-LK80402, accessUrl: https://RMCVKYD-LK80402.snowflakecomputing.com, user: TULIPRAAJ007, password is provided, role: undefined, database: ASSETERA, schema: PUBLIC, warehouse: COMPUTE_WH, region: undefined, authenticator: SNOWFLAKE, ocsp mode: FAIL_OPEN, os: win32, os version: 10.0.20348"}
{"level":"INFO","message":"[1:09:36.136 AM]: Connection[id: 7ceaedcd-70aa-4fa2-bd66-6bd16833055a] additional details: passcode in password is provided, passcode is not provided, private key is not provided, application: undefined, client name: snowflake-sdk, client version: 1.15.0, retry timeout: 300, private key path: undefined, private key pass is not provided, client store temporary credential: false, browser response timeout: 120000"}
{"level":"INFO","message":"[1:09:36.138 AM]: Connection[id: 7ceaedcd-70aa-4fa2-bd66-6bd16833055a] - connection object created successfully."}
{"level":"INFO","message":"[1:09:36.138 AM]: Connection[id: 7ceaedcd-70aa-4fa2-bd66-6bd16833055a] - connecting. Associated Snowflake domain: GLOBAL"}
{"level":"INFO","message":"[1:09:36.139 AM]: Connection[id: 7ceaedcd-70aa-4fa2-bd66-6bd16833055a] - authentication successful using: SNOWFLAKE"}
{"level":"INFO","message":"[1:09:36.141 AM]: Connection[id: 7ceaedcd-70aa-4fa2-bd66-6bd16833055a] - connected successfully after 3.2465999999985797 milliseconds"}
{"level":"INFO","message":"[1:09:36.548 AM]: Creating new connection object"}
{"level":"INFO","message":"[1:09:36.550 AM]: Creating Connection[id: ca5390b6-1a44-45db-87e1-45456e314fa6] with host: RMCVKYD-LK80402.snowflakecomputing.com, account: RMCVKYD-LK80402, accessUrl: https://RMCVKYD-LK80402.snowflakecomputing.com, user: TULIPRAAJ007, password is provided, role: undefined, database: ASSETERA, schema: PUBLIC, warehouse: COMPUTE_WH, region: undefined, authenticator: SNOWFLAKE, ocsp mode: FAIL_OPEN, os: win32, os version: 10.0.20348"}
{"level":"INFO","message":"[1:09:36.551 AM]: Connection[id: ca5390b6-1a44-45db-87e1-45456e314fa6] additional details: passcode in password is provided, passcode is not provided, private key is not provided, application: undefined, client name: snowflake-sdk, client version: 1.15.0, retry timeout: 300, private key path: undefined, private key pass is not provided, client store temporary credential: false, browser response timeout: 120000"}
{"level":"INFO","message":"[1:09:36.551 AM]: Connection[id: ca5390b6-1a44-45db-87e1-45456e314fa6] - connection object created successfully."}
{"level":"INFO","message":"[1:09:36.551 AM]: Connection[id: ca5390b6-1a44-45db-87e1-45456e314fa6] - connecting. Associated Snowflake domain: GLOBAL"}
{"level":"INFO","message":"[1:09:36.552 AM]: Connection[id: ca5390b6-1a44-45db-87e1-45456e314fa6] - authentication successful using: SNOWFLAKE"}
{"level":"INFO","message":"[1:09:36.553 AM]: Connection[id: ca5390b6-1a44-45db-87e1-45456e314fa6] - connected successfully after 1.2753999999986263 milliseconds"}
{"level":"INFO","message":"[1:10:09.090 AM]: Creating new connection object"}
{"level":"INFO","message":"[1:10:09.091 AM]: Creating Connection[id: b400f719-c7f7-4535-ab9d-58eeec723a11] with host: RMCVKYD-LK80402.snowflakecomputing.com, account: RMCVKYD-LK80402, accessUrl: https://RMCVKYD-LK80402.snowflakecomputing.com, user: TULIPRAAJ007, password is provided, role: undefined, database: ASSETERA, schema: PUBLIC, warehouse: COMPUTE_WH, region: undefined, authenticator: SNOWFLAKE, ocsp mode: FAIL_OPEN, os: win32, os version: 10.0.20348"}
{"level":"INFO","message":"[1:10:09.092 AM]: Connection[id: b400f719-c7f7-4535-ab9d-58eeec723a11] additional details: passcode in password is provided, passcode is not provided, private key is not provided, application: undefined, client name: snowflake-sdk, client version: 1.15.0, retry timeout: 300, private key path: undefined, private key pass is not provided, client store temporary credential: false, browser response timeout: 120000"}
{"level":"INFO","message":"[1:10:09.092 AM]: Connection[id: b400f719-c7f7-4535-ab9d-58eeec723a11] - connection object created successfully."}
{"level":"INFO","message":"[1:10:09.092 AM]: Connection[id: b400f719-c7f7-4535-ab9d-58eeec723a11] - connecting. Associated Snowflake domain: GLOBAL"}
{"level":"INFO","message":"[1:10:09.093 AM]: Connection[id: b400f719-c7f7-4535-ab9d-58eeec723a11] - authentication successful using: SNOWFLAKE"}
{"level":"INFO","message":"[1:10:09.094 AM]: Connection[id: b400f719-c7f7-4535-ab9d-58eeec723a11] - connected successfully after 1.9364999999816064 milliseconds"}
{"level":"INFO","message":"[1:10:09.576 AM]: Creating new connection object"}
{"level":"INFO","message":"[1:10:09.587 AM]: Creating Connection[id: 0ece9f60-d351-43b4-81f3-5995f950f7de] with host: RMCVKYD-LK80402.snowflakecomputing.com, account: RMCVKYD-LK80402, accessUrl: https://RMCVKYD-LK80402.snowflakecomputing.com, user: TULIPRAAJ007, password is provided, role: undefined, database: ASSETERA, schema: PUBLIC, warehouse: COMPUTE_WH, region: undefined, authenticator: SNOWFLAKE, ocsp mode: FAIL_OPEN, os: win32, os version: 10.0.20348"}
{"level":"INFO","message":"[1:10:09.588 AM]: Connection[id: 0ece9f60-d351-43b4-81f3-5995f950f7de] additional details: passcode in password is provided, passcode is not provided, private key is not provided, application: undefined, client name: snowflake-sdk, client version: 1.15.0, retry timeout: 300, private key path: undefined, private key pass is not provided, client store temporary credential: false, browser response timeout: 120000"}
{"level":"INFO","message":"[1:10:09.588 AM]: Connection[id: 0ece9f60-d351-43b4-81f3-5995f950f7de] - connection object created successfully."}
{"level":"INFO","message":"[1:10:09.589 AM]: Connection[id: 0ece9f60-d351-43b4-81f3-5995f950f7de] - connecting. Associated Snowflake domain: GLOBAL"}
{"level":"INFO","message":"[1:10:09.589 AM]: Connection[id: 0ece9f60-d351-43b4-81f3-5995f950f7de] - authentication successful using: SNOWFLAKE"}
{"level":"INFO","message":"[1:10:09.590 AM]: Connection[id: 0ece9f60-d351-43b4-81f3-5995f950f7de] - connected successfully after 1.6208000000042375 milliseconds"}
{"level":"INFO","message":"[1:10:10.950 AM]: Creating new connection object"}
{"level":"INFO","message":"[1:10:10.951 AM]: Creating Connection[id: 27d06b82-6ee7-420d-af4a-10aa227d44d3] with host: RMCVKYD-LK80402.snowflakecomputing.com, account: RMCVKYD-LK80402, accessUrl: https://RMCVKYD-LK80402.snowflakecomputing.com, user: TULIPRAAJ007, password is provided, role: undefined, database: ASSETERA, schema: PUBLIC, warehouse: COMPUTE_WH, region: undefined, authenticator: SNOWFLAKE, ocsp mode: FAIL_OPEN, os: win32, os version: 10.0.20348"}
{"level":"INFO","message":"[1:10:10.952 AM]: Connection[id: 27d06b82-6ee7-420d-af4a-10aa227d44d3] additional details: passcode in password is provided, passcode is not provided, private key is not provided, application: undefined, client name: snowflake-sdk, client version: 1.15.0, retry timeout: 300, private key path: undefined, private key pass is not provided, client store temporary credential: false, browser response timeout: 120000"}
{"level":"INFO","message":"[1:10:10.952 AM]: Connection[id: 27d06b82-6ee7-420d-af4a-10aa227d44d3] - connection object created successfully."}
{"level":"INFO","message":"[1:10:10.952 AM]: Connection[id: 27d06b82-6ee7-420d-af4a-10aa227d44d3] - connecting. Associated Snowflake domain: GLOBAL"}
{"level":"INFO","message":"[1:10:10.953 AM]: Connection[id: 27d06b82-6ee7-420d-af4a-10aa227d44d3] - authentication successful using: SNOWFLAKE"}
{"level":"INFO","message":"[1:10:10.954 AM]: Connection[id: 27d06b82-6ee7-420d-af4a-10aa227d44d3] - connected successfully after 1.3219000000099186 milliseconds"}
{"level":"INFO","message":"[1:18:07.189 AM]: Creating new connection object"}
{"level":"INFO","message":"[1:18:07.199 AM]: Creating Connection[id: b8bd80a4-40a4-4429-9245-ae773e5ebf53] with host: RMCVKYD-LK80402.snowflakecomputing.com, account: RMCVKYD-LK80402, accessUrl: https://RMCVKYD-LK80402.snowflakecomputing.com, user: TULIPRAAJ007, password is provided, role: undefined, database: ASSETERA, schema: PUBLIC, warehouse: COMPUTE_WH, region: undefined, authenticator: SNOWFLAKE, ocsp mode: FAIL_OPEN, os: win32, os version: 10.0.20348"}
{"level":"INFO","message":"[1:18:07.200 AM]: Connection[id: b8bd80a4-40a4-4429-9245-ae773e5ebf53] additional details: passcode in password is provided, passcode is not provided, private key is not provided, application: undefined, client name: snowflake-sdk, client version: 1.15.0, retry timeout: 300, private key path: undefined, private key pass is not provided, client store temporary credential: false, browser response timeout: 120000"}
{"level":"INFO","message":"[1:18:07.201 AM]: Connection[id: b8bd80a4-40a4-4429-9245-ae773e5ebf53] - connection object created successfully."}
{"level":"INFO","message":"[1:18:07.202 AM]: Connection[id: b8bd80a4-40a4-4429-9245-ae773e5ebf53] - connecting. Associated Snowflake domain: GLOBAL"}
{"level":"INFO","message":"[1:18:07.203 AM]: Connection[id: b8bd80a4-40a4-4429-9245-ae773e5ebf53] - authentication successful using: SNOWFLAKE"}
{"level":"INFO","message":"[1:18:07.204 AM]: Trying to initialize Easy Logging"}
{"level":"INFO","message":"[1:18:07.208 AM]: No client config detected."}
{"level":"INFO","message":"[1:18:07.209 AM]: No config file path found. Client config will not be used."}
{"level":"INFO","message":"[1:18:07.210 AM]: Easy Logging is disabled as no config has been found"}
{"level":"INFO","message":"[1:18:07.213 AM]: Connection[id: b8bd80a4-40a4-4429-9245-ae773e5ebf53] - connected successfully after 11.403099999995902 milliseconds"}
{"level":"INFO","message":"[1:18:07.907 AM]: Creating new connection object"}
{"level":"INFO","message":"[1:18:07.909 AM]: Creating Connection[id: 98d481ba-20e2-43e5-ad59-27768929f80e] with host: RMCVKYD-LK80402.snowflakecomputing.com, account: RMCVKYD-LK80402, accessUrl: https://RMCVKYD-LK80402.snowflakecomputing.com, user: TULIPRAAJ007, password is provided, role: undefined, database: ASSETERA, schema: PUBLIC, warehouse: COMPUTE_WH, region: undefined, authenticator: SNOWFLAKE, ocsp mode: FAIL_OPEN, os: win32, os version: 10.0.20348"}
{"level":"INFO","message":"[1:18:07.909 AM]: Connection[id: 98d481ba-20e2-43e5-ad59-27768929f80e] additional details: passcode in password is provided, passcode is not provided, private key is not provided, application: undefined, client name: snowflake-sdk, client version: 1.15.0, retry timeout: 300, private key path: undefined, private key pass is not provided, client store temporary credential: false, browser response timeout: 120000"}
{"level":"INFO","message":"[1:18:07.910 AM]: Connection[id: 98d481ba-20e2-43e5-ad59-27768929f80e] - connection object created successfully."}
{"level":"INFO","message":"[1:18:07.910 AM]: Connection[id: 98d481ba-20e2-43e5-ad59-27768929f80e] - connecting. Associated Snowflake domain: GLOBAL"}
{"level":"INFO","message":"[1:18:07.910 AM]: Connection[id: 98d481ba-20e2-43e5-ad59-27768929f80e] - authentication successful using: SNOWFLAKE"}
{"level":"INFO","message":"[1:18:07.911 AM]: Connection[id: 98d481ba-20e2-43e5-ad59-27768929f80e] - connected successfully after 1.4842999999964377 milliseconds"}
{"level":"INFO","message":"[1:18:14.072 AM]: Creating new connection object"}
{"level":"INFO","message":"[1:18:14.083 AM]: Creating Connection[id: d0fd23bc-04ec-47ff-8251-4f427e2df373] with host: RMCVKYD-LK80402.snowflakecomputing.com, account: RMCVKYD-LK80402, accessUrl: https://RMCVKYD-LK80402.snowflakecomputing.com, user: TULIPRAAJ007, password is provided, role: undefined, database: ASSETERA, schema: PUBLIC, warehouse: COMPUTE_WH, region: undefined, authenticator: SNOWFLAKE, ocsp mode: FAIL_OPEN, os: win32, os version: 10.0.20348"}
{"level":"INFO","message":"[1:18:14.088 AM]: Connection[id: d0fd23bc-04ec-47ff-8251-4f427e2df373] additional details: passcode in password is provided, passcode is not provided, private key is not provided, application: undefined, client name: snowflake-sdk, client version: 1.15.0, retry timeout: 300, private key path: undefined, private key pass is not provided, client store temporary credential: false, browser response timeout: 120000"}
{"level":"INFO","message":"[1:18:14.090 AM]: Connection[id: d0fd23bc-04ec-47ff-8251-4f427e2df373] - connection object created successfully."}
{"level":"INFO","message":"[1:18:14.091 AM]: Connection[id: d0fd23bc-04ec-47ff-8251-4f427e2df373] - connecting. Associated Snowflake domain: GLOBAL"}
{"level":"INFO","message":"[1:18:14.092 AM]: Connection[id: d0fd23bc-04ec-47ff-8251-4f427e2df373] - authentication successful using: SNOWFLAKE"}
{"level":"INFO","message":"[1:18:14.093 AM]: Trying to initialize Easy Logging"}
{"level":"INFO","message":"[1:18:14.097 AM]: No client config detected."}
{"level":"INFO","message":"[1:18:14.097 AM]: No config file path found. Client config will not be used."}
{"level":"INFO","message":"[1:18:14.098 AM]: Easy Logging is disabled as no config has been found"}
{"level":"INFO","message":"[1:18:14.101 AM]: Connection[id: d0fd23bc-04ec-47ff-8251-4f427e2df373] - connected successfully after 9.897400000001653 milliseconds"}
{"level":"INFO","message":"[1:19:19.289 AM]: Creating new connection object"}
{"level":"INFO","message":"[1:19:19.305 AM]: Creating Connection[id: dc9e1114-d0bc-4990-9af8-19b2ff0bfbb8] with host: RMCVKYD-LK80402.snowflakecomputing.com, account: RMCVKYD-LK80402, accessUrl: https://RMCVKYD-LK80402.snowflakecomputing.com, user: TULIPRAAJ007, password is provided, role: undefined, database: ASSETERA, schema: PUBLIC, warehouse: COMPUTE_WH, region: undefined, authenticator: SNOWFLAKE, ocsp mode: FAIL_OPEN, os: win32, os version: 10.0.20348"}
{"level":"INFO","message":"[1:19:19.311 AM]: Connection[id: dc9e1114-d0bc-4990-9af8-19b2ff0bfbb8] additional details: passcode in password is provided, passcode is not provided, private key is not provided, application: undefined, client name: snowflake-sdk, client version: 1.15.0, retry timeout: 300, private key path: undefined, private key pass is not provided, client store temporary credential: false, browser response timeout: 120000"}
{"level":"INFO","message":"[1:19:19.318 AM]: Connection[id: dc9e1114-d0bc-4990-9af8-19b2ff0bfbb8] - connection object created successfully."}
{"level":"INFO","message":"[1:19:19.319 AM]: Connection[id: dc9e1114-d0bc-4990-9af8-19b2ff0bfbb8] - connecting. Associated Snowflake domain: GLOBAL"}
{"level":"INFO","message":"[1:19:19.320 AM]: Connection[id: dc9e1114-d0bc-4990-9af8-19b2ff0bfbb8] - authentication successful using: SNOWFLAKE"}
{"level":"INFO","message":"[1:19:19.322 AM]: Trying to initialize Easy Logging"}
{"level":"INFO","message":"[1:19:19.326 AM]: No client config detected."}
{"level":"INFO","message":"[1:19:19.326 AM]: No config file path found. Client config will not be used."}
{"level":"INFO","message":"[1:19:19.327 AM]: Easy Logging is disabled as no config has been found"}
{"level":"INFO","message":"[1:19:19.331 AM]: Connection[id: dc9e1114-d0bc-4990-9af8-19b2ff0bfbb8] - connected successfully after 11.608800000001793 milliseconds"}
{"level":"INFO","message":"[1:19:27.662 AM]: Creating new connection object"}
{"level":"INFO","message":"[1:19:27.672 AM]: Creating Connection[id: 512f8a7b-c679-4b73-b3d2-18e132f345fe] with host: RMCVKYD-LK80402.snowflakecomputing.com, account: RMCVKYD-LK80402, accessUrl: https://RMCVKYD-LK80402.snowflakecomputing.com, user: TULIPRAAJ007, password is provided, role: undefined, database: ASSETERA, schema: PUBLIC, warehouse: COMPUTE_WH, region: undefined, authenticator: SNOWFLAKE, ocsp mode: FAIL_OPEN, os: win32, os version: 10.0.20348"}
{"level":"INFO","message":"[1:19:27.673 AM]: Connection[id: 512f8a7b-c679-4b73-b3d2-18e132f345fe] additional details: passcode in password is provided, passcode is not provided, private key is not provided, application: undefined, client name: snowflake-sdk, client version: 1.15.0, retry timeout: 300, private key path: undefined, private key pass is not provided, client store temporary credential: false, browser response timeout: 120000"}
{"level":"INFO","message":"[1:19:27.675 AM]: Connection[id: 512f8a7b-c679-4b73-b3d2-18e132f345fe] - connection object created successfully."}
{"level":"INFO","message":"[1:19:27.678 AM]: Connection[id: 512f8a7b-c679-4b73-b3d2-18e132f345fe] - connecting. Associated Snowflake domain: GLOBAL"}
{"level":"INFO","message":"[1:19:27.679 AM]: Connection[id: 512f8a7b-c679-4b73-b3d2-18e132f345fe] - authentication successful using: SNOWFLAKE"}
{"level":"INFO","message":"[1:19:27.680 AM]: Trying to initialize Easy Logging"}
{"level":"INFO","message":"[1:19:27.707 AM]: No client config detected."}
{"level":"INFO","message":"[1:19:27.708 AM]: No config file path found. Client config will not be used."}
{"level":"INFO","message":"[1:19:27.708 AM]: Easy Logging is disabled as no config has been found"}
{"level":"INFO","message":"[1:19:27.711 AM]: Connection[id: 512f8a7b-c679-4b73-b3d2-18e132f345fe] - connected successfully after 32.83220000000438 milliseconds"}
{"level":"INFO","message":"[1:20:27.468 AM]: Creating new connection object"}
{"level":"INFO","message":"[1:20:27.479 AM]: Creating Connection[id: 5e629d5d-8458-4346-9257-e7537344b993] with host: RMCVKYD-LK80402.snowflakecomputing.com, account: RMCVKYD-LK80402, accessUrl: https://RMCVKYD-LK80402.snowflakecomputing.com, user: TULIPRAAJ007, password is provided, role: undefined, database: ASSETERA, schema: PUBLIC, warehouse: COMPUTE_WH, region: undefined, authenticator: SNOWFLAKE, ocsp mode: FAIL_OPEN, os: win32, os version: 10.0.20348"}
{"level":"INFO","message":"[1:20:27.480 AM]: Connection[id: 5e629d5d-8458-4346-9257-e7537344b993] additional details: passcode in password is provided, passcode is not provided, private key is not provided, application: undefined, client name: snowflake-sdk, client version: 1.15.0, retry timeout: 300, private key path: undefined, private key pass is not provided, client store temporary credential: false, browser response timeout: 120000"}
{"level":"INFO","message":"[1:20:27.481 AM]: Connection[id: 5e629d5d-8458-4346-9257-e7537344b993] - connection object created successfully."}
{"level":"INFO","message":"[1:20:27.482 AM]: Connection[id: 5e629d5d-8458-4346-9257-e7537344b993] - connecting. Associated Snowflake domain: GLOBAL"}
{"level":"INFO","message":"[1:20:27.483 AM]: Connection[id: 5e629d5d-8458-4346-9257-e7537344b993] - authentication successful using: SNOWFLAKE"}
{"level":"INFO","message":"[1:20:27.484 AM]: Trying to initialize Easy Logging"}
{"level":"INFO","message":"[1:20:27.565 AM]: No client config detected."}
{"level":"INFO","message":"[1:20:27.566 AM]: No config file path found. Client config will not be used."}
{"level":"INFO","message":"[1:20:27.567 AM]: Easy Logging is disabled as no config has been found"}
{"level":"INFO","message":"[1:20:27.570 AM]: Connection[id: 5e629d5d-8458-4346-9257-e7537344b993] - connected successfully after 87.94789999999921 milliseconds"}
{"level":"INFO","message":"[1:20:29.943 AM]: Creating new connection object"}
{"level":"INFO","message":"[1:20:29.958 AM]: Creating Connection[id: 1c806269-1b08-4c31-87dc-8b824935b27e] with host: RMCVKYD-LK80402.snowflakecomputing.com, account: RMCVKYD-LK80402, accessUrl: https://RMCVKYD-LK80402.snowflakecomputing.com, user: TULIPRAAJ007, password is provided, role: undefined, database: ASSETERA, schema: PUBLIC, warehouse: COMPUTE_WH, region: undefined, authenticator: SNOWFLAKE, ocsp mode: FAIL_OPEN, os: win32, os version: 10.0.20348"}
{"level":"INFO","message":"[1:20:29.959 AM]: Connection[id: 1c806269-1b08-4c31-87dc-8b824935b27e] additional details: passcode in password is provided, passcode is not provided, private key is not provided, application: undefined, client name: snowflake-sdk, client version: 1.15.0, retry timeout: 300, private key path: undefined, private key pass is not provided, client store temporary credential: false, browser response timeout: 120000"}
{"level":"INFO","message":"[1:20:29.960 AM]: Connection[id: 1c806269-1b08-4c31-87dc-8b824935b27e] - connection object created successfully."}
{"level":"INFO","message":"[1:20:29.961 AM]: Connection[id: 1c806269-1b08-4c31-87dc-8b824935b27e] - connecting. Associated Snowflake domain: GLOBAL"}
{"level":"INFO","message":"[1:20:30.042 AM]: Connection[id: 1c806269-1b08-4c31-87dc-8b824935b27e] - authentication successful using: SNOWFLAKE"}
{"level":"INFO","message":"[1:20:30.045 AM]: Connection[id: 1c806269-1b08-4c31-87dc-8b824935b27e] - connected successfully after 84.06260000000475 milliseconds"}
{"level":"INFO","message":"[1:21:53.195 AM]: Creating new connection object"}
{"level":"INFO","message":"[1:21:53.208 AM]: Creating Connection[id: c3e94047-29f5-498a-8b19-2073a4451353] with host: RMCVKYD-LK80402.snowflakecomputing.com, account: RMCVKYD-LK80402, accessUrl: https://RMCVKYD-LK80402.snowflakecomputing.com, user: TULIPRAAJ007, password is provided, role: undefined, database: ASSETERA, schema: PUBLIC, warehouse: COMPUTE_WH, region: undefined, authenticator: SNOWFLAKE, ocsp mode: FAIL_OPEN, os: win32, os version: 10.0.20348"}
{"level":"INFO","message":"[1:21:53.210 AM]: Connection[id: c3e94047-29f5-498a-8b19-2073a4451353] additional details: passcode in password is provided, passcode is not provided, private key is not provided, application: undefined, client name: snowflake-sdk, client version: 1.15.0, retry timeout: 300, private key path: undefined, private key pass is not provided, client store temporary credential: false, browser response timeout: 120000"}
{"level":"INFO","message":"[1:21:53.211 AM]: Connection[id: c3e94047-29f5-498a-8b19-2073a4451353] - connection object created successfully."}
{"level":"INFO","message":"[1:21:53.212 AM]: Connection[id: c3e94047-29f5-498a-8b19-2073a4451353] - connecting. Associated Snowflake domain: GLOBAL"}
{"level":"INFO","message":"[1:21:53.213 AM]: Connection[id: c3e94047-29f5-498a-8b19-2073a4451353] - authentication successful using: SNOWFLAKE"}
{"level":"INFO","message":"[1:21:53.214 AM]: Trying to initialize Easy Logging"}
{"level":"INFO","message":"[1:21:53.218 AM]: No client config detected."}
{"level":"INFO","message":"[1:21:53.218 AM]: No config file path found. Client config will not be used."}
{"level":"INFO","message":"[1:21:53.219 AM]: Easy Logging is disabled as no config has been found"}
{"level":"INFO","message":"[1:21:53.223 AM]: Connection[id: c3e94047-29f5-498a-8b19-2073a4451353] - connected successfully after 11.499199999962002 milliseconds"}
{"level":"INFO","message":"[1:22:00.419 AM]: Creating new connection object"}
{"level":"INFO","message":"[1:22:00.426 AM]: Creating Connection[id: 61c8ee21-5574-46d0-86f8-0fb8d1309f01] with host: RMCVKYD-LK80402.snowflakecomputing.com, account: RMCVKYD-LK80402, accessUrl: https://RMCVKYD-LK80402.snowflakecomputing.com, user: TULIPRAAJ007, password is provided, role: undefined, database: ASSETERA, schema: PUBLIC, warehouse: COMPUTE_WH, region: undefined, authenticator: SNOWFLAKE, ocsp mode: FAIL_OPEN, os: win32, os version: 10.0.20348"}
{"level":"INFO","message":"[1:22:00.427 AM]: Connection[id: 61c8ee21-5574-46d0-86f8-0fb8d1309f01] additional details: passcode in password is provided, passcode is not provided, private key is not provided, application: undefined, client name: snowflake-sdk, client version: 1.15.0, retry timeout: 300, private key path: undefined, private key pass is not provided, client store temporary credential: false, browser response timeout: 120000"}
{"level":"INFO","message":"[1:22:00.427 AM]: Connection[id: 61c8ee21-5574-46d0-86f8-0fb8d1309f01] - connection object created successfully."}
{"level":"INFO","message":"[1:22:00.428 AM]: Connection[id: 61c8ee21-5574-46d0-86f8-0fb8d1309f01] - connecting. Associated Snowflake domain: GLOBAL"}
{"level":"INFO","message":"[1:22:00.429 AM]: Connection[id: 61c8ee21-5574-46d0-86f8-0fb8d1309f01] - authentication successful using: SNOWFLAKE"}
{"level":"INFO","message":"[1:22:00.429 AM]: Trying to initialize Easy Logging"}
{"level":"INFO","message":"[1:22:00.459 AM]: No client config detected."}
{"level":"INFO","message":"[1:22:00.460 AM]: No config file path found. Client config will not be used."}
{"level":"INFO","message":"[1:22:00.461 AM]: Easy Logging is disabled as no config has been found"}
{"level":"INFO","message":"[1:22:00.464 AM]: Connection[id: 61c8ee21-5574-46d0-86f8-0fb8d1309f01] - connected successfully after 35.66149999998743 milliseconds"}
{"level":"INFO","message":"[1:22:10.980 AM]: Creating new connection object"}
{"level":"INFO","message":"[1:22:10.987 AM]: Creating Connection[id: 177d1153-79b1-42c3-aeb8-638965ffb69f] with host: RMCVKYD-LK80402.snowflakecomputing.com, account: RMCVKYD-LK80402, accessUrl: https://RMCVKYD-LK80402.snowflakecomputing.com, user: TULIPRAAJ007, password is provided, role: undefined, database: ASSETERA, schema: PUBLIC, warehouse: COMPUTE_WH, region: undefined, authenticator: SNOWFLAKE, ocsp mode: FAIL_OPEN, os: win32, os version: 10.0.20348"}
{"level":"INFO","message":"[1:22:10.988 AM]: Connection[id: 177d1153-79b1-42c3-aeb8-638965ffb69f] additional details: passcode in password is provided, passcode is not provided, private key is not provided, application: undefined, client name: snowflake-sdk, client version: 1.15.0, retry timeout: 300, private key path: undefined, private key pass is not provided, client store temporary credential: false, browser response timeout: 120000"}
{"level":"INFO","message":"[1:22:10.989 AM]: Connection[id: 177d1153-79b1-42c3-aeb8-638965ffb69f] - connection object created successfully."}
{"level":"INFO","message":"[1:22:10.990 AM]: Connection[id: 177d1153-79b1-42c3-aeb8-638965ffb69f] - connecting. Associated Snowflake domain: GLOBAL"}
{"level":"INFO","message":"[1:22:10.991 AM]: Connection[id: 177d1153-79b1-42c3-aeb8-638965ffb69f] - authentication successful using: SNOWFLAKE"}
{"level":"INFO","message":"[1:22:10.991 AM]: Trying to initialize Easy Logging"}
{"level":"INFO","message":"[1:22:10.995 AM]: No client config detected."}
{"level":"INFO","message":"[1:22:10.995 AM]: No config file path found. Client config will not be used."}
{"level":"INFO","message":"[1:22:10.996 AM]: Easy Logging is disabled as no config has been found"}
{"level":"INFO","message":"[1:22:10.997 AM]: Connection[id: 177d1153-79b1-42c3-aeb8-638965ffb69f] - connected successfully after 7.12510000000475 milliseconds"}
{"level":"INFO","message":"[1:22:17.170 AM]: Creating new connection object"}
{"level":"INFO","message":"[1:22:17.176 AM]: Creating Connection[id: 00688865-994c-4117-9b26-e78b6dc34f1b] with host: RMCVKYD-LK80402.snowflakecomputing.com, account: RMCVKYD-LK80402, accessUrl: https://RMCVKYD-LK80402.snowflakecomputing.com, user: TULIPRAAJ007, password is provided, role: undefined, database: ASSETERA, schema: PUBLIC, warehouse: COMPUTE_WH, region: undefined, authenticator: SNOWFLAKE, ocsp mode: FAIL_OPEN, os: win32, os version: 10.0.20348"}
{"level":"INFO","message":"[1:22:17.177 AM]: Connection[id: 00688865-994c-4117-9b26-e78b6dc34f1b] additional details: passcode in password is provided, passcode is not provided, private key is not provided, application: undefined, client name: snowflake-sdk, client version: 1.15.0, retry timeout: 300, private key path: undefined, private key pass is not provided, client store temporary credential: false, browser response timeout: 120000"}
{"level":"INFO","message":"[1:22:17.178 AM]: Connection[id: 00688865-994c-4117-9b26-e78b6dc34f1b] - connection object created successfully."}
{"level":"INFO","message":"[1:22:17.179 AM]: Connection[id: 00688865-994c-4117-9b26-e78b6dc34f1b] - connecting. Associated Snowflake domain: GLOBAL"}
{"level":"INFO","message":"[1:22:17.180 AM]: Connection[id: 00688865-994c-4117-9b26-e78b6dc34f1b] - authentication successful using: SNOWFLAKE"}
{"level":"INFO","message":"[1:22:17.181 AM]: Trying to initialize Easy Logging"}
{"level":"INFO","message":"[1:22:17.223 AM]: No client config detected."}
{"level":"INFO","message":"[1:22:17.223 AM]: No config file path found. Client config will not be used."}
{"level":"INFO","message":"[1:22:17.226 AM]: Easy Logging is disabled as no config has been found"}
{"level":"INFO","message":"[1:22:17.239 AM]: Connection[id: 00688865-994c-4117-9b26-e78b6dc34f1b] - connected successfully after 60.15120000002207 milliseconds"}
{"level":"INFO","message":"[1:23:12.820 AM]: Creating new connection object"}
{"level":"INFO","message":"[1:23:12.829 AM]: Creating Connection[id: f830106e-757e-46ff-8985-546b38e17d35] with host: RMCVKYD-LK80402.snowflakecomputing.com, account: RMCVKYD-LK80402, accessUrl: https://RMCVKYD-LK80402.snowflakecomputing.com, user: TULIPRAAJ007, password is provided, role: undefined, database: ASSETERA, schema: PUBLIC, warehouse: COMPUTE_WH, region: undefined, authenticator: SNOWFLAKE, ocsp mode: FAIL_OPEN, os: win32, os version: 10.0.20348"}
{"level":"INFO","message":"[1:23:12.831 AM]: Connection[id: f830106e-757e-46ff-8985-546b38e17d35] additional details: passcode in password is provided, passcode is not provided, private key is not provided, application: undefined, client name: snowflake-sdk, client version: 1.15.0, retry timeout: 300, private key path: undefined, private key pass is not provided, client store temporary credential: false, browser response timeout: 120000"}
{"level":"INFO","message":"[1:23:12.832 AM]: Connection[id: f830106e-757e-46ff-8985-546b38e17d35] - connection object created successfully."}
{"level":"INFO","message":"[1:23:12.833 AM]: Connection[id: f830106e-757e-46ff-8985-546b38e17d35] - connecting. Associated Snowflake domain: GLOBAL"}
{"level":"INFO","message":"[1:23:12.833 AM]: Connection[id: f830106e-757e-46ff-8985-546b38e17d35] - authentication successful using: SNOWFLAKE"}
{"level":"INFO","message":"[1:23:12.834 AM]: Trying to initialize Easy Logging"}
{"level":"INFO","message":"[1:23:12.843 AM]: No client config detected."}
{"level":"INFO","message":"[1:23:12.844 AM]: No config file path found. Client config will not be used."}
{"level":"INFO","message":"[1:23:12.844 AM]: Easy Logging is disabled as no config has been found"}
{"level":"INFO","message":"[1:23:12.846 AM]: Connection[id: f830106e-757e-46ff-8985-546b38e17d35] - connected successfully after 13.307199999981094 milliseconds"}
{"level":"INFO","message":"[1:23:16.118 AM]: Creating new connection object"}
{"level":"INFO","message":"[1:23:16.120 AM]: Creating Connection[id: 398fcfac-62ed-473e-8832-98d6db6f4ef0] with host: RMCVKYD-LK80402.snowflakecomputing.com, account: RMCVKYD-LK80402, accessUrl: https://RMCVKYD-LK80402.snowflakecomputing.com, user: TULIPRAAJ007, password is provided, role: undefined, database: ASSETERA, schema: PUBLIC, warehouse: COMPUTE_WH, region: undefined, authenticator: SNOWFLAKE, ocsp mode: FAIL_OPEN, os: win32, os version: 10.0.20348"}
{"level":"INFO","message":"[1:23:16.121 AM]: Connection[id: 398fcfac-62ed-473e-8832-98d6db6f4ef0] additional details: passcode in password is provided, passcode is not provided, private key is not provided, application: undefined, client name: snowflake-sdk, client version: 1.15.0, retry timeout: 300, private key path: undefined, private key pass is not provided, client store temporary credential: false, browser response timeout: 120000"}
{"level":"INFO","message":"[1:23:16.121 AM]: Connection[id: 398fcfac-62ed-473e-8832-98d6db6f4ef0] - connection object created successfully."}
{"level":"INFO","message":"[1:23:16.121 AM]: Connection[id: 398fcfac-62ed-473e-8832-98d6db6f4ef0] - connecting. Associated Snowflake domain: GLOBAL"}
{"level":"INFO","message":"[1:23:16.122 AM]: Connection[id: 398fcfac-62ed-473e-8832-98d6db6f4ef0] - authentication successful using: SNOWFLAKE"}
{"level":"INFO","message":"[1:23:16.123 AM]: Connection[id: 398fcfac-62ed-473e-8832-98d6db6f4ef0] - connected successfully after 1.2106999999959953 milliseconds"}
{"level":"INFO","message":"[1:23:22.934 AM]: Creating new connection object"}
{"level":"INFO","message":"[1:23:22.940 AM]: Creating Connection[id: e5cbdaef-58fa-4a67-b465-149d5436b75b] with host: RMCVKYD-LK80402.snowflakecomputing.com, account: RMCVKYD-LK80402, accessUrl: https://RMCVKYD-LK80402.snowflakecomputing.com, user: TULIPRAAJ007, password is provided, role: undefined, database: ASSETERA, schema: PUBLIC, warehouse: COMPUTE_WH, region: undefined, authenticator: SNOWFLAKE, ocsp mode: FAIL_OPEN, os: win32, os version: 10.0.20348"}
{"level":"INFO","message":"[1:23:22.940 AM]: Connection[id: e5cbdaef-58fa-4a67-b465-149d5436b75b] additional details: passcode in password is provided, passcode is not provided, private key is not provided, application: undefined, client name: snowflake-sdk, client version: 1.15.0, retry timeout: 300, private key path: undefined, private key pass is not provided, client store temporary credential: false, browser response timeout: 120000"}
{"level":"INFO","message":"[1:23:22.941 AM]: Connection[id: e5cbdaef-58fa-4a67-b465-149d5436b75b] - connection object created successfully."}
{"level":"INFO","message":"[1:23:22.942 AM]: Connection[id: e5cbdaef-58fa-4a67-b465-149d5436b75b] - connecting. Associated Snowflake domain: GLOBAL"}
{"level":"INFO","message":"[1:23:22.942 AM]: Connection[id: e5cbdaef-58fa-4a67-b465-149d5436b75b] - authentication successful using: SNOWFLAKE"}
{"level":"INFO","message":"[1:23:22.943 AM]: Trying to initialize Easy Logging"}
{"level":"INFO","message":"[1:23:22.946 AM]: No client config detected."}
{"level":"INFO","message":"[1:23:22.947 AM]: No config file path found. Client config will not be used."}
{"level":"INFO","message":"[1:23:22.947 AM]: Easy Logging is disabled as no config has been found"}
{"level":"INFO","message":"[1:23:22.949 AM]: Connection[id: e5cbdaef-58fa-4a67-b465-149d5436b75b] - connected successfully after 7.410700000007637 milliseconds"}
{"level":"INFO","message":"[1:23:23.479 AM]: Creating new connection object"}
{"level":"INFO","message":"[1:23:23.480 AM]: Creating Connection[id: 7b3a3551-497e-4a0a-bd25-a3279f7af55d] with host: RMCVKYD-LK80402.snowflakecomputing.com, account: RMCVKYD-LK80402, accessUrl: https://RMCVKYD-LK80402.snowflakecomputing.com, user: TULIPRAAJ007, password is provided, role: undefined, database: ASSETERA, schema: PUBLIC, warehouse: COMPUTE_WH, region: undefined, authenticator: SNOWFLAKE, ocsp mode: FAIL_OPEN, os: win32, os version: 10.0.20348"}
{"level":"INFO","message":"[1:23:23.481 AM]: Connection[id: 7b3a3551-497e-4a0a-bd25-a3279f7af55d] additional details: passcode in password is provided, passcode is not provided, private key is not provided, application: undefined, client name: snowflake-sdk, client version: 1.15.0, retry timeout: 300, private key path: undefined, private key pass is not provided, client store temporary credential: false, browser response timeout: 120000"}
{"level":"INFO","message":"[1:23:23.482 AM]: Connection[id: 7b3a3551-497e-4a0a-bd25-a3279f7af55d] - connection object created successfully."}
{"level":"INFO","message":"[1:23:23.482 AM]: Connection[id: 7b3a3551-497e-4a0a-bd25-a3279f7af55d] - connecting. Associated Snowflake domain: GLOBAL"}
{"level":"INFO","message":"[1:23:23.483 AM]: Connection[id: 7b3a3551-497e-4a0a-bd25-a3279f7af55d] - authentication successful using: SNOWFLAKE"}
{"level":"INFO","message":"[1:23:23.484 AM]: Connection[id: 7b3a3551-497e-4a0a-bd25-a3279f7af55d] - connected successfully after 1.6280999999726191 milliseconds"}
{"level":"INFO","message":"[1:24:12.135 AM]: Creating new connection object"}
{"level":"INFO","message":"[1:24:12.148 AM]: Creating Connection[id: dff00cd3-c5a2-4d34-bb69-74e298a9505f] with host: RMCVKYD-LK80402.snowflakecomputing.com, account: RMCVKYD-LK80402, accessUrl: https://RMCVKYD-LK80402.snowflakecomputing.com, user: TULIPRAAJ007, password is provided, role: undefined, database: ASSETERA, schema: PUBLIC, warehouse: COMPUTE_WH, region: undefined, authenticator: SNOWFLAKE, ocsp mode: FAIL_OPEN, os: win32, os version: 10.0.20348"}
{"level":"INFO","message":"[1:24:12.151 AM]: Connection[id: dff00cd3-c5a2-4d34-bb69-74e298a9505f] additional details: passcode in password is provided, passcode is not provided, private key is not provided, application: undefined, client name: snowflake-sdk, client version: 1.15.0, retry timeout: 300, private key path: undefined, private key pass is not provided, client store temporary credential: false, browser response timeout: 120000"}
{"level":"INFO","message":"[1:24:12.153 AM]: Connection[id: dff00cd3-c5a2-4d34-bb69-74e298a9505f] - connection object created successfully."}
{"level":"INFO","message":"[1:24:12.154 AM]: Connection[id: dff00cd3-c5a2-4d34-bb69-74e298a9505f] - connecting. Associated Snowflake domain: GLOBAL"}
{"level":"INFO","message":"[1:24:12.155 AM]: Connection[id: dff00cd3-c5a2-4d34-bb69-74e298a9505f] - authentication successful using: SNOWFLAKE"}
{"level":"INFO","message":"[1:24:12.156 AM]: Trying to initialize Easy Logging"}
{"level":"INFO","message":"[1:24:12.158 AM]: No client config detected."}
{"level":"INFO","message":"[1:24:12.159 AM]: No config file path found. Client config will not be used."}
{"level":"INFO","message":"[1:24:12.159 AM]: Easy Logging is disabled as no config has been found"}
{"level":"INFO","message":"[1:24:12.161 AM]: Connection[id: dff00cd3-c5a2-4d34-bb69-74e298a9505f] - connected successfully after 6.556700000015553 milliseconds"}
{"level":"INFO","message":"[1:24:12.833 AM]: Creating new connection object"}
{"level":"INFO","message":"[1:24:12.835 AM]: Creating Connection[id: 4c08b1b4-06f9-4af7-9729-40cea90302f4] with host: RMCVKYD-LK80402.snowflakecomputing.com, account: RMCVKYD-LK80402, accessUrl: https://RMCVKYD-LK80402.snowflakecomputing.com, user: TULIPRAAJ007, password is provided, role: undefined, database: ASSETERA, schema: PUBLIC, warehouse: COMPUTE_WH, region: undefined, authenticator: SNOWFLAKE, ocsp mode: FAIL_OPEN, os: win32, os version: 10.0.20348"}
{"level":"INFO","message":"[1:24:12.836 AM]: Connection[id: 4c08b1b4-06f9-4af7-9729-40cea90302f4] additional details: passcode in password is provided, passcode is not provided, private key is not provided, application: undefined, client name: snowflake-sdk, client version: 1.15.0, retry timeout: 300, private key path: undefined, private key pass is not provided, client store temporary credential: false, browser response timeout: 120000"}
{"level":"INFO","message":"[1:24:12.836 AM]: Connection[id: 4c08b1b4-06f9-4af7-9729-40cea90302f4] - connection object created successfully."}
{"level":"INFO","message":"[1:24:12.837 AM]: Connection[id: 4c08b1b4-06f9-4af7-9729-40cea90302f4] - connecting. Associated Snowflake domain: GLOBAL"}
{"level":"INFO","message":"[1:24:12.837 AM]: Connection[id: 4c08b1b4-06f9-4af7-9729-40cea90302f4] - authentication successful using: SNOWFLAKE"}
{"level":"INFO","message":"[1:24:12.838 AM]: Connection[id: 4c08b1b4-06f9-4af7-9729-40cea90302f4] - connected successfully after 1.701100000005681 milliseconds"}
{"level":"INFO","message":"[1:24:13.996 AM]: Creating new connection object"}
{"level":"INFO","message":"[1:24:13.999 AM]: Creating Connection[id: a818d9be-0d46-459c-8910-47f367bb0738] with host: RMCVKYD-LK80402.snowflakecomputing.com, account: RMCVKYD-LK80402, accessUrl: https://RMCVKYD-LK80402.snowflakecomputing.com, user: TULIPRAAJ007, password is provided, role: undefined, database: ASSETERA, schema: PUBLIC, warehouse: COMPUTE_WH, region: undefined, authenticator: SNOWFLAKE, ocsp mode: FAIL_OPEN, os: win32, os version: 10.0.20348"}
{"level":"INFO","message":"[1:24:14.000 AM]: Connection[id: a818d9be-0d46-459c-8910-47f367bb0738] additional details: passcode in password is provided, passcode is not provided, private key is not provided, application: undefined, client name: snowflake-sdk, client version: 1.15.0, retry timeout: 300, private key path: undefined, private key pass is not provided, client store temporary credential: false, browser response timeout: 120000"}
{"level":"INFO","message":"[1:24:14.001 AM]: Connection[id: a818d9be-0d46-459c-8910-47f367bb0738] - connection object created successfully."}
{"level":"INFO","message":"[1:24:14.002 AM]: Connection[id: a818d9be-0d46-459c-8910-47f367bb0738] - connecting. Associated Snowflake domain: GLOBAL"}
{"level":"INFO","message":"[1:24:14.003 AM]: Connection[id: a818d9be-0d46-459c-8910-47f367bb0738] - authentication successful using: SNOWFLAKE"}
{"level":"INFO","message":"[1:24:14.006 AM]: Connection[id: a818d9be-0d46-459c-8910-47f367bb0738] - connected successfully after 3.9439000000129454 milliseconds"}
{"level":"INFO","message":"[1:24:25.354 AM]: Creating new connection object"}
{"level":"INFO","message":"[1:24:25.357 AM]: Creating Connection[id: 09afd9ac-3c52-428c-8ee7-bccf5e29b8f9] with host: RMCVKYD-LK80402.snowflakecomputing.com, account: RMCVKYD-LK80402, accessUrl: https://RMCVKYD-LK80402.snowflakecomputing.com, user: TULIPRAAJ007, password is provided, role: undefined, database: ASSETERA, schema: PUBLIC, warehouse: COMPUTE_WH, region: undefined, authenticator: SNOWFLAKE, ocsp mode: FAIL_OPEN, os: win32, os version: 10.0.20348"}
{"level":"INFO","message":"[1:24:25.358 AM]: Connection[id: 09afd9ac-3c52-428c-8ee7-bccf5e29b8f9] additional details: passcode in password is provided, passcode is not provided, private key is not provided, application: undefined, client name: snowflake-sdk, client version: 1.15.0, retry timeout: 300, private key path: undefined, private key pass is not provided, client store temporary credential: false, browser response timeout: 120000"}
{"level":"INFO","message":"[1:24:25.359 AM]: Connection[id: 09afd9ac-3c52-428c-8ee7-bccf5e29b8f9] - connection object created successfully."}
{"level":"INFO","message":"[1:24:25.359 AM]: Connection[id: 09afd9ac-3c52-428c-8ee7-bccf5e29b8f9] - connecting. Associated Snowflake domain: GLOBAL"}
{"level":"INFO","message":"[1:24:25.360 AM]: Connection[id: 09afd9ac-3c52-428c-8ee7-bccf5e29b8f9] - authentication successful using: SNOWFLAKE"}
{"level":"INFO","message":"[1:24:25.361 AM]: Connection[id: 09afd9ac-3c52-428c-8ee7-bccf5e29b8f9] - connected successfully after 1.708600000012666 milliseconds"}
{"level":"INFO","message":"[1:24:25.697 AM]: Creating new connection object"}
{"level":"INFO","message":"[1:24:25.699 AM]: Creating Connection[id: e027ed43-4bd1-4b9e-83b2-a54adbaddef2] with host: RMCVKYD-LK80402.snowflakecomputing.com, account: RMCVKYD-LK80402, accessUrl: https://RMCVKYD-LK80402.snowflakecomputing.com, user: TULIPRAAJ007, password is provided, role: undefined, database: ASSETERA, schema: PUBLIC, warehouse: COMPUTE_WH, region: undefined, authenticator: SNOWFLAKE, ocsp mode: FAIL_OPEN, os: win32, os version: 10.0.20348"}
{"level":"INFO","message":"[1:24:25.699 AM]: Connection[id: e027ed43-4bd1-4b9e-83b2-a54adbaddef2] additional details: passcode in password is provided, passcode is not provided, private key is not provided, application: undefined, client name: snowflake-sdk, client version: 1.15.0, retry timeout: 300, private key path: undefined, private key pass is not provided, client store temporary credential: false, browser response timeout: 120000"}
{"level":"INFO","message":"[1:24:25.700 AM]: Connection[id: e027ed43-4bd1-4b9e-83b2-a54adbaddef2] - connection object created successfully."}
{"level":"INFO","message":"[1:24:25.700 AM]: Connection[id: e027ed43-4bd1-4b9e-83b2-a54adbaddef2] - connecting. Associated Snowflake domain: GLOBAL"}
{"level":"INFO","message":"[1:24:25.701 AM]: Connection[id: e027ed43-4bd1-4b9e-83b2-a54adbaddef2] - authentication successful using: SNOWFLAKE"}
{"level":"INFO","message":"[1:24:25.702 AM]: Connection[id: e027ed43-4bd1-4b9e-83b2-a54adbaddef2] - connected successfully after 2.108799999987241 milliseconds"}
{"level":"INFO","message":"[1:24:54.962 AM]: Creating new connection object"}
{"level":"INFO","message":"[1:24:54.964 AM]: Creating Connection[id: a84ac0f5-c907-44bc-850e-3647bb0e9160] with host: RMCVKYD-LK80402.snowflakecomputing.com, account: RMCVKYD-LK80402, accessUrl: https://RMCVKYD-LK80402.snowflakecomputing.com, user: TULIPRAAJ007, password is provided, role: undefined, database: ASSETERA, schema: PUBLIC, warehouse: COMPUTE_WH, region: undefined, authenticator: SNOWFLAKE, ocsp mode: FAIL_OPEN, os: win32, os version: 10.0.20348"}
{"level":"INFO","message":"[1:24:54.966 AM]: Connection[id: a84ac0f5-c907-44bc-850e-3647bb0e9160] additional details: passcode in password is provided, passcode is not provided, private key is not provided, application: undefined, client name: snowflake-sdk, client version: 1.15.0, retry timeout: 300, private key path: undefined, private key pass is not provided, client store temporary credential: false, browser response timeout: 120000"}
{"level":"INFO","message":"[1:24:54.967 AM]: Connection[id: a84ac0f5-c907-44bc-850e-3647bb0e9160] - connection object created successfully."}
{"level":"INFO","message":"[1:24:54.967 AM]: Connection[id: a84ac0f5-c907-44bc-850e-3647bb0e9160] - connecting. Associated Snowflake domain: GLOBAL"}
{"level":"INFO","message":"[1:24:54.968 AM]: Connection[id: a84ac0f5-c907-44bc-850e-3647bb0e9160] - authentication successful using: SNOWFLAKE"}
{"level":"INFO","message":"[1:24:54.969 AM]: Connection[id: a84ac0f5-c907-44bc-850e-3647bb0e9160] - connected successfully after 1.4250999999931082 milliseconds"}
{"level":"INFO","message":"[1:24:55.450 AM]: Creating new connection object"}
{"level":"INFO","message":"[1:24:55.452 AM]: Creating Connection[id: c4cc43d4-4b3f-4e06-b35c-a02e234eae8e] with host: RMCVKYD-LK80402.snowflakecomputing.com, account: RMCVKYD-LK80402, accessUrl: https://RMCVKYD-LK80402.snowflakecomputing.com, user: TULIPRAAJ007, password is provided, role: undefined, database: ASSETERA, schema: PUBLIC, warehouse: COMPUTE_WH, region: undefined, authenticator: SNOWFLAKE, ocsp mode: FAIL_OPEN, os: win32, os version: 10.0.20348"}
{"level":"INFO","message":"[1:24:55.453 AM]: Connection[id: c4cc43d4-4b3f-4e06-b35c-a02e234eae8e] additional details: passcode in password is provided, passcode is not provided, private key is not provided, application: undefined, client name: snowflake-sdk, client version: 1.15.0, retry timeout: 300, private key path: undefined, private key pass is not provided, client store temporary credential: false, browser response timeout: 120000"}
{"level":"INFO","message":"[1:24:55.454 AM]: Connection[id: c4cc43d4-4b3f-4e06-b35c-a02e234eae8e] - connection object created successfully."}
{"level":"INFO","message":"[1:24:55.454 AM]: Connection[id: c4cc43d4-4b3f-4e06-b35c-a02e234eae8e] - connecting. Associated Snowflake domain: GLOBAL"}
{"level":"INFO","message":"[1:24:55.455 AM]: Connection[id: c4cc43d4-4b3f-4e06-b35c-a02e234eae8e] - authentication successful using: SNOWFLAKE"}
{"level":"INFO","message":"[1:24:55.456 AM]: Connection[id: c4cc43d4-4b3f-4e06-b35c-a02e234eae8e] - connected successfully after 2.025099999969825 milliseconds"}
{"level":"INFO","message":"[1:24:57.078 AM]: Creating new connection object"}
{"level":"INFO","message":"[1:24:57.080 AM]: Creating Connection[id: 49ab88e6-2761-4fdd-92dd-a5c64379e52b] with host: RMCVKYD-LK80402.snowflakecomputing.com, account: RMCVKYD-LK80402, accessUrl: https://RMCVKYD-LK80402.snowflakecomputing.com, user: TULIPRAAJ007, password is provided, role: undefined, database: ASSETERA, schema: PUBLIC, warehouse: COMPUTE_WH, region: undefined, authenticator: SNOWFLAKE, ocsp mode: FAIL_OPEN, os: win32, os version: 10.0.20348"}
{"level":"INFO","message":"[1:24:57.081 AM]: Connection[id: 49ab88e6-2761-4fdd-92dd-a5c64379e52b] additional details: passcode in password is provided, passcode is not provided, private key is not provided, application: undefined, client name: snowflake-sdk, client version: 1.15.0, retry timeout: 300, private key path: undefined, private key pass is not provided, client store temporary credential: false, browser response timeout: 120000"}
{"level":"INFO","message":"[1:24:57.081 AM]: Connection[id: 49ab88e6-2761-4fdd-92dd-a5c64379e52b] - connection object created successfully."}
{"level":"INFO","message":"[1:24:57.081 AM]: Connection[id: 49ab88e6-2761-4fdd-92dd-a5c64379e52b] - connecting. Associated Snowflake domain: GLOBAL"}
{"level":"INFO","message":"[1:24:57.082 AM]: Connection[id: 49ab88e6-2761-4fdd-92dd-a5c64379e52b] - authentication successful using: SNOWFLAKE"}
{"level":"INFO","message":"[1:24:57.084 AM]: Connection[id: 49ab88e6-2761-4fdd-92dd-a5c64379e52b] - connected successfully after 2.0165999999735504 milliseconds"}
{"level":"INFO","message":"[1:25:05.958 AM]: Creating new connection object"}
{"level":"INFO","message":"[1:25:05.962 AM]: Creating Connection[id: 899c87ac-09c5-444a-8be4-b6770f952410] with host: RMCVKYD-LK80402.snowflakecomputing.com, account: RMCVKYD-LK80402, accessUrl: https://RMCVKYD-LK80402.snowflakecomputing.com, user: TULIPRAAJ007, password is provided, role: undefined, database: ASSETERA, schema: PUBLIC, warehouse: COMPUTE_WH, region: undefined, authenticator: SNOWFLAKE, ocsp mode: FAIL_OPEN, os: win32, os version: 10.0.20348"}
{"level":"INFO","message":"[1:25:05.965 AM]: Connection[id: 899c87ac-09c5-444a-8be4-b6770f952410] additional details: passcode in password is provided, passcode is not provided, private key is not provided, application: undefined, client name: snowflake-sdk, client version: 1.15.0, retry timeout: 300, private key path: undefined, private key pass is not provided, client store temporary credential: false, browser response timeout: 120000"}
{"level":"INFO","message":"[1:25:05.968 AM]: Connection[id: 899c87ac-09c5-444a-8be4-b6770f952410] - connection object created successfully."}
{"level":"INFO","message":"[1:25:05.970 AM]: Connection[id: 899c87ac-09c5-444a-8be4-b6770f952410] - connecting. Associated Snowflake domain: GLOBAL"}
{"level":"INFO","message":"[1:25:05.974 AM]: Connection[id: 899c87ac-09c5-444a-8be4-b6770f952410] - authentication successful using: SNOWFLAKE"}
{"level":"INFO","message":"[1:25:05.997 AM]: Connection[id: 899c87ac-09c5-444a-8be4-b6770f952410] - connected successfully after 27.445400000025984 milliseconds"}
{"level":"INFO","message":"[1:25:06.358 AM]: Creating new connection object"}
{"level":"INFO","message":"[1:25:06.359 AM]: Creating Connection[id: 28336d0a-cb13-4640-bbe2-749d613997b3] with host: RMCVKYD-LK80402.snowflakecomputing.com, account: RMCVKYD-LK80402, accessUrl: https://RMCVKYD-LK80402.snowflakecomputing.com, user: TULIPRAAJ007, password is provided, role: undefined, database: ASSETERA, schema: PUBLIC, warehouse: COMPUTE_WH, region: undefined, authenticator: SNOWFLAKE, ocsp mode: FAIL_OPEN, os: win32, os version: 10.0.20348"}
{"level":"INFO","message":"[1:25:06.360 AM]: Connection[id: 28336d0a-cb13-4640-bbe2-749d613997b3] additional details: passcode in password is provided, passcode is not provided, private key is not provided, application: undefined, client name: snowflake-sdk, client version: 1.15.0, retry timeout: 300, private key path: undefined, private key pass is not provided, client store temporary credential: false, browser response timeout: 120000"}
{"level":"INFO","message":"[1:25:06.361 AM]: Connection[id: 28336d0a-cb13-4640-bbe2-749d613997b3] - connection object created successfully."}
{"level":"INFO","message":"[1:25:06.361 AM]: Connection[id: 28336d0a-cb13-4640-bbe2-749d613997b3] - connecting. Associated Snowflake domain: GLOBAL"}
{"level":"INFO","message":"[1:25:06.362 AM]: Connection[id: 28336d0a-cb13-4640-bbe2-749d613997b3] - authentication successful using: SNOWFLAKE"}
{"level":"INFO","message":"[1:25:06.363 AM]: Connection[id: 28336d0a-cb13-4640-bbe2-749d613997b3] - connected successfully after 1.4886999999871477 milliseconds"}
{"level":"INFO","message":"[1:25:44.214 AM]: Creating new connection object"}
{"level":"INFO","message":"[1:25:44.216 AM]: Creating Connection[id: 89694a68-38e1-4640-bc6f-00c903178975] with host: RMCVKYD-LK80402.snowflakecomputing.com, account: RMCVKYD-LK80402, accessUrl: https://RMCVKYD-LK80402.snowflakecomputing.com, user: TULIPRAAJ007, password is provided, role: undefined, database: ASSETERA, schema: PUBLIC, warehouse: COMPUTE_WH, region: undefined, authenticator: SNOWFLAKE, ocsp mode: FAIL_OPEN, os: win32, os version: 10.0.20348"}
{"level":"INFO","message":"[1:25:44.217 AM]: Connection[id: 89694a68-38e1-4640-bc6f-00c903178975] additional details: passcode in password is provided, passcode is not provided, private key is not provided, application: undefined, client name: snowflake-sdk, client version: 1.15.0, retry timeout: 300, private key path: undefined, private key pass is not provided, client store temporary credential: false, browser response timeout: 120000"}
{"level":"INFO","message":"[1:25:44.217 AM]: Connection[id: 89694a68-38e1-4640-bc6f-00c903178975] - connection object created successfully."}
{"level":"INFO","message":"[1:25:44.218 AM]: Connection[id: 89694a68-38e1-4640-bc6f-00c903178975] - connecting. Associated Snowflake domain: GLOBAL"}
{"level":"INFO","message":"[1:25:44.218 AM]: Connection[id: 89694a68-38e1-4640-bc6f-00c903178975] - authentication successful using: SNOWFLAKE"}
{"level":"INFO","message":"[1:25:44.220 AM]: Connection[id: 89694a68-38e1-4640-bc6f-00c903178975] - connected successfully after 1.8476999999838881 milliseconds"}
{"level":"INFO","message":"[1:25:44.571 AM]: Creating new connection object"}
{"level":"INFO","message":"[1:25:44.572 AM]: Creating Connection[id: 711e8a2e-a080-4be0-9871-8fbebbe722d6] with host: RMCVKYD-LK80402.snowflakecomputing.com, account: RMCVKYD-LK80402, accessUrl: https://RMCVKYD-LK80402.snowflakecomputing.com, user: TULIPRAAJ007, password is provided, role: undefined, database: ASSETERA, schema: PUBLIC, warehouse: COMPUTE_WH, region: undefined, authenticator: SNOWFLAKE, ocsp mode: FAIL_OPEN, os: win32, os version: 10.0.20348"}
{"level":"INFO","message":"[1:25:44.573 AM]: Connection[id: 711e8a2e-a080-4be0-9871-8fbebbe722d6] additional details: passcode in password is provided, passcode is not provided, private key is not provided, application: undefined, client name: snowflake-sdk, client version: 1.15.0, retry timeout: 300, private key path: undefined, private key pass is not provided, client store temporary credential: false, browser response timeout: 120000"}
{"level":"INFO","message":"[1:25:44.573 AM]: Connection[id: 711e8a2e-a080-4be0-9871-8fbebbe722d6] - connection object created successfully."}
{"level":"INFO","message":"[1:25:44.574 AM]: Connection[id: 711e8a2e-a080-4be0-9871-8fbebbe722d6] - connecting. Associated Snowflake domain: GLOBAL"}
{"level":"INFO","message":"[1:25:44.574 AM]: Connection[id: 711e8a2e-a080-4be0-9871-8fbebbe722d6] - authentication successful using: SNOWFLAKE"}
{"level":"INFO","message":"[1:25:44.575 AM]: Connection[id: 711e8a2e-a080-4be0-9871-8fbebbe722d6] - connected successfully after 1.787899999995716 milliseconds"}
{"level":"INFO","message":"[1:29:39.496 AM]: Creating new connection object"}
{"level":"INFO","message":"[1:29:39.506 AM]: Creating Connection[id: 649e5fd0-bc8d-4eab-8e28-22009377dce2] with host: RMCVKYD-LK80402.snowflakecomputing.com, account: RMCVKYD-LK80402, accessUrl: https://RMCVKYD-LK80402.snowflakecomputing.com, user: TULIPRAAJ007, password is provided, role: undefined, database: ASSETERA, schema: PUBLIC, warehouse: COMPUTE_WH, region: undefined, authenticator: SNOWFLAKE, ocsp mode: FAIL_OPEN, os: win32, os version: 10.0.20348"}
{"level":"INFO","message":"[1:29:39.507 AM]: Connection[id: 649e5fd0-bc8d-4eab-8e28-22009377dce2] additional details: passcode in password is provided, passcode is not provided, private key is not provided, application: undefined, client name: snowflake-sdk, client version: 1.15.0, retry timeout: 300, private key path: undefined, private key pass is not provided, client store temporary credential: false, browser response timeout: 120000"}
{"level":"INFO","message":"[1:29:39.508 AM]: Connection[id: 649e5fd0-bc8d-4eab-8e28-22009377dce2] - connection object created successfully."}
{"level":"INFO","message":"[1:29:39.509 AM]: Connection[id: 649e5fd0-bc8d-4eab-8e28-22009377dce2] - connecting. Associated Snowflake domain: GLOBAL"}
{"level":"INFO","message":"[1:29:39.510 AM]: Connection[id: 649e5fd0-bc8d-4eab-8e28-22009377dce2] - authentication successful using: SNOWFLAKE"}
{"level":"INFO","message":"[1:29:39.514 AM]: Trying to initialize Easy Logging"}
{"level":"INFO","message":"[1:29:39.530 AM]: No client config detected."}
{"level":"INFO","message":"[1:29:39.531 AM]: No config file path found. Client config will not be used."}
{"level":"INFO","message":"[1:29:39.532 AM]: Easy Logging is disabled as no config has been found"}
{"level":"INFO","message":"[1:29:39.535 AM]: Connection[id: 649e5fd0-bc8d-4eab-8e28-22009377dce2] - connected successfully after 26.299800000037067 milliseconds"}
{"level":"INFO","message":"[1:29:40.100 AM]: Creating new connection object"}
{"level":"INFO","message":"[1:29:40.102 AM]: Creating Connection[id: 84b966b9-5941-46c2-981b-80f2f44f0624] with host: RMCVKYD-LK80402.snowflakecomputing.com, account: RMCVKYD-LK80402, accessUrl: https://RMCVKYD-LK80402.snowflakecomputing.com, user: TULIPRAAJ007, password is provided, role: undefined, database: ASSETERA, schema: PUBLIC, warehouse: COMPUTE_WH, region: undefined, authenticator: SNOWFLAKE, ocsp mode: FAIL_OPEN, os: win32, os version: 10.0.20348"}
{"level":"INFO","message":"[1:29:40.102 AM]: Connection[id: 84b966b9-5941-46c2-981b-80f2f44f0624] additional details: passcode in password is provided, passcode is not provided, private key is not provided, application: undefined, client name: snowflake-sdk, client version: 1.15.0, retry timeout: 300, private key path: undefined, private key pass is not provided, client store temporary credential: false, browser response timeout: 120000"}
{"level":"INFO","message":"[1:29:40.104 AM]: Connection[id: 84b966b9-5941-46c2-981b-80f2f44f0624] - connection object created successfully."}
{"level":"INFO","message":"[1:29:40.104 AM]: Connection[id: 84b966b9-5941-46c2-981b-80f2f44f0624] - connecting. Associated Snowflake domain: GLOBAL"}
{"level":"INFO","message":"[1:29:40.104 AM]: Connection[id: 84b966b9-5941-46c2-981b-80f2f44f0624] - authentication successful using: SNOWFLAKE"}
{"level":"INFO","message":"[1:29:40.105 AM]: Connection[id: 84b966b9-5941-46c2-981b-80f2f44f0624] - connected successfully after 1.2828999999910593 milliseconds"}
{"level":"INFO","message":"[1:29:43.401 AM]: Creating new connection object"}
{"level":"INFO","message":"[1:29:43.403 AM]: Creating Connection[id: 54892db3-6251-446f-ba42-0e6519102b75] with host: RMCVKYD-LK80402.snowflakecomputing.com, account: RMCVKYD-LK80402, accessUrl: https://RMCVKYD-LK80402.snowflakecomputing.com, user: TULIPRAAJ007, password is provided, role: undefined, database: ASSETERA, schema: PUBLIC, warehouse: COMPUTE_WH, region: undefined, authenticator: SNOWFLAKE, ocsp mode: FAIL_OPEN, os: win32, os version: 10.0.20348"}
{"level":"INFO","message":"[1:29:43.405 AM]: Connection[id: 54892db3-6251-446f-ba42-0e6519102b75] additional details: passcode in password is provided, passcode is not provided, private key is not provided, application: undefined, client name: snowflake-sdk, client version: 1.15.0, retry timeout: 300, private key path: undefined, private key pass is not provided, client store temporary credential: false, browser response timeout: 120000"}
{"level":"INFO","message":"[1:29:43.406 AM]: Connection[id: 54892db3-6251-446f-ba42-0e6519102b75] - connection object created successfully."}
{"level":"INFO","message":"[1:29:43.407 AM]: Connection[id: 54892db3-6251-446f-ba42-0e6519102b75] - connecting. Associated Snowflake domain: GLOBAL"}
{"level":"INFO","message":"[1:29:43.408 AM]: Connection[id: 54892db3-6251-446f-ba42-0e6519102b75] - authentication successful using: SNOWFLAKE"}
{"level":"INFO","message":"[1:29:43.410 AM]: Connection[id: 54892db3-6251-446f-ba42-0e6519102b75] - connected successfully after 2.2317999999504536 milliseconds"}
{"level":"INFO","message":"[1:29:43.712 AM]: Creating new connection object"}
{"level":"INFO","message":"[1:29:43.721 AM]: Creating Connection[id: dca43e55-a13f-4f46-bf38-244feba71ca8] with host: RMCVKYD-LK80402.snowflakecomputing.com, account: RMCVKYD-LK80402, accessUrl: https://RMCVKYD-LK80402.snowflakecomputing.com, user: TULIPRAAJ007, password is provided, role: undefined, database: ASSETERA, schema: PUBLIC, warehouse: COMPUTE_WH, region: undefined, authenticator: SNOWFLAKE, ocsp mode: FAIL_OPEN, os: win32, os version: 10.0.20348"}
{"level":"INFO","message":"[1:29:43.722 AM]: Connection[id: dca43e55-a13f-4f46-bf38-244feba71ca8] additional details: passcode in password is provided, passcode is not provided, private key is not provided, application: undefined, client name: snowflake-sdk, client version: 1.15.0, retry timeout: 300, private key path: undefined, private key pass is not provided, client store temporary credential: false, browser response timeout: 120000"}
{"level":"INFO","message":"[1:29:43.722 AM]: Connection[id: dca43e55-a13f-4f46-bf38-244feba71ca8] - connection object created successfully."}
{"level":"INFO","message":"[1:29:43.723 AM]: Connection[id: dca43e55-a13f-4f46-bf38-244feba71ca8] - connecting. Associated Snowflake domain: GLOBAL"}
{"level":"INFO","message":"[1:29:43.723 AM]: Connection[id: dca43e55-a13f-4f46-bf38-244feba71ca8] - authentication successful using: SNOWFLAKE"}
{"level":"INFO","message":"[1:29:43.725 AM]: Connection[id: dca43e55-a13f-4f46-bf38-244feba71ca8] - connected successfully after 1.8317999999271706 milliseconds"}
{"level":"INFO","message":"[1:30:32.831 AM]: Creating new connection object"}
{"level":"INFO","message":"[1:30:32.834 AM]: Creating Connection[id: f988b126-52d4-4053-b13f-ce99c191a13a] with host: RMCVKYD-LK80402.snowflakecomputing.com, account: RMCVKYD-LK80402, accessUrl: https://RMCVKYD-LK80402.snowflakecomputing.com, user: TULIPRAAJ007, password is provided, role: undefined, database: ASSETERA, schema: PUBLIC, warehouse: COMPUTE_WH, region: undefined, authenticator: SNOWFLAKE, ocsp mode: FAIL_OPEN, os: win32, os version: 10.0.20348"}
{"level":"INFO","message":"[1:30:32.834 AM]: Connection[id: f988b126-52d4-4053-b13f-ce99c191a13a] additional details: passcode in password is provided, passcode is not provided, private key is not provided, application: undefined, client name: snowflake-sdk, client version: 1.15.0, retry timeout: 300, private key path: undefined, private key pass is not provided, client store temporary credential: false, browser response timeout: 120000"}
{"level":"INFO","message":"[1:30:32.835 AM]: Connection[id: f988b126-52d4-4053-b13f-ce99c191a13a] - connection object created successfully."}
{"level":"INFO","message":"[1:30:32.835 AM]: Connection[id: f988b126-52d4-4053-b13f-ce99c191a13a] - connecting. Associated Snowflake domain: GLOBAL"}
{"level":"INFO","message":"[1:30:32.836 AM]: Connection[id: f988b126-52d4-4053-b13f-ce99c191a13a] - authentication successful using: SNOWFLAKE"}
{"level":"INFO","message":"[1:30:32.839 AM]: Connection[id: f988b126-52d4-4053-b13f-ce99c191a13a] - connected successfully after 4.003400000045076 milliseconds"}
{"level":"INFO","message":"[1:30:33.386 AM]: Creating new connection object"}
{"level":"INFO","message":"[1:30:33.395 AM]: Creating Connection[id: 5bdac136-721f-4b73-9eae-d8009688e34e] with host: RMCVKYD-LK80402.snowflakecomputing.com, account: RMCVKYD-LK80402, accessUrl: https://RMCVKYD-LK80402.snowflakecomputing.com, user: TULIPRAAJ007, password is provided, role: undefined, database: ASSETERA, schema: PUBLIC, warehouse: COMPUTE_WH, region: undefined, authenticator: SNOWFLAKE, ocsp mode: FAIL_OPEN, os: win32, os version: 10.0.20348"}
{"level":"INFO","message":"[1:30:33.396 AM]: Connection[id: 5bdac136-721f-4b73-9eae-d8009688e34e] additional details: passcode in password is provided, passcode is not provided, private key is not provided, application: undefined, client name: snowflake-sdk, client version: 1.15.0, retry timeout: 300, private key path: undefined, private key pass is not provided, client store temporary credential: false, browser response timeout: 120000"}
{"level":"INFO","message":"[1:30:33.397 AM]: Connection[id: 5bdac136-721f-4b73-9eae-d8009688e34e] - connection object created successfully."}
{"level":"INFO","message":"[1:30:33.397 AM]: Connection[id: 5bdac136-721f-4b73-9eae-d8009688e34e] - connecting. Associated Snowflake domain: GLOBAL"}
{"level":"INFO","message":"[1:30:33.398 AM]: Connection[id: 5bdac136-721f-4b73-9eae-d8009688e34e] - authentication successful using: SNOWFLAKE"}
{"level":"INFO","message":"[1:30:33.399 AM]: Connection[id: 5bdac136-721f-4b73-9eae-d8009688e34e] - connected successfully after 1.7953999999444932 milliseconds"}
{"level":"INFO","message":"[1:33:36.475 AM]: Creating new connection object"}
{"level":"INFO","message":"[1:33:36.477 AM]: Creating Connection[id: 843b3f9b-e5f0-4425-b8a3-5dabca31cf4f] with host: RMCVKYD-LK80402.snowflakecomputing.com, account: RMCVKYD-LK80402, accessUrl: https://RMCVKYD-LK80402.snowflakecomputing.com, user: TULIPRAAJ007, password is provided, role: undefined, database: ASSETERA, schema: PUBLIC, warehouse: COMPUTE_WH, region: undefined, authenticator: SNOWFLAKE, ocsp mode: FAIL_OPEN, os: win32, os version: 10.0.20348"}
{"level":"INFO","message":"[1:33:36.477 AM]: Connection[id: 843b3f9b-e5f0-4425-b8a3-5dabca31cf4f] additional details: passcode in password is provided, passcode is not provided, private key is not provided, application: undefined, client name: snowflake-sdk, client version: 1.15.0, retry timeout: 300, private key path: undefined, private key pass is not provided, client store temporary credential: false, browser response timeout: 120000"}
{"level":"INFO","message":"[1:33:36.478 AM]: Connection[id: 843b3f9b-e5f0-4425-b8a3-5dabca31cf4f] - connection object created successfully."}
{"level":"INFO","message":"[1:33:36.478 AM]: Connection[id: 843b3f9b-e5f0-4425-b8a3-5dabca31cf4f] - connecting. Associated Snowflake domain: GLOBAL"}
{"level":"INFO","message":"[1:33:36.479 AM]: Connection[id: 843b3f9b-e5f0-4425-b8a3-5dabca31cf4f] - authentication successful using: SNOWFLAKE"}
{"level":"INFO","message":"[1:33:36.480 AM]: Connection[id: 843b3f9b-e5f0-4425-b8a3-5dabca31cf4f] - connected successfully after 2.0093000000342727 milliseconds"}
{"level":"INFO","message":"[1:33:37.225 AM]: Creating new connection object"}
{"level":"INFO","message":"[1:33:37.226 AM]: Creating Connection[id: fd1ccda7-7b23-4396-89e0-479673dfdb02] with host: RMCVKYD-LK80402.snowflakecomputing.com, account: RMCVKYD-LK80402, accessUrl: https://RMCVKYD-LK80402.snowflakecomputing.com, user: TULIPRAAJ007, password is provided, role: undefined, database: ASSETERA, schema: PUBLIC, warehouse: COMPUTE_WH, region: undefined, authenticator: SNOWFLAKE, ocsp mode: FAIL_OPEN, os: win32, os version: 10.0.20348"}
{"level":"INFO","message":"[1:33:37.227 AM]: Connection[id: fd1ccda7-7b23-4396-89e0-479673dfdb02] additional details: passcode in password is provided, passcode is not provided, private key is not provided, application: undefined, client name: snowflake-sdk, client version: 1.15.0, retry timeout: 300, private key path: undefined, private key pass is not provided, client store temporary credential: false, browser response timeout: 120000"}
{"level":"INFO","message":"[1:33:37.228 AM]: Connection[id: fd1ccda7-7b23-4396-89e0-479673dfdb02] - connection object created successfully."}
{"level":"INFO","message":"[1:33:37.229 AM]: Connection[id: fd1ccda7-7b23-4396-89e0-479673dfdb02] - connecting. Associated Snowflake domain: GLOBAL"}
{"level":"INFO","message":"[1:33:37.229 AM]: Connection[id: fd1ccda7-7b23-4396-89e0-479673dfdb02] - authentication successful using: SNOWFLAKE"}
{"level":"INFO","message":"[1:33:37.230 AM]: Connection[id: fd1ccda7-7b23-4396-89e0-479673dfdb02] - connected successfully after 1.7347000000299886 milliseconds"}
